text,label,MarBERT
اللهم انتقم منو أشد انتقام #عباس_الزفر_خرب_الزمالك,Hate,Hate
ياعمي هذا ترعرع في الفكر البعثي تجده الان في حانة او خمارة يعربد بها ويطل علينا وهو سكير لو كان اهل للنزال ماترك بلدة يرتع فيها الروافض المجوس وهرب منها هذا اخره صراخ وعويل وتصنع للمثالية,Hate,Hate
اقسم بالله الأشكال ذي ما تفيد معهم المسامحة والاعتذار يسوي ذنب ويكسب اتنشن وبعدها يعتذر وتسامحونه انا احب رونالدو لاكن اذا توصل لاشرف الخلق ولحبيبنا رسول الله الله ىيح.رق رونالدو,Hate,Hate
نجلخ ؟! 🔥💦 #فويس - #لاين #معصيتي_راحتي #مشتهيه #ممحونه #قحبه #قحاب_تويتر #فحل #فويس #نيك #ديووث #ديوووث #ديوث_بدوي #قحبه_ديرتيه #سكس #عيزي #مسعبل #محنه #هورني #زب #معصيتيي_رlحتيي #معصيتي__راحتي,Hate,Hate
اي حد وانت مغمض يقولك لازم مجلس الخطيب يستقيل تعرف انه مأجور واديله علي دماغه بالجزمه القديمه الاهلاويه الحقيقين عمرهم ما يقولو كده وعارفين قيمه كابتن الخطيب مش بطولة دوري عبيطه تنسينا إنجازات عظيمه ... اصحوا #الخطيب_ايده_نضيفه,Hate,Hate
واحد كىلب,Hate,Hate
الله يمزق جلدهاا وتلوي يدها لوي بنت الكلب 💔💔,Hate,Hate
ابي انسانه امصمصها سناب🔥 سنابي عنف_زبي_كس _شرموطه نيك_محنه_ممحونه_مقوم_فون_فحل_فويس لاين_مرطب_معصيتي_عهر_جماعي_شرمطه_لحس عهر_مطيعه_تحرش_سادي_عنيف_تحرر_hbjjj افلام_سكس_مص_طفشانه_تجليخ #معصيتي_راحتيgggg,Hate,Hate
"نفاق الاعلام العراقي والخليجي والعربي وقذارته لاحدود له؛ فهذه الفتاة العراقية البريئة تقتل مرتين الأولى برصاص الأمريكان والثانية بنفاق دعاة الوطنية كذبا"" وبهتانا""بصمتهم عن حادثة قتلها",Hate,Hate
لان حيدر دايم يسب السعوديين ونسته زفت وبزر عمره ١٢ اما الثاني اول مره وبرر ان مو قصده,Hate,Hate
يارب تنرد لها اليوم قبل بكرا وبأبشع الطرق ابغى اقول كلام كثير بس مقدرش,Hate,Neutral
في عام 2003، أمريكا قررت تدمير العراق والشيعة نفذوا قرارها بكل أمانة وإخلاص، ومن الناحية التاريخية فأن أمانة الشيعة هذه هي العمل الوحيد الذي صنعوه بكل اتقان وتفاني.,Hate,Hate
🔴 الله لا ينطيكم العافيه أمانة بغداد والحكومة.,Hate,Neutral
طيب ليش تحذفين يا كىذابه💀,Hate,Hate
هو يجمع الاعفن من الجنسين,Hate,Hate
ياحمار مع إحترامي بس جد حمار انا قلت حاليا انا ليه اتعب نفسي معك ما ادري حاليا انت تقول ان ميسي افضل من رودريغو و ليفا؟😂😂 وجاي تتمسخر وربي فورت تعزك ياغبي,Hate,Hate
وانت اول اصفر لا يوجد انتشار غير ربعك سرايا السلام .,Hate,Hate
ابي ديوث قذر احشر وجهه بخرقي واطقع بخشمه وانا قاعد ازغب اهله #ديوث_بدوي #معصيتي_راحتي #خنيث #ديرتي #ديرتية,Hate,Hate
اتنيل على عين امك #مرتضي_يسي_للدوله_المصريه,Hate,Hate
صباحك لبن ياقلبي عااااااااشق الدلع نفسي فدلوعة شهوانية محرومة لعلاقة سرية جداااا اللي بتحب الراجل الهايج تبعت رسالة خاص نتمتع سوا ونكون صحاب,Hate,Hate
العراق دولاة نيفاق نزل شيطان بها وليعكم بها عصابة مافيه من شمال ٳلی جنوب لارعة بهاعت يوم قيامه,Hate,Hate
يرجال خذ العلم من عندي الانقليز اساتذة بالخذلان .,Hate,Hate
البنت طفلة صغيرة ما عندها لا حول ولا قوة العتب على ادارة المدرسة الي تجيب كذا معلمة مريضة,Hate,Hate
عصابةخوان الاوطان هم الوجه الاخر لعصابة الفرس الماجوس الخومينيون بايران... الاخوان الخوان يقتلون السنةويكفرون حكامهم والخومينيون الفرس يقتلون شيعةالعرب ويفرضون عليهم ديانتهم الزرادشتيةوولاية فرس ايران عليهم.وكل منهما له مرشد توجهه مخابرات الدول الاستعماريةالتي صلوا جميعا لها.!!!,Hate,Hate
راك تتكلم مع بهيمة حشاك. وهو ماهو فاهم فيها وااالو هه غير انكار علني ماانكار علني وان الشيخ يقول اختلف الصحابة في العقيدة وو وهو كالببغاء ليس الا.حفظ الله الشيخ فركوس,Hate,Hate
بيان الدروقي امس لايمل منه عظيم اما بونوتشي الجزمة سيتم دعسه قريبا,Hate,Hate
كلباتي تعالو #كلبه,Hate,Hate
ما ابرر خطا احد لكن بخصوص سالفة فيصل جدا غلطان وعاجبني التهجم عليه بس وين التهجم بوقتها ؟ وليه رجعتوا له بعد سالفة حيدر؟ المهم درس وتعلموه التويتر تافه ابعدوه على الدين والوطن,Hate,Hate
شعب الأهلي بيقولك ، بلاش الخطيب ي مختل علشان ده تبعنا . ولا وحشك تاخد ع قفاك تاني ؟ #الخطيب_ايده_نضيفه,Hate,Hate
لا صلي با مريكا ويا رئيس دولة المقاوله,Hate,Hate
أيش هذا يا عبود انت كمن يكشف مؤخرته امام الملأ ويقول السعوديه هي السبب,Hate,Hate
حيدر غلط على السعودية واعتذر والكل تهجم عليه وذبوا عليه ومحد سامحه وذا الشخص غلط على اشرف الخلق واعتذر. وعذره كان اقبح من الذنب بس عشانه هامور واخوياه هوامير غطوا عنه ،، ادعسوه انفداكم .. #تبليك_المسيى_فيصل_الايطالي,Hate,Hate
"ما فشرت يا ايوب , اصلا انت لست فلسطيني انت صهيوني عربي",Hate,Hate
الجويلي أرجل من كلاب الاخ القايد اللي هربوا و تركوه بروحه. 🇱🇾🇹🇷🇹🇷🇱🇾,Hate,Hate
كأنو ها كأنو لازم تحترم نفسك معي وانت بترد على تويتاتي! مش أي اشي بينمزح في عفكرة، بلوك.🙂,Hate,Hate
مادري مين اصدق اف #معصيتيٓ_راحتيٰ,Hate,Neutral
ديثووو ني بصور عمري ١٦ #ديوث_بدوي ،.اااختيي,Hate,Hate
يع إيطاليا حرامية 🤢,Hate,Hate
قسم بالله يا سعاوده انكم ساطين الحمدلله اني سعودي حنا الي نرفع المشهور وحنا الي ننزله وندعس عليه,Hate,Hate
الى رحمة الله تعالى. يجب محاسبة القوات الأمريكية المجرمة,Hate,Hate
بقالي اكتر من ٤٠ سنة بشجع الزمالك مشفتش اسوء منك رئيس للزمالك عاش الزمالك في كل وقت وحين 🏹🇦🇹#عباس_الزفر_خرب_الزمالك,Hate,Hate
محمد بن سلمان مكلف بتهيئة الأرضية المناسبة لإقامة المشاريع الصهـ ـيونية في أرض الحرمين وفي المنطقة العربية؛ لذلك قام باعتقال العلماء والدعاة كخطوة أولى لتنفيذ المهمة المكلف بها! #لا_لاعدام_العلماء_وتغليظ_الاحكام,Hate,Hate
بالرغم من ملايينك لكن هتموت فقير وشحات لانك كلب سعران فلوس مابيتكسفش علي دمه وهو علي وش القبر ... حسنا الله ونعم الوكيل فيك #عباس_الزفر_خرب_الزمالك,Hate,Hate
احقر واقذر الافعال تصيد الاخطاء 😂😂 بص يا ابو شخه يا صاحب الحساب لو انت بجد بتحب تريكه مش هتعمل كده لانك بالطريقه ديه هتخلي ناس كتيره تكرهه بسبب طرحك لابو تريكه كسلعه رخيصه بالطريقه ديه يعني انت مستني محمد صلاح يغلط علشان تلمع في صورة ابو تريكه اقسم بالله عقلية منحطه و زباله,Hate,Hate
تحيا الجمهوريه اليمنيه والموت للعصابه الحوثيه 🇾🇪✌️🇾🇪✌️🇾🇪✌️🇾🇪,Hate,Hate
هو تحت تاثير انه خايف على الاطفال وهي استغلت حبه لهم ولعل اللي مثله معذور. البلا في عبيد النساء السيمبس اللي تدوسه ويراضيها اكثر واكثر لازم نبيد اشكالهم,Hate,Hate
"علمنا الصدر ""اعزه الله"" ان نكون عونا للجميع وان نكون في المقدمة، سرايا السلام كانت وتبقى ملاذ المظلومين وشوكة في عيون الطغاة والفاسدين. . #سر١يا_١لسلام_لا_نظير_لها",Hate,Neutral
فيه خال فحل عنده مكان؟ يدخل خاص انا #سالب_مكة,Hate,Hate
فحل مقوووم 🔥🥵🍆 #سكس_كتابي #فويس #ديوث_بدوي #معصيتيي_رlحتيي #لزلز #سالب #مبادل #فحل #موجب #ممحونه #مشتهيه #كسي #هورني #عمه #ليزبيان #كلبه_مطيعه #شوقر_دادي #كسي_يسعبل,Hate,Hate
منك لله ياخي 😡😡😡 #عباس_الزفر_خرب_الزمالك,Hate,Hate
نهايتهم الابادة ☠️ من اليمن محتل مجوسي ملقب بحوثي عدو الله والعقيدة والانسانية قريبا ستبتر هذه الخلايا السرطانية من صنعاء نهائيا صنعاء تئن من هذا الوباء الخطير مثل الجسد إذا اشتكى منه عضو تداعى له سائر الجسد بالسهر والحمى #فريق_مجاهدون,Hate,Hate
قدوة الثيران، هاي قادة الفورة السورية يا عارات دواعش يا عارات صهاينة,Hate,Hate
تعالي ادوس عليك واهتك عرضك😋🔥 #معصيتي_راحتى,Hate,Hate
الله يعين على قرف طعوس الكورة و هم يصيحون على مقاطع فعاليات اليوم الوطني .. ناس فاضية عديمة محتوى .. فرصة لهم ..,Hate,Hate
إنت جبت الكلام ده منين ؟ طول عمر الشعب حشري هو بيبص حتي لو عربيتك فاضيه,Hate,Hate
حطك ف طي~ك شكلك تبي هرمون بس م عارف كيف تطلبه,Hate,Hate
ابي امص لموجب ثلاثيني او اربعيني رجولي مملوح ويلحس لي مره ابي اكون ملك له ليله كاملة لبعض ابي اسمع اهات المحنة ابي تكون حبيبي في السرير ودلعني كتيرر❤️😍🥰سالب عشرين ناعم مولع #سالب_الرياض #موجب_الرياض_سالب_الرياض_مبادل_الرياض #اربعيني_جده #اربعيني #معصيتي__راحتي,Hate,Hate
بني آدم والله وشه عليه غضب ربنا انا كزمالكاوي من قبل فتره مرتضى وانا مش بطيق الشخص ده #عباس_الزفر_خرب_الزمالك,Hate,Hate
يعملو خطوط لمديريه الشعيب لانهم مغتربين وشبع ومسؤلين وقياده اما مديريه الازارق ضباحاء شقاه فلاحين لا حول ولا قوه الا بالله العلي العظيم الله ينتقم من الذين يهمشون مديريه الازارق منبع الثوار الاحرار,Hate,Hate
هذا الغلا اللي كنت تقول عنه ؟ سود الله وجهك,Hate,Hate
بلكتني ضعيفة الشخصية,Hate,Hate
#انترنت_غير_محدود_في_مصر قلابة غلابة يا شركة بنت ديابة,Hate,Hate
الذي يرتدي القميص الأبيض ويعتدي على الباعة في سوق الخليل، زعيم الكهانية بن غفير، الذي سيكون حزبه ثالث أكبر كما تتوقع الاستطلاعات في إسرائيل. هذا الأزعر، الذي يتوعد بطرد الفلسطينيين مرشح لأن يكون وزير مهم وذو تأثير طاغ على عملية صنع القرار. إسرائيل التي يتجند لصالحها الطغاة.,Hate,Hate
هي البنات مالها بقت بجحه كده ليه؟,Hate,Hate
محد امعه غيرك ححبتي اذ تشجعينه كيفيك لكن قولي انه غلطان ورروحي نامي بس جايه عند احسابي وتدافع عن واحد غلطان ويهبد على المتسابقين محد يلوم سلطان يوم قاله يقلد نواف,Hate,Hate
افتحوا الردود خلونا نكمل على النصراني 😂,Hate,Hate
حاكمو شارون الكورة المصرية ✋ #مرتضي_يسي_للدوله_المصريه,Hate,Hate
تتعامل مليشيات الارهاب الحوثيراني مع الدولة والمواطن كتجارة خاسرة، فتسعى لنهب مافيها وتدمير كل ماتبقى وتصفية كل مؤسساتها والاستفادة من ماهو مفيد. هي تعلم انها طارئة على المجتمع والدولة ومرفوضة مكروهه وأنها زائلة لامحالة ولذلك تدمر كل شيئ قبل خروجها من اليمن. #نكبه_اليمن_21سبتمبر,Hate,Hate
نكبة 21 سبتمبر ليست الأولى بل هي امتداد وثيق لتاريخ الإمامة والنكبات التي أحدثوها في حق اليمنيين ولا خيار أمام الشعب إلا القضاء عليها لأجل العيش بحرية وكرامة. #نكبه_اليمن_21سبتمبر,Hate,Hate
طفله تعالي تحت العشرين تعالي #معصيتيٓ_راحتيٰ,Hate,Hate
مش كافيه ٧ سنين خلي الزمالك بعيد عن المنافس سنين ضوئيه لا راجع البارد ياخود احكام ع النادي يلا الحمد لله على نعمة مرتضي بيعرف يتعامل مع أشكالك #عباس_الزفر_خرب_الزمالك,Hate,Hate
شوفو دكتور في الجامعة ما اروح مكاتبهم، زقيتو ما زقيتو، أم دكاترة نساء عادي اصلا اتونس لم أتكلم معهم 😝,Hate,Hate
لو علم الناس كيف تأسسة الأمم المتحدة. لأنصدم البعض.. تأسست ياسادة في بيت ماريا الگوادة. لانها كانت محل دع.. اره..لكل رئساء دول العالم. الذين يذهبون للأستجمام. وهي من أقترحة ذلك..وأيظن هي محفل من محافل الماسونية. التي تدير العالم حول النظام العالمي الجديد.. اللهم عجل لوليك الفرج.,Hate,Hate
جاده وصادقه وصامله اطلع سهرات ممحونه وش وضعكم هاي جاده مع الجاد يطلع وتساب الحين فاضيه هاي,Hate,Hate
الي اتحب الجنس تجي خاص,Hate,Hate
ف سبعين داهيه,Hate,Hate
مافية مبرر لهذي التصرفات غير إن هذا الذكر واطي وعديم أخلاق وقاعد يتبع شهوته ولا بإمكانه السيطرة عليها، لذلك توقف إنت وغيرك تبررون لهذي الفئة القذرة.. وترمون الخطأ على فتاة بريئة قاعدة تمارس حياتها بشكل طبيعي!,Hate,Hate
وين ملاك القناة من هذا التافه والسخيف ليس ذنب اللون الازرق داعس على دماغه,Hate,Hate
بعد حب 4 سنين طلع 🏳️‍🌈 للاسف .,Hate,Neutral
خلاصة الثورة يقدموا أنفسهم كأرخص مرتزقة للمحتل ليدمر البلد ويحاصر المدنيين ثم يقولون أرأيتم حكم الأئمة..!! هكذا فعل أسلافهم ايضا مع الأئمة إبان الاحتلال البريطاني والعثماني. ثورة ٢١ سبتمبر تختلف في كونها استطاعت تركيع الأسياد وفضحهم وملئت قلوبهم رعبا ومزقتهم.,Hate,Hate
لؤي من دولة تحت وصاية طهران يسألنا هل حبنا لولاة أمرنا مجبورين عليه أعذره كونه لا يعرف معنى الولاء هو لا يدرك إننا تربينا على حب ولاة أمرنا والسمع والطاعة لإن الوطن يخصنا فقط لم يشارك في توحيده إلا أبناؤه أما وطنه يفتقد الأمان ويظن أن وطننا مثله تراكم القمامة حجبت عنه الرؤيا,Hate,Hate
واخد بيعاكس بنت سمره فقالها ايه يا بيبسى راحت تفت عليه راح قالها وكمان بتفورى😂😂😂😂😂😂😂,Hate,Hate
قسما إن الشعب يغلي.. ولو وجد القائد الصادق سترجعون الى كهوفهكم ايها القردة,Hate,Hate
مين يقابل الحين وجاد😩💔 #سالب_الطايف #سالب_الطائف,Hate,Neutral
لو انا مكان أم الطفلة واللي رفع سبع ونزل سبع ماهدها ، ثاني يوم عندهم بالروضه واطلع هالمدرسة واعطيها طراقات وتوطى ببطنها واخلي بنتي تضربها بنفسها عقب مابرد حرتي اروح اشتكي عليهم حسبي الله عليها الحقيرة قهرتني ..! الطفلة من الروع ماسوت اي reaction 😭😡😤 لا بارك الله فيها,Hate,Hate
مايشوفك حتى جزمة من جزماته التي رماها في زبالة,Hate,Hate
والله مشتاقين ياكلب,Hate,Hate
اما كارهيك فهم تحت الاقدام ماهم علت مراكزهم #الخطيب_ايده_نضيفه,Hate,Hate
بس يا هبيلة 😂🤣 اذا واحد بيضرط فص ب ايران بتقولو ثورة... سد نيعك واهتم بحالك وكبيرة عرقبتك يا اجري,Hate,Hate
خخخخخخخ نفس الكلام قيل وتقولونه منذ سنوات، ورد المغرب كان واضحا وذلك بان قرار المحكمة اذا شمل المنتوجات الزراعية فسيشمل كل شيء وبذلك منع المغرب الاتحاد الاوروبي من الصيد في مياهه الاقليمية فمادا كانت النتيجة؟؟ اجب انت يا صاحب المقال يا كلب المخابرات، فستصدمك النتيجة حتما,Hate,Hate
كذاب,Hate,Hate
ميرال حلوو صدرج بس نورة عبالك نازل,Hate,Hate
مش فكرة عبيد وأحرار فكرة ناس بتفهم وعندها رؤية وشوية لامؤاخذة ب...ق...ر,Hate,Hate
حقن ؟ احا,Hate,Hate
والخليجي منبطح لهم ومصدع راسنا بالكضيه ، حبيبي أصحاب الكضيه هم أول من باعها وهم اللي ماودهم أرضهم تتحرر وزيد عليها مايشوفك شي دامك خليجي مهما كنت متعاطف معه ، هذا الكائن الفلسطيني بذيء اللسان لايستحق التعاطف بل الضرب بالنعال تكرمون,Hate,Hate
لانك معفل وعقلك في اىىىىٓك تبرر العنف تجاه اشخاص فقط لانهم استفزوا فئة اخرى وماتبيهم يتكلمون حتى ذا اللي في بريطانيا تبيه يسكت ويكبر عقله ويلا الحين انت اللي توكل,Hate,Hate
- لما تكوني لابسه تقويم معناه ان اسنانك معووجه وخربانه مش معناه انش من عائله راقيه وكيوته ..! 🤣🤣🤣🤣,Hate,Hate
مجرد صورة ظل فقط ظل فسرها البعض انها انحلال اخلاقي وكلام يصعب قوله حسبي الله ونعم الوكيل ايش هذي العقليات المصديه والانفس الخبيثه,Hate,Hate
"الله يعين تويتر على المتقاعدين.. كان ضررهم داخل البيوت الحين امتد للتنكيد على العالم في كل تغريدة. كل شي متدخلين فيه.شغالين بمهنة ""متسبب"" 😂",Hate,Hate
ياجدع انتا شخص غير محترم وغير سوي ولا عندك اخلاق والاشرف عشان انتاعارف ومتأكدان الخطيب انضف منك ومن عينتك والاهلي والخطيب لابيطلب هدايا ولا فلوس من حدولما تركي اهدي الاهلي الخطيب لما حب يرجعهالةوهومرضيش اتبرع بيها لصندوق تحيامصروالاهلي اكبرمن انه ياخد حاجاه من حدعكس انديه تانيه,Hate,Hate
ستان بقمن ابو شخة المىجرم المتهرب عن ضرايبه من يبيكم بس مالومكم الكل نابذكم 😢😭,Hate,Hate
مرتزق,Hate,Hate
بنات حايحه,Hate,Hate
تعالى بحلف قولى مين مكيفك يا زلنطحى #الخطيب_ايده_نضيفه,Hate,Hate
ديوث,Hate,Hate
اوريك زبي المقوم ؟ 🥵🥵 #معصيتي_رIحتي #معصيتي__راحتي #معصيتيي_رlحتيي #معصيتي_رحتي #معصيتي_رlحتي #معصيتيي_رlحتي #معصيتيي__راحتيي #معصيتي_راحتتي #معصيتي__رlحتي #معصتي_راحتيي #معصيتي_راحتي #عمه #عمه_ساديه #عمه_لكل_الكلاب #عمه_عنيفه #ممحوونة #كلبة_مهانة #سككس_كتابي ؟,Hate,Hate
سهران ليه يابئس؟,Hate,Neutral
#الاعلام_يسي_للسعوديات وين اساء؟ ما يقول الا الواقع. السعوديات تغيروا في كل شيء اختفت كل الميزات -الستر والحشمة الا من رحم ربي. الكشف صار منتشر -طاعة واحترام الزوج -الحياء وصاروا اختلاط وضحك بصوت عالي ولافيه حياء. مسألة انا اخر حبة صارت ما تمشي علينا. اذا انك كفو بنمشي معك بس,Hate,Hate
خلي اسرائيل تنفعك يا مارك.....عشان تمنع بوستات دعم فلسطين تاني,Hate,Hate
كسك. وطيزك. روعه,Hate,Hate
نفس الإصلاحيين واقذر,Hate,Hate
تكتشفي غبائك 😂🥲,Hate,Hate
عليكم لعنة الله انت وهذا الحقير محمد بن ناقص ومرتزقته هم قاذورات الارض,Hate,Hate
منجزات ثورة الـ 21 من سبتمبر السيد القائد عبد الملك بدرالدين #الحوثي. #اليمن #ثورة_الحرية_والاستقلال #21SepRevolution,Hate,Hate
لانك كذاب وانت معترف انك كذاب,Hate,Hate
يخربيت سنجل كاش دي دعارة وليس تحرر التحرر تحرر العقول وفكر وحياة يا شويت اوباش مع احترامنا لكل اصدقائنا المحترمين,Hate,Hate
خاطري اشوف زبكم 😍 اللي يستحي لايدخل ابا اشوف الفحول اللي عندي 😍😉 ابغي فيديوهات مو بس صور المهم يكون نظيف و حلو 😉😍😭 #معصيتيي_رlحتيي #فحل #عمه #قحبه ا,Hate,Hate
جامدة نييييك 😋🌹,Hate,Neutral
التعميم لغة الجهلاء ، محد تحرش بالمتسترة وولا شي بالعكس لها احترامها وتقديرها وانتي تدرين بهالشي لكنك تكذبين عشان تطلعين انتي الصح والباقي غلط ، بررتي للتبرج ف ما استغرب منك التعميم والكذب اللي راح تتحاسبين عليه وتندمين في يوم لا ينفع فيه الندم,Hate,Hate
مهما صادف هاد الحثالة الحق ماكانش على المنبطحين يلحسوا له ولكن مع الاسف ابتلينا بالمذلولين,Hate,Hate
جعل شاراتهم بالحرق يارب,Hate,Hate
يعني انت الحين تقول ان بويتن ضعيف ؟ بس انت راضي عن الامريكان الي ركبوك للان وانت مركوب منه بكل الوضعيات؟,Hate,Hate
ناس تافهة زي هيك حرام الواحد يرد عليهم,Hate,Hate
جاااهل كذاااب انت با نزار ...يقول رب العالمين وانكحوا ما طاب لكم من النساء ...,Hate,Hate
قفلها إبن الكـلــــــ😂ـــــــــــب 😂,Hate,Hate
موقف ترند العراق وحركة المغردين هاشتاك قرب عزاء الشهادة الأليم #رسول_قد_خلت_من_قبله_الرسل حقق أكثر من ٣٥.٣٠٠ الف تغريدة وهاشتاك الاستعداد لكل طارئ #سر١يا_١لسلام_لا_نظير_لها يتجاوز عدد تغريداته ١٠.١٠٠ الاف يرجى من الجميع المشاركة والنشر,Hate,Neutral
الع.ب.د يبقى ع.ب.د مهما كان وهم لايحملون في رؤوسهم عقل,Hate,Hate
مرتي بتحب الخلفي كمان 🤤,Hate,Hate
تنفيذا لمخططات طهران تعمل جماعة الحوثي الإرهابية على تدمير البلاد وتحويلها إلى ساحة حرب من أجل تحقيق الأهداف والاطماع الإيرانية. #نكبه_اليمن_21سبتمبر,Hate,Hate
اقول لناس اللي في كل تغريده للاهلي يدخل على طول ويقول خل الهياط هابط درجه اولى ٠٠٠٠٠لو سمحت خلك محترم محد هايط الا انت رح شوف ناديك عمره لاعب احترف عندكم وجاكم زياره ٠٠٠العمده وقبله كثير في الاهلي احترفو وعشقو النادي هذا الاهلي حبه اذا سكن في الفواد مايطلع للموت٠٠٠💚💚💚💚💚,Hate,Hate
مصروم من زعيم الزمالكاويه طبعا لازم يبلكك واحد مثقف بيتكلم مع نكره جاهل مش هيعرف يرد عليه يبلكه ☺️😂😂,Hate,Hate
سرايا السلام أكثر جهة عسكرية منضبطة وساندة للقوات الأمنية وهم سند متين للقوات الأمنية من الجيش والشرطة التي تقع على عاتقها حفظ الأمن، وبمجرد حصول ضمان استحكام قوة الجيش والشرطة وبقية القوات الأمنية فإن السرايا ستفسح المجال كما نوه الى ذلك قائدنا الصدر #سر١يا_١لسلام_لا_نظير_لها,Hate,Neutral
اللهم انصر اهل إيران على طاغية إيران الخامنئي وأعوانه الخونه وانصر العراق وأهل العراق على ذيول خامنئي,Hate,Hate
#راكان_بن_ملهي وانا ابي اجلده بـ 🩴 ..,Hate,Hate
الراجل المصري مش بيعرف يعمل ليكينج,Hate,Neutral
بدى بنت متحررة وجريئه ومسيطره تصير زوجتى على تويتر ونعيش احلى علاقة تحرر ومتعه مع زوجك يحبك ويفتخر بجمال جسمك امام العالم☺️🍑❤️ لو انتى متحرره تعالى خاص يقلبى☺️❤️ #ديووث #ديرتيه #ديوث #سالب #فحل #عمه #عمتكم #ليز #سحاق #معصيتيي_رlحتيي #معصيتي_راحتي +6.,Hate,Hate
مبادلين مولعين تعالو w.d19w ابي ممحونين بس,Hate,Neutral
منين نتلگاها من هذا الزبالة لو من امثاله لو السايق يعني الي من يتحرش وين يريد يوصل مبتغاه ؟ #اوقفوا_متحرش_الكرادة,Hate,Hate
جيران بذيئين وأب وابن محظوظين,Hate,Hate
المتناكه,Hate,Hate
استوعبت متأخرا اني كثير عليك و علي من يشبهك.,Hate,Hate
اختاري من 1 الى 10 وشوفي وش يطلع لك🔥 - #معصيتيي_رlحتي #فويس #معصيتيي_راحتي #كلبه_مطيعه #ليزبان #عمه_ساديه #معصيتي__راحتي #معصيتي_رحتي #سكـس_كتابي #سادي #عمك #ابي_فحل #كلبه #معصتي_راحتي #معصيتيي_راحتي #عمه #معصيتي_رIحتي #معصيتي_راحتي #ديووث,Hate,Hate
تغريدته غبيه ومستفزه وأتوقع قصده استفزازي أكثر من كونها قناعه.,Hate,Hate
احط زيي بين صدرك,Hate,Hate
قبحتي ولعنك الله كيف تصفين اليمن وشعبها الاحرار,Hate,Hate
سالب دب ابي نحيف لعلاقه وعندي مكان سو رتويت وارسل صورك ومواصفاتك على سنابي : khloodi63 بدونهم ما ارد سالب الرياض موجب الرياض rhr,Hate,Hate
#عباس_الزفر_خرب_الزمالك لو بتحب الزمالك ريتويت عايزين الهاش ترند,Hate,Neutral
الله يلعن قناة العربيه خلاص ازعجتوا ام ام ام ام ام ام ام ام ام ام امنا بالملكه اليزابيث إلى جهنم وبئس المصير,Hate,Hate
ابي كلب اهين كرامته سناب #ميقا,Hate,Hate
#النصر_الاتحاد النصر والاتحاد عينان في راس انتبهوا من المتنكرين باعلام الاتحاد لصالح فريقهم المحلي الهيلال ابو وديات مفصوله بدون ذهاب واياب مع هنود وبنقال وفلبين 💙💛😍😍,Hate,Hate
"عندما يسقط الشيطان الأكبر خامنئي, سوف يسقط معه كل الشر في الشرق الأوسط وينتهي الإرهاب ويعم السلم الأهلي وتنتهي المؤامرات والأحقاد والضغينة وتعود بغداد دار السلام واليمن السعيد وسوريا الأفراح ولبنان السياحة .. اللهم عجل بهلاك الشيطان الأكبر خامنئي, قولوا آمين🤲",Hate,Hate
لوكان لكم ملك وجبروت تاريخين ماكان الحبشي يضرب به المثل في الازدراء بين الامم وحديث رسول الله حينما قال لو تولى امركم عبد حبشي. يعني يضرب به المثل الحبشي بل النقيصه والوضعيه لاتعمل لك زحمه,Hate,Hate
كدابه,Hate,Hate
"""لن يفلح قوم ولوا أمرهم امرأة "" من الاخر ✋🏻",Hate,Hate
قاتل العشرين #مرتضي_يسئ_للدولة_المصرية,Hate,Hate
اصل الزفر هيفضل زفر عمره ماهينضف #عباس_الزفر_خرب_الزمالك,Hate,Hate
مال عديمي الشرف و الاصل علم بشيء,Hate,Hate
بقينا ننتج كل تلات دقايق قرموطة,Hate,Hate
هالتافهه منزمان وانا عارف انه عبد تفاعل وكانوا للأسف بعض الهوامير يدافعون عنه لكن اليوم اسقط على شعب كامل وماراح يلقى الا الدعس الوطن خط احمررر 👋🏻🤍 #حملة_تبليك_حيدر,Hate,Hate
سيئ الذكر سليط السان مفصول من النيابه رد السجون ده بيسيئ للكره الارضيه مش الدوله المصريه بس #مرتضي_يسي_للدوله_المصريه,Hate,Hate
ترا العانس الثلاثينية مثل سيارة الوكالة المخزنه اول ما تسرع فيها و تشد عليها تخبط 😂,Hate,Hate
وراء كل خروف قطيع نعاج،😁😁😁,Hate,Hate
#شيا تحصل على شهادة من موسوعة غنيس لأطول وعد كاذب حيث أخذت المرتبة الأولى عالميا بالكذب والخداع,Hate,Hate
اعطيتيها كف ولا اجي بدالك؟,Hate,Hate
حذف التغريدة من تنمرك ياللي ماتخاف الله,Hate,Hate
#الخطيب_ايده_نضيفه ياولاد ال🐕 غصب عنكم مهما نبحتم,Hate,Hate
كثافت حرومى 🖕🏿 #مهسا_امینی #MahsaAmini #Mahsa_Amini #روشنا_احمدی #OpIran,Hate,Hate
مشتهيه بس حسابك شخصي نقطه في الخاص و امحنك..🔥 #سكس_كتابي #محنه #معصيتي_راحتي #هورني #فويس,Hate,Hate
يا إن فيك غباء😂 هذي تحالفات قديمة قاعدين نتكلم عنها تقوم تجيب لي حروب حديثه؟,Hate,Hate
اديكى فى قعرك يطول شعرك,Hate,Hate
#سر١يا_١لسلام_لا_نظير_لها 🔝 هاشتاك نشط بتويتر ☑️ شاركوا,Hate,Neutral
ح #ديوث_بدوي اكبر واطول زب للديوث اللي يجي ويصور Yv_5252,Hate,Hate
كلكم كلو تراب بدون استثناء كمان,Hate,Hate
صوره الزعيم مع الصماد بعد دخول الحوثي المجوسي قلب العاصمه صنعاء باتفاق مع حزب الاوساخ الذي هرب خارج الوطن لان الحوثي لا عهد ولدين لكان الورق اللي بيدها زعيم حزب الاصلاح هي املاء من سيدهم الحوثي المجوسي اما اتفاق الشركاء في الدوله بين الزعيم صالح والحوثي حفاظا على ما تبقى الدوله,Hate,Hate
متزوجه وكثير مقصر معي🤦🏼‍♀️ سنابي nalshmmre23 #مسيار #زواج #فويس #معصيتي_راحتيى #معصيتي_راحتي #سكـس_كتابي #ديوث #ديوث_بدوي #شوقر_دادي #فويس #نسويات #نسويه_وافتخر #نسوية #ليزبيان #لزلز #مشتهيه #مشتهيه #ممحونه #اعرض #نيك #فحل #مقابل #معصيتيي_رlحتي #ممحونه #مشتهيه #فحل #ليز دزل,Hate,Hate
معاك يا خطيب ورهن إشارة نروح نجيب مرتضى فى شكارة #الخطيب_ايده_نضيفه,Hate,Hate
اعتقد انك تبحث عن الشهرة باستغلال اسم الدكتور المذكور وبما انه قادم للمملكة تقدم الي الجهة المعنيه بيلاغ مع الأدلة التي تثبت صحه كلامك اما انا لو مكانه والله لاطلع من كيسك اموال ما تندم عليه طول عمرك,Hate,Hate
هاذولا الي اجو بلاخير محسوبين على الحاشية,Hate,Hate
اجيب يهودية ولا اجيب ولد الرياض,Hate,Hate
فلسطيني متنكر كـ سعودي وجالس يفتن ويسوي مشاكل مع شعوب الجوار 🤢 #متنكرين_كالسعوديين22 #متنكرين_كالسعوديين,Hate,Hate
سؤال بريء😱‼️ في حاجات اوڤر ما تنبلع مثل قصة المثلين و الترانسجندر هذول كيف تتفاهمين معاهم يا راعية الانسانية‼️🫣 يعني بالمختصر رجل (سابقا )متحول جنسيا كيف سيتم السماح له او لها لاستخدام حمام النساء 😰والله الورطة‼️🫣و بنت متحولة جنسيا كيف سيسمح لها بالدخول الى حمام الرجال 🤐,Hate,Hate
غبيه مره اعلاميا جالسه تدمر نفسها وتدعي على الناس وهي اللي جابته لنفسها قولي اني غلطت واعتذر وبتخلص كل السالفة من بدايتها,Hate,Hate
من آثار التخنيث,Hate,Hate
بزازك كبيرة جدا,Hate,Hate
أنهم الفرس إياك والاستخفاف بهم دهاة سياسة لديهم مشروع قومي ويدعموه بغطاء ديني مع توفير كامل اقتصاد البلاد لهذا المشروع لكن إن شاء الله لن ينجح وإلا ستكون الدولة الفاطمية أضحوكة مقارنة بما هو قادم,Hate,Hate
مش ناقم ولا زعلان ده تاريخ حصل فعلا،،، و فهموا حضرتك أن التخاريف دى دين. و حضرتك بعد ما تعلمت فهمت أنها كانت تخاريف بس الحقيقة دايمآ بتزعل 😊 يعنى حضرتك مقتنع أن ربنا أمرنا بالمدعكة و المليطة اللى كننا بنعملها مع كل دووووول من الستات و البنات !؟ بجد 🤔,Hate,Hate
فعلا بعدها تمر بمرحلة فقدان الشغف والتفاعل والاهتمام ثم تترك الحب وتكعد تغرد بتويتر يا فاشل .,Hate,Hate
ما أحقر، وأدنى، وأسفل، وأسقط، وأغبى، وأجهل من يلوم الضحية في قضايا الاغتصاب والتحرش ! هاي العقلية أقذر عقلية، والمصيبة إنهم حوالينا بكل مكان، بالعمل، وبالدراسة، وبالحياة. بس السوشال ميديا مكان يتيح لهم نشر خرائهم الفكري بخانة التعليقات. تبرير الجريمة جريمة .,Hate,Hate
جارتنا مرسله لي ذا المقطع تقولي يالعبد لاتخاف على امك العبده بهتم فيها🙄🍑 #ديوث,Hate,Hate
شوف الوغد العاق بأهله لول حقيقه يجماعه,Hate,Hate
هذا مش إظهار تضامن هذا تعاون على الأثم والعدوان على الآخرين لعن الله كل معتدي آثم,Hate,Hate
لا يالنصابه يقول التايب حقه شعرها قصير واصغر منه وانا اصغر وشعري قصير متى يلتف لي,Hate,Hate
"بدأ "" الشاذون جنسيا "" في العالم ينشطون بقوة في تثبيت وجودهم ، بل و "" تجريم "" عدم إحترام ممارساتهم المنبوذة مستفيدين في ذلك من منصات التكنولوجيا الجديدة ، وعلينا أن نعزز في نفوس أبنائنا القيم السامية لديننا الحنيف ، فهي حائط الصد الأول في مواجهة هذا الخطر ،،، ..",Hate,Hate
احه في شي قوي صار 😂,Hate,Neutral
تعالي ي ام ديد صغير 🦦 #معصيتي_راحتي,Hate,Hate
طفش من يبي اعرض له #فويس #معصيتي_راحتي,Hate,Neutral
يحتفل عبيد اليمن بيوم عبوديتهم وضياع كرامتهم يوم غد في السبعين. يحتفل شذاذ اليمن وسفلتها بإحياء الإمامة. يحتفل اللصوص والقتلة والمجرمين بيوم 21 سبتمبر . يحتفل خونة الجمهورية وإماء الإمامة بيوم اغتيال كرامتهم وعفتهم. #نكبه_اليمن_21سبتمبر,Hate,Hate
تبين يوثر دادي تعالي خاص و بدلعج 💰❤️ #معصيتيي_رlحتيي,Hate,Hate
ام رباب تعالي اركبي فوق زبري واقعدي علي زبري ليفتق كسك فت,Hate,Hate
لعن الله الأحول الدجال ابن سهيلة المتجاسر على ساحات القداسة,Hate,Hate
يا عباس ارفع ايدك الزمالك هو سيدك #عباس_الزفر_خرب_الزمالك,Hate,Hate
صباح الخير على كل محترمه محرومه #مسلمه_على_زب_مسيحى #مسلمة_في_حضن_مسيحي #فرسان_الصليب #قححبة,Hate,Hate
مايحتاج لك محرم شكل رجال أصلا وشواربك طالعه,Hate,Hate
عاجل.....حرق صورة خامنئي الدجال في طهران 🔥 وقطع الشوارع #IranProtests,Hate,Hate
لانكم لستم رجال كل من جاء احتلكم وكل واحد يبيع ويشرى فيكم انتم كالانعام بل أضل سبيلا,Hate,Hate
تنفيذا لمخططات طهران تعمل جماعة الحوثي الإرهابية على تدمير البلاد وتحويلها إلى ساحة حرب من أجل تحقيق الأهداف والاطماع الإيرانية. #نكبه_اليمن_21سبتمبر,Hate,Hate
الي وده يشوف صور اهلي ب تصوير ع سناب او مع اثبات يدخل خاص لان ودي اديث كثير,Hate,Hate
دول طبقة غنية بس في أول درجة الطبقة ، الطبقة المتوسطة دي اللي هي الموظف اللي شغال في شركة محترمة و مرتبة حلو بس بالظروف الحالية بقي يدوبك يقضي ضرورياته (اكل و شرب و تعليم و صحة ) فياريت التدليس يخف شوية علشان العيال الصغيرة علي تويتر بقت قليلة الادب و بتهزق اي حد,Hate,Hate
قرفانه منك ومن اللحظه اللي خليتك تدخل حياتي..يع!,Hate,Hate
يبني افهم يرحم امك انا ماقلت دع الخلق للخالق هو اللي قال وانا الزمته بكلامه انا ضد هذا الشيء واساسا مبدأ عقيم وغبي اذا كنت انت وياه مقتنعين فيه اسكتوا وانتهينا مو دع الخلق للخالق؟ تناقضكم غريب,Hate,Hate
متواجده لتنسيق ارسلي اسمك ومدينتك اذا ما رديت عليك اعرف ان ما عندي بنت من نفس مدينتك ء #معصيتيي_راحتي #معصيتي_راحتي #معصيتيي_رlحتيي #معصيتٓي_رآحتي #معصيتي_راحتي #معصيتيي_راحتيي_ #عمه #معصيتيي_راحتي #عمه #معصيتي_رIحتي #معصيتي_راحتي #الرياض #جده #الخرج,Hate,Hate
هذا وجهه ذنب الله ينعنه من لاعب اخذ اكبر من حجمه ولد الأندونيسيه😂😂😂,Hate,Hate
لو كان زوجها رجلا لكان امرها بذلك قبل ان يطلب ابوها ذلك,Hate,Hate
اها اللحين عرفت عبد اتنشن يا بقرة,Hate,Hate
ديوث تعال #ديوث_بدوي,Hate,Hate
ع كثر مامدحوه ع كثر ماقالوا انه وسخ🥹,Hate,Hate
ممحووونه ومششتهيه تعالي خاص اعطيك شي حلو #معصيتي_رحتي #معصيتي__رIحتي #ميقا #فحول #معصيتي,Hate,Hate
قناة الزبالك رخيصة #الخطيب_ايده_نضيفه,Hate,Hate
المخيس الخنزير ذا يوم غلط خويه عالرسول قال ماله داعي تدور زله وربك غفور رحيم ويوم حيدر غلط عالسعوديه ثلاث منشنات كلها سب 😂,Hate,Hate
لو انتي ساكنه بصنعاء كنت جبت لك البيره والحمام وثلاثه كلسونات وزبي.وبنيكك ثلاث مرات مره على كل كلسون للصباح.,Hate,Hate
كلاب م اتحمل وربي انكم قلال ادب😭😭😭 #Voguegala2022XMileApo,Hate,Hate
اهخههه من ذا الملعىونن احد يدعسه ويفكني منه,Hate,Hate
ا ع رب ا ل ط ي ز,Hate,Hate
مفتوح ممحون جاد مين يقابل عشريني 167 69 رحولى عندي مكان يجي خاص بمواصفاته وورني #مبادل_جدة #سالب_جده #موجب_جدة,Hate,Hate
يا مهانه لك وجه تجي بعد ما فشلتي نفسك امس انقعلي رجعي البلوك,Hate,Hate
#الاعلام_يسي_للسعوديات كل مجتمع بكل الأزمان به صالحين وغير صالحين إلا مجتمعنا انحكم عليه إن الكل غير صالحين وخصوصا البنات عشان كم وحده طلعت متفصخه طيب وش ذنب الباقي تشوهون سمعتهم!لكن لعل هذا بسبب معايرة البعض منا بنات البلدان الأخرى هم عاشوا نفس الشي والدنيا دوارة ومن عاب ابتلى,Hate,Hate
فلو فتحت بوقك تاني هكون مبضون منك جدا,Hate,Hate
من يمر طاريها يا عايل ينام منبع الغيرة سرايانا اهل السلام #سر١يا_١لسلام_لا_نظير_لها,Hate,Hate
ارسلي نقطة خاص وارسلك زبي تقيمينه من ١٠ #معصيتي_راحتي #معصيتي_راحتي :,Hate,Hate
#عباس_الزفر_خرب_الزمالكده سبب رئيسى فى عنجهيه الأهلاوية دلوقتى.. عشر سنين أنشأت جيل من الأهلاوية معتقدين ان الزمالك هو إللى فى عهد ممدوح عباس وحسن حمدى,Hate,Hate
هاد الزب من هو صغير وهو بتويتر مااااالقي الي بنفسه ي عيال حد عنده طلبه,Hate,Hate
رجل وقائد شيعي علوي العقيدة مختاري النهج فرض هيبة الدولة من جديد وأعز بلده المنهار فنبحته كلابها و رفسته جحوشها تقربا من خنازير وذئاب الغاب وخلعه أشعريها و فرح بالنصر إبن عاصها.تبا لكم يا غمان وغلمان وطليان دونيتها و خوارجها واشياع آل ابي سفيان ومروان وعبيد عربان الصه/،يوستان ..,Hate,Hate
اذا اختك او امك ثرية يا ايدي الكلب بتجوزها عشان اسكنها بغزة العزة😂,Hate,Hate
يعني انتي شرموطه بالوراثه,Hate,Hate
ما حدث للمغرد الطفل حيدر رسالة تحذير لأي شخص يفكر يقلل او يغلط على السعودية ، لانه سيوجه جيشا يعشق تراب بلده اكثر من عشقكم لأمهاتكم اذا عندك شي ضد السعودية احتفظ به لنفسك واعتبر هذه نصيحة اخ لأن السعودية بالنسبة للسعودييين #خط_أحمر وصلت الرسالة ؟,Hate,Hate
والله انت من أسباب تراجع الزمالك وخليت اولاد فكرية يركبو اكتر من ١٠ سنين بسببك يام3رص منك لله يازفر #عباس_الزفر_خرب_الزمالك,Hate,Hate
احا ياخي,Hate,Hate
ابي امص زب مبادل دب او مربرب بالرياض يجي سناب Mob5922 #مبادل #سالب #مبادل_الرياض #سالب_الرياض,Hate,Neutral
اعرف جنسهم الوصخ شوي يدخل خاص يلقلق😒😒😒😒,Hate,Hate
هذا وجهه ويتكلم عن التحرش شكلهم منقزينه العام,Hate,Hate
مريض الرجل الابيض الحول الما عندو شغلة وكل ثلاث ايام جايب ليه نوع دياثة جديدة ومسميها مرض، طبعا الرجل الابيض هو حول من زمان بس الاحول منهم البجيب مشاكلهم وامراضهم دي لساكن دول عالم 12 ومجتنعاتهم مختلفة عن بعض,Hate,Hate
أوسخ انوا؏ البشر هو إللي يقرملك شخص لين تكرهه وبعدهاا تلقاهم يهدرزوا مع بعض وجوهم سمح🙂,Hate,Hate
سرايا السلام بتحريرها الأراضي العراقية المغتصبة لم تمن على أهلها بتحريرها .. 🔥😉✌🏻🕊 #سر١يا_١لسلام_لا_نظير_لها,Hate,Neutral
رزق الهبل على الخبول 😂,Hate,Hate
لم يكن هناك شيعة اثنعشريه في اليمن، هذا المذهب جاء منذ مده قصير والحرب ساعدة بانتشاره في المناطق الشماليه. واجزم ان معظم من تشيع فقط لمصلحتهم المادية وليس لأجل المذهب نفسه.,Hate,Hate
#FarahZeynepAbdullahTerbiyesiz شوفوا كيف تبرر قلة ادبها و بعد ما ناس جلدتها جاية مسوية انها تدافع عن حقوق مرأة 😂😭 حياتي سكري ذا حلق التعبان ولا عاد تتكلمي ، و ياريت لو حد يسلفها شوية اخلاق 🤣🤣.,Hate,Hate
مين يبادل ميقا حصري تعال برابطك #معصيتي_راحتي,Hate,Hate
اظن اغلب الحريم يتزوجن علشان يجربن حياة المحقق كونان ، مشقيه حالك ليه !؟ نخاشات شطب مروان . بصراحه الله يعين الازواج اللي عندهم زوجات كذا,Hate,Hate
الحمار الصرخي يريد دوله مدنيه وزواج مثليين مثل السستاني ولواطة ابنه وعصابته بشرب الخمر والزنا وغير ذالك من الحبوب والكبسله,Hate,Hate
كسي ناااار,Hate,Hate
ابا زب,Hate,Neutral
#إيرانيات يحرقن حجابهن ويرقصن في الشوارع ويصرخن #الموت_للديكتاتور #الموت_لخامنئي #مهسا_أميني #Mahsa_Amini,Hate,Hate
الكلاب الي كلت بطاطس دارين,Hate,Hate
لماذا نتناسى أن أوسلو لم تعبد لنا الطريق، بل كانت تتبول فيه وعلينا الآن كنس كل القذارات منه، وخلال هذه المرحلة النتنة لا بد من خراب ما يظل أخف ضررا من قتلنا وإذلالنا. خراب مادي أفضل من خراب سلب الأمان من حياتنا. صراف آلي محطم ليس أهم من حياة أنس عبد الفتاح الذي ينازع الآن,Hate,Hate
عمرك ١٧ ولا١٦ ولا١٥ وتدور عمه تعال سنابpcp_v #سالب #عمه #مهان #قحبه #كلبي,Hate,Hate
المرجفون لم ولن يؤثروا على جهاد وسمعة  سرايا السلام و لا على مسيرتها الناصعة ومهما حاولوا التغطية عليها فكل سعيهم سيخيبه الله جل وعلا . #سر١يا_١لسلام_لا_نظير_لها,Hate,Hate
انا موجب نحيف وزني ٥٣ وعمري ٢٤ ابغى سالب يقابل الان عندي مكان ف حراء #سالب_جده,Hate,Neutral
🌀🌀🌀امام صلابة وقوة وشجاعة ابطال سرايا السلام تقف الكلمات باحترام خاشعة وهي تعانق تضحيات من رسم حدود الوطن والأرض والمقدسات بالدماء حقيقة ساطعة الولاء. #سر١يا_١لسلام_لا_نظير_لها,Hate,Neutral
امريكا وقفت مع مصر سنة ١٩٥٦ ضد اسرائيل و بربطانيا و فرنسا فكان رد الغبي جمال عبد الناصر بان يترك امريكا و يتجه للاتحاد السوفيتي فرمت امريكا كل ثقلها الى اسرائيل ..,Hate,Hate
وقح زى امك,Hate,Hate
الفرنسيون بطبعهم منافقون ومدلسون سواء كانوا سياسيين أو مواطنين عاديين. لا أعتقد بأن تكبرهم ونفاقهم وعدم احترامهم لمن سواهم يمكنهم من أن يكونوا أصدقاء لأحد، ففي فرنسا نلاحظ يوميا كيف يحتقرون جيرانهم الإيطاليين والإسبان والبلجيكيين والبرتغاليين,Hate,Hate
شرشر الحيحان شريف ابو يوسف الولهان الاخواني 😁😁,Hate,Hate
الموت للديكتاتور بمدينة كرمان 🔥 #Mahsa_Amini #MahsaAmini #مهسا_امینی,Hate,Hate
ما اتحمل الخروف ابن الخروف الإخوانچي القذر اني حكيت له يا عمرو يا خروف 😏 بتوچعك كلمة و وصف يا خروف ؟!! هلا بحكيلك يا خروووف يا خروووف يا خرووووف يا عمروووو يا خروووووووووووووف,Hate,Hate
اذا تحدثنا عن القتل والارهاب ، فلا احد يسبقك ياشيخ غيث فيهما ، اتدري انه كان من المقرر قتلك مع سليماني والمهندس في العملية ، لكنك بطريقة ما خرجت منها او تم اعلامك من جهة ، لكن كما شهدنا تشظي المهندس وسليماني سنشهد تشظيك ايضا ان لم تسكت وتنجب,Hate,Hate
شتاب يور ماوس اوباما,Hate,Hate
ابن ز*** اغسل الاقدام جميع الزوار وليس فقط الايرانيين ومن قال لك انه ايراني,Hate,Hate
للتذكير بس،بحب قلكن إنو لولا المقاومة ما بتحلموا بشي من ثروة لبنان من النفط والغاز،ولولا المقاومة و تهديد السيد،العدو الاسرائيلي ما شايف لبنان من أصلو ولا شايف حدا.يلي مفكر حالو بالديبلوماسية بيحقق نتائج،واهم كثير وعم يضحك عحالو.شوفوا تصريحات العدو بتعرفوا السيد قديش راعبهم.,Hate,Hate
عملية فدائية في حولون (تل أبيب) مقتل مغتصب وانسحاب المنفذ.,Hate,Hate
شوافع المناطق الوسطى الشماليه يعملون بالدفع المسبق مماجعلهم اذلاء بين المجتمع اليمني الشمالي ليس لديهم غيره على دينهم وارضهم لتحريرها من الروافض المهم انهم يقبضوا وبس ،الا من رحم ربي منهم,Hate,Hate
اللي بالتعليقات قرففف قرف قرفففف يع يع اش التخلف والعنصريه ذي بعدين يقولو الاجانب عنصريين! الاتراك عنصريين! طالعو بنفسكم طالعو باخلاقكم الزق ذي من وين طالعين انتو! وتزعلو اذا قلنا مو متحضرين فعلا انتو متخلفين والحضاره بجهه وانتم بجهه ومارح تتعدلو ابدا بتبقو تفشلونا انتو واخلاقكم,Hate,Hate
كنت بخاف أشتم النسو.يات زمان عشان لو حد معاه صورتي دلوقتي حطيت صورتي بروفايل وهشتم براحتي,Hate,Hate
غنى للصباح ياخـ🐏ــروف شوف مين هيسمعك 😂 #ارحل_يا_سيسي #المصريين_مطمنين_مع_السيسي #سنة_فضحت_٨٠سنة #الاخوان_المفلسين #ثوره_العشرين_قادمه #المصريين_مطمنين_مع_السيسي #هنغرد_في_عشق_مصر,Hate,Neutral
طب ما تيجى ازنقك,Hate,Hate
ولأنها استشهدت برصاص الأمريكان لم نسمع قنوات الفتنة والتحريض التي تخوض بدماء الشعب اي تعليق عن هذا الموضوع، تبا لكم أيها العملاء ولم نرى الناعقين الذين ينبحون لأتفه الأسباب ويقيمون الدنيا ولا يقعدوها,Hate,Hate
انت شاذ ام قرد ؟,Hate,Hate
أنتبه تسخر مني في برامج التواصل الاجتماعي عشان ما أضحك عليك الاخرين,Hate,Hate
طهران #ايران #شكرا_محمد_بن_زايد #اعظميه_العصابه #النجف_دار_المتعه #ايران #طهران #بغداد ابو هاشم #امريكا_قتلت_زينب مريم,Hate,Hate
وربي توترت حممار هو,Hate,Hate
اصل المنقرعيه طلعوا قبلنا رعاة غنم قبل الميلاد جاءت مجموع وهم في الأصل رعاة أغنام من ليبيا يتمشون وراهم من شمال أفريقيا، وجاءت بعدهم مجموعه من إثيوبيا وصارتهجين(خلطة حنه)وسكنوها والان 68٪شمال افريقيا 17%عرب و4%يهود الباجي من اسيا يعني موفراعنه ولاعرب طحيح ههه ادور شي زين ماكو🤷🏻‍♂️,Hate,Hate
مع انك زملكاوي ومعتدقش انك هتفهم بس ابو تريكة راح بني ياس في الفترة اللي بعد حادثة بور ىهود ودي نفس الفتره اللي الاهلي حرمه من شارة الكابتن وكان موقف عن اللعب بسبب انه رفض يلعب ماتش الكأس اللي كان بعد الحادثه ولو انك مش زملكاوي كنت هتفتكر ان الدوري اتوقف وده لاعب عنده 34 سنه,Hate,Hate
تسقط الماسونيه والارهاب الامريكي وتعيش ايران قائدة الشيعه بالعالم وكلنا ايران والشوكه في عيون الارهاب الامريكي - ايران هي لبنان هي سوريا والعراق واليمن هنا شيعة علي ابن ابي طالب ندعس على ابليس وجنوده الماسونيه الملعونه,Hate,Hate
مممممم مممممم برضع بجنون مممممم وبعض الحلمة بسناني وشفايفي قوووي 💋👅😬ونزلت على ك سك مممممم 👅 بلحسو بجنون مممممم وبعض زنبورك بسناني وشفايفي قوووي مممممم طعمة حلو اوي يجنن بموت فيه بينزل عسسسسل 👅👅,Hate,Hate
#سالب_جده سالب ممحون كاش للصغار الفحل اللي عمره 19وتحت خا,Hate,Hate
متخلف,Hate,Hate
تخلصها انت ولا تخلي هذاك السوداني يخلصها قصدك؟,Hate,Hate
لا امك المسؤله عن الدم العراقي لئن خلفت واحد تعبان مثلك,Hate,Hate
دعسوه وحذف الهطف,Hate,Hate
ليفل العلوقية ⏫⏫,Hate,Neutral
الهجوم على الجزائر ليس لانها تدعم الصحراء الغربية الحرب التي استعانوا فيها بذباب مدرب واعلاميين صعاليك لا يقودها مغاربة فهم ادنى من ذلك بل هي تدار من داخل اكبر الدوائر الاستخبارية يقودها خبراء الجزائر تواجه عاصفة التطبيع لوحدها ويشرفنا ذلك فنحن لا نبيع قضايانا بطرف خبز,Hate,Hate
كلهم حمير ولاد مرتضي الزفر نفس القطيع تلاقيه كمان دبله زي مرتضي 😂😂😂😂😂😂,Hate,Hate
اختاري رقم في الخاصص 1- اوبر وتطاقعين بنص المشوار 2- صديق زوجك وتخونيه معي 3- محل عبايات واركبك حتى تضرطي 4- سواقكم وتنزلين لغرفتي اذا نامواهلك... ٥- حبيب صاحبتك 6 -جارتي بنفس الدور بالعماره #سكس_كتابي #معصيتي_راحتي #بدويه,Hate,Hate
ماتت قبل حلمها ما يتحقق ان يكون لاخوان بنى صهيون وطن يحكموه.. لانهم ياعينى نفسهم يحكموا اى حد حتى لو شوية بقر في زريبة,Hate,Hate
سؤال للمسئولين:هل انتم فعلاااا مصريين🤔‼️‼️🇪🇬🇪🇬🇪🇬 هي دي الجمهورية الجديدة‼️‼️👌🤷‍♀️ #مرتضي_يسي_للدوله_المصريه,Hate,Hate
فايغ فارغ، الله وكيلك واحد خرف ومأزوم وأبو فخري ودخيل على العراق مو بس على تشرين,Hate,Hate
من تجيني الشقه جالس ابروحي بالدمام 🥺🥺,Hate,Neutral
طيب والله كلامه مافيه شي غلط وينهى عن المنكر لكن نسبه كبيره من مغردين تويتر ينساقون سوق الابل ورا هواميرهم وهاجموا الولد عشانه مو سعودي ، مالقيت تفسير ثاني للموقف,Hate,Hate
يعني بعد الكاس عنك يا اهبل، مين الفاسد والسمسار والقاتل والغدار، مين السارق اموال الدولة، مين بيقبض من السفارات؟؟؟ وليه انتم من اي صنف من الحيونات؟؟؟ ما بتستحوا وبكل عين وقحة؟؟؟ ومبسوطين بيللي قاله البخاري؟؟؟ والله شعب غشيم.,Hate,Hate
تعرف ليش بيشتغلوا أصحاب تعز لأنهم زي البنغال يتحملون السب والجعث,Hate,Hate
كلاب وكلباتي لايك ورتويت واسوي قروب لكم وتعالوا خاص اكتبو كلب او كلبه بس عشان اختار لاتكثرون الكلام #معصيتي_راحتي,Hate,Hate
#سالب_الرياض_مبادل_الرياض_موجب_الرياض ممحون وكاش ومكوتك كبيره؟ انا موجب نحيف عمري ٢٠ وجاد الحين كلمني خاص ونتقابل,Hate,Hate
عباس عدو الزمالك #عباس_الزفر_خرب_الزمالك,Hate,Hate
اسفة بس مو من جدكم يا الصلعات تتنافسون عشان اشكال ذي كذا تمدحكم لو مدحتني بتقيأ ناقصىىن حنان يع فري البجمز من الصلعات و البويىات الكل واقع البجمز ندري بس إووو 🤢🤮🤮🤮,Hate,Hate
ديوثين … ريتويت و اكتب اسم و عمر قحبة بيتكم اللي رافعه هرمون الدياثه و الخنزره بدمك 😈🤤,Hate,Hate
طلع بس شاف صورة الشهيد سليماني ، ما عجبو,Hate,Hate
🌼🌼🌼امام صلابة وقوة وشجاعة ابطال سرايا السلام تقف الكلمات باحترام خاشعة وهي تعانق تضحيات من رسم حدود الوطن والأرض والمقدسات بالدماء حقيقة ساطعة الولاء. #سر١يا_١لسلام_لا_نظير_لها,Hate,Neutral
ناسف على سوء التفاهم انتي صح 😂 مهو برضه ي بالك حصل مع الواحد حاجات زباله من ناس قريبه اوي بس هنعمل اى هنعيش وخلاص وكل واحد ف داهيه بس عرفنا تمام كل واحد,Hate,Hate
انت دخلت مجال السياسة والاخبار والنقد ومانفع معك باقي تغرد في هاشتاق معصيتيي راحتي اتوقع بتحصل نفسك هناك,Hate,Hate
اوين الكلب سواها,Hate,Hate
عمرك سمعت مسيحي يطالب بإغلاق كنيسة لقلة المصلين فيها -بحذف سيرة مار جرجس الذي قال أنه قتل التنين وهل تم وصفه بالمخرف؟ أنا شخصيا لم أسمع ولكني سمعت عن سافل متأسلم طالب بـ: -منع الأذان لأنه يزعج الجيران -ويطالب بمنع الحجاب لأنه تخلف ورجعية -و يطالب بمنع اللحى لأنها رمز للإرهاب,Hate,Hate
الشرع بتفجير مؤخراتهم صح ! و استضافة بن لادن الارهابي! يا سلام.. وين الجمس الاسود عنك؟ نسمع بالسعودية فيه جمس اسود! طلع لامثالكم,Hate,Hate
بشعين الإنجليز...,Hate,Hate
تعالي اجلسي فوق وجهي وافركي كسك عليه #سكس_كتابي #ليز #دادي #فحل #كلب #سالب #عم #كلبة #ديوث #ديرتي #معصيتي_راحتي #ديوث_بدوي #فضفضة #اعتراف_محارم #اعترافات_سريه #اعتراف #قذر #خنزيرة #خاضع #سليف #سكس #سالب_جده #ديرتية #هورني,Hate,Hate
الله يطيح حظك,Hate,Hate
استح على وجهك آخر عمري ارد على ذباب إلكتروني إرهابي ويدافع عن حقوق البدون 😂😂😂 مكس عجيب بصراحه.,Hate,Hate
الشروط اللي قال عليها هي شروط التعدد اصلا ما انت لو مش معاك فلوس عمرو دياب وبتشحت اصلا ، تغلب واحدة معاك اكتر ليه وهي مش مستفادة من التعدد بل خسرانة عندك ضعف جنسي تتجوز ليه مش فاهمة بردو😂 مش عارفة انتوا بتنسوا ان الستات عندها رغبة جنسية بردو ليه,Hate,Hate
يدك وين ياقحبه ؟,Hate,Hate
وين الجادين فاضيه الحين مشتهيه ممحونه مولعه,Hate,Neutral
رغم شيبتي وكبرسني ولمني اسمراني زب اسود17سم $مداعبتي تهيج&amp;بوسي لذة&amp;مصي للنهودفن&amp;لحسي للكس والطيزمتعة&amp;نيكي وراوقدام وااااااو ولااروع♥واتساب فقط00967770081770,Hate,Hate
بدى بنت متحررة وجريئه ومسيطره تصير زوجتى على تويتر ونعيش احلى علاقة تحرر ومتعه مع زوجك يحبك ويفتخر بجمال جسمك امام العالم☺️🍑❤️ لو انتى متحرره تعالى خاص يقلبى☺️❤️ #ديووث #ديرتيه #ديوث #سالب #فحل #عمه #عمتكم #ليز #سحاق #معصيتيي_رlحتيي #معصيتي_راحتي +6؛'؛,Hate,Hate
#عباس_الزفر_خرب_الزمالك كانوا لاعيبة نص كم أخذوه حقهم من الزمالك واليوم ياخذها عباس الزفر,Hate,Hate
ديوث يصور محارمه مثلي تعال خاص عمري ١٧,Hate,Hate
مين الزانيه اللي مشتهيه نتخيل ونتقاحب ونعهر ونسب؟ #معصيتي_راحتي #فويس #معصيتي__راحتي #سكس_كتابي #سادي,Hate,Hate
أبي قطرية كبيرة ومو متزوجة تبي تتزوج #سكس_كتابي #معصيتي_راحتي سناب السناب فويس طفشانة فضفضة مطيعة السناب بالتعريف,Hate,Hate
صوره من سفالة وخساسة الانتعالي الضالعستاني! لن ترهبوا أبناء حضرموت لكم بالمرصاد ولن يسمحوا بتكرروا سيناريو٦٧م!,Hate,Hate
الحمدلله من زمان وانا ضد اعطاء هذا الغبي وجه ..,Hate,Hate
#عباس_الزفر_خرب_الزمالك اوو$$خخخ اربع شخصيات في العااااالم 😡😡😡😡,Hate,Hate
إلي الجحيم العاهرة الساقطة السافلة إليزابيث الثانية ها أنتي تلحقين بالعاهرة فكتوريا,Hate,Hate
#مرتضي_يسئ_للدوله_المصريه كفاااية قلة ادب وكفايه فساد ارحمونا وارحموا الشعب منه كفايه سب اعراض كفاية سيادة وحماية لشخص يسئ لمؤسسات ولرؤساء دولة كامله ماذا بعد !,Hate,Hate
عسى هالأيد الي انمدت على البنت والي صورت للشلل تطلعون قوتكم يا كلاب على هالبنت المسكينة,Hate,Hate
بغض النظر عن اذا انها كذابه او لا هذا الشي ما نعلم فيه ، لكن تجون تتهجمون وتقولون تستاهل وعبىد مشاهير ومن هالكلام لا مرا غلط فرضا السالفه صحيح ليش الشماته,Hate,Hate
يسد فمك,Hate,Hate
يا حماره غصب عنش تعزميني,Hate,Hate
مقوم وزبي كبير ابي قحبه 🔥🔥. #معصيتيٓ_راحتيٰ #سكس_كتابي #فويس #ديوث_بدوي #معصيتيي_رlحتيي #مبادل #فحل #موجب #ممحونه #مشتهيه #زبي #كسي #طيزي #هورني #كلبه_مطيعه #شوقر_دادي #كسي_يسعبل #تومبوي #معصيتي_رIحتي,Hate,Hate
معود تكون عبد.. هنيئا محورك,Hate,Hate
زينب لم ينعاك برهم ولاالحلبوسي ولا مقتدى الصدر ولا الكاظمي ولم تنعاك الشرقيه ودجله ويو تي في لانك لست الطفل ريان و لست مهسا اميني فانت محجبه وهي داعية خلع الحجاب ثم انك قتلت على يد الامريكاء اولياء نعمتهم ولو كان قاتك ايران لكانوا كلهم بواكيك عذرا زينب غير مشموله بحقوق الانسان,Hate,Hate
زانية فويس🔥تعشق الخيال والتفاصيل جوها ديااااثه محاااارم سب فجور شذوذ ماعندها حدود بالنيك تصير اختي القحبه تصير زوجتي القحبه اختاري الي تبينه واريح كسك الفاجر فويس سناب hd-cz #معصيتي_راحتي #دياثه #محارم,Hate,Hate
هتعمل ريتويت للتويته دي وهتظهر لكل الناس يلا عاوزين نتصدر بسرعة 💪🏹🇵🇪 #عباس_الزفر_خرب_الزمالك,Hate,Hate
طب غور من هنا عشان مقطعش علاقتي بيك,Hate,Hate
شي مشترك اثنينهم عديمىين كرامه,Hate,Hate
فيه كلام ودي أقوله لكن اعرف طينتها وصخه,Hate,Hate
تره نطيح حض ربك خميني .... ابن المت عة و تفخيذ الرضايع .... دينكم دين قائم على جمع الاموال و على الجن س .... الك عين تحجي ... يا شي عة كلكم نغوله نريد واحد منكم بي ذره غيره و شرف ماكو ... ابيضكم نجس,Hate,Hate
انا كنت في الحرم المكي يوم صلاة الغائب للملك فهد رحمه الله كل الناس قاموا الا ثلاث فلسطينيات كانوا بجنبي احقد شعب,Hate,Hate
حرام تمسك زبك الي اطهر من الخنزيره مامي دامني انا وبنت الشرموطه موجودين وتحت امر زبك 🔥🐽🤤♠️,Hate,Hate
الفاسد المنافق يوم القيامه هتبقى رجع الحسنات يا خطيب بذل وبحسره وندم #مرتضي_يسئ_للدوله_المصريه,Hate,Hate
عميل خائن باع الوطن للمجوس,Hate,Hate
كلهم الا مزبلة التاريخ الا كم واحد,Hate,Hate
الكعابنه قبيله لحال واحنا ما نتبع حدا اذا غيرنا ترك أصله وراح التف على قبيله ثانيه هاذ هو اللي يتسمى لمومه والتاريخ اذا تعرف فيه كفيل يبينلك مين هم الكعابنه ( صحيح انك واحد جاهل ),Hate,Hate
الي كـسها حـار بس ترسل نقطة خاص بشرط تتحمل عنف #سكس_كتابي #معصيتي_راحتي #ليز,Hate,Hate
ماشي ما المحنك كلهم تحت الوصاية . بس لازم ندافع ضد هولا اللي محسوبين علينا جنوبيين وهم منافقين ينحرون فينا مع العدو. حسبنا الله ونعم الوكيل فيهم,Hate,Hate
نطالب القضاء العراقي بمحاكمة نوري المالكي الخائن للعراق حيث أنه هو الذي كرس وجود الإحتلال الأمريكي في العراق لحد الآن بالإتفاقية المشينة والتي تسببت بمقتل الشابة زينب على يد قوات الاحتلال الأميركي. حبيب الله الخفاجي 20/9/2922,Hate,Hate
صاحب هذا المنطق اكييد عقله مش في راسه موضوع في مكان اخر ، في نهاية العمود الفقري اي منطق هذا اذا كانت الحرب بين بين روسيا ومعها الصين وبين امريكا وتبابيعها من الدول الاوروبية، كيف يستقيم المنطق ان هذه الحرب تستهدف المسلمين، وبعدين ستكون حرب نووية يعني ضد الكل ،بدل مكان عقلك.,Hate,Hate
آن الأوان لتصحو الأجيال العربية المخدوعة بالصفويين حكام إيران. فضائح مخزية تتزايد 👇👇👇👇👇🔥🔥🔥🔥🔥🔥🔥,Hate,Hate
ومحستش بنفسي غير لما وشه جاب دم بسبب اني كنت مربي ضوافري و اني عورته اكني كنت ماسك أداة حادة مثلا ف ايدي،وروحنا كلنا للمدير و كانوا عاوزين يعملولي محضر عاهه مستديمه عشان اللي عملته ف وش الواد و كمان انا مفيش ولا خربوش فيا... ساعتها عملت أقذر موقف ممكن اعمله في حياتي ف مش هكمل بقى,Hate,Hate
تتم الان عملية توجيه العقل الجمعي العراقي من خلال إستخدام الأعلام المرتزق لترسيخ مفهوم الأختيار بين الكاظمي والسوداني فقط دون منافس لهم يمثل تشرين وكأن العراقيين هم عبارة عن إطار يمثله السوداني أو تيار يمثله الكاظمي. أغلب التشرينيين رشحوا فائق الشيخ وعلى المعارضين احترام الاغلبية,Hate,Hate
اصور زبي عليها 🤤🔥,Hate,Hate
#مساج_جده اللي وده في 🍆🍆 يحجز خاص,Hate,Neutral
الله يطيح حظك يا الكاظمي هيج بس حبيت اغلط لا أكثر ولا أقل #تصبحون_على_خير وعلى عراق خالي من العملاء وتدخلات الخارج,Hate,Hate
بئس الرجل خائن وعميل وعفاشي رذيل لو أني أستطيع الإمساك به لجعلت فمه مرحاضا لأطفال اليمن قبح وجهه,Hate,Hate
طيزك👅👅👅👌👌,Hate,Hate
كسك مولع وتبي ازغبه تعالي خاص او كيك او سناب سكس كتابي سناب iby50k كيك i_b_y,Hate,Hate
خلتك رجعت مكعكع منبطح ذليل,Hate,Hate
تعالي ااخضعك وادوس على شرفك ي شرموطه🔥🔥 #معصيتي_راحتي,Hate,Hate
اغتصب،،,Hate,Hate
اااااااااااااااحححح 💋💋💋💋💋💋💋😛😝😝😝😝😛😛💋😛😛 ياليت ونا الحس طيزك,Hate,Hate
سؤال سخيف ويراد به باطل !!؟ يابو دغليب,Hate,Hate
المملكة العربية السعودية أكبر بكثير من هذه الحثالات البشرية وسلام,Hate,Hate
صاروخ بركان 2 (صنع في اليمن) نفس الصاروخ الي دك الرياض وينبع وجدة #السعودية #اليمن #صنعاء #ثورة21سبتمبر #ثورة_الحرية_ولاستقلال #اليوم_الوطني_السعودي_92,Hate,Neutral
قبل الحرب طيارة روسية دخلت الأجواء التركية كوموها ولا قال بم بلعها وسكت ده بيشتري مسيرات من ايران بعدين في مجلس الدوما لما تزيط هيتدخلوا الحروب الآن حروب اقتصاد الحيوان بيحرق الغاز بدل ما يبيعه واهم غيروا الميار الجزائر وبكرة ليبيا امريكا عايز خط نورد سنريم يوقف ووقف,Hate,Hate
تعالي انيكك 🔥🔥💧🍑🍆 #معصيتي_راحتي تجي سناب TAD4488,Hate,Hate
هل يستطيع عبده الحوثي الخروج من الكهف ؟ 😂,Hate,Hate
كلب ماكو ده يطلع ايه,Hate,Hate
اوووف تصيري قحبتي الزاينه تعي سناب,Hate,Hate
ازني فيك واهين لحمك الرخيص واعنفك تعالي خاص بسريه🤤🔥 #معصيتي_راحتي,Hate,Hate
الخولات اللي زيك لازم يحبه البسكلته اللي اسمه مرتضي,Hate,Hate
ربما هناك تفاهمات مفروضه من الخارج .. ولكنى اؤكد ان سياسه اعاده تدوير النفايات السياسيه... لن تنجح ابدا مهما انفقوا عليها ..المطلوب وضع مصلحه اغلبيه الشعب نصب اعين الجميع والاعتراف بالاخطاء ومحاوله تصحيحها بطلو كبر بقى,Hate,Hate
عااايز انيككك,Hate,Hate
هي الناس لو بقيت متربيه هيحصلهم ايه طيب ليه لازم يطلعوا ولاد وسخه ويقرفونا معاهم,Hate,Hate
شوف الكدب العمليه دي تاخدلها ساعتين وربع اقل حاجه ، ربنا يشفي المجانين,Hate,Hate
سرايا السلام هم صمام الأمان لمقدسات العراق ولشعب العراق🇮🇶 #سر١يا_١لسلام_لا_نظير_لها 🇮🇶🇮🇶,Hate,Neutral
بنت الحرام على كف والله لو هي بنتي ما يكفيني اكل لحمها وتقطيعها ورميها للقمامه,Hate,Hate
يا ريت شي كف يلف لف يهروا سنانه… صباحوووو مارغو❤️,Hate,Hate
تعال اديثك و اذلك ب صور🥵🥵 الخاص مفتوح يا كلب😉🔥 #ديوث_بدوي ء,Hate,Hate
جميله الشهراني الجزء ١ #معصيتيي_رlحتيي #معصيتي_رIحتي,Hate,Hate
ملعون ابو إتحاد الكرة علي ابو المنتخب دي فيه مكالمه لي ٤ الفجر النهارده علي القناه 🤷🏾,Hate,Hate
انا لبناني بدي اجرب مع قحبة سعودية سناب😋 #معصيتي_رIحتي #معصيتيي_رlحتيي #معصيتيي__راحتيي #ميقا #ميقا_مودل_اش #ميقا_مجاني #ميقا_حصري #سالب_الرياض #سالب_القصيم #سالب_ابها #هورني #هورني #قحاب_شراميط_مطلقات #قحـــــبه #قحبة #قحاب_جدة /,Hate,Hate
هحلبك يعني هحلبك اماني ٤٦ سنه حلابه فحول,Hate,Hate
مرتضى أراجوز الدولة هي اللي بتحركه علشان تلوي ذراع الخطيب 👌 #مرتضي_يسي_للدوله_المصريه,Hate,Hate
ليس بعد لكن هناك محاولات منذ مدة اتهموه بازدراء الأديان ثم باغتصاب امرأة لم يكن بها قط...الخ من التهم البالية وقد يعتقل بدون تهمة كما فعلوا مع الأستاذ أحمد سبيع يا أخي هذه مصر وليست أفغانستان أفغانستان الطلبة على العموم ناس يخافون الله اما مصر ففيها اراذل القوم من العسكر,Hate,Hate
احتلالين,Hate,Hate
يارجال زرق اعتذارك واركب عليه,Hate,Hate
ادعس,Hate,Hate
لهذا قلنا تبا لكن😤😂😂😂,Hate,Hate
والله كلام فاضي ما يقوله الا جاهل,Hate,Hate
الطيز اكثر شيء يجذبني مو طبيعي احب نودز الطيز اكير من اي شيء,Hate,Hate
كل الشعب العراقي وكل السياسيين، الصالحين منهم والفاسدين، وكل المحللين والإعلاميين والصحفيين والدول الإقليمية والعالمية يترقبون ما يصدر من الزعيم العراقي السيد مقتدىٰ الصدر من قرارات وأوامر فهو رجل أذهل الجميع بمفاجآته التي تصب في صالح الشعب وسيادة الوطن. #سر١يا_١لسلام_لا_نظير_لها,Hate,Neutral
عشان مهزءة,Hate,Hate
سالب تقابل وتمص الحين وتبي1000 كاش تعال خاص🔥 #سالب_خميس_مشيط,Hate,Hate
والله العيب هو السكوت عن هذي المصخره الي تصير ، (تكاثر اشكالك) حولهم لخنازير يتلطخون بالطين ويلعقون الاقدام وينسبوه لله عليهم وعليك وعلى السيستاني والخوميني لعنته ليوم الدين .,Hate,Hate
#معصيتي_رIحتي #معصيتي__راحتي #معصيتيي_رlحتيي #معصيتي_رlحتي #معصيتي #معصيتيي_رIحتيي #معصيتي__رlحتي #معصيتي_رIمعصيتي_راحتي معصيتي راحتي #معصيي_رlحتيي #معصيتي_راحتيٓ ضيفوني,Hate,Hate
- عندما تجد عباقرة في الهند يعبدون البقر - و جراح أعصاب ملحد لا يرى في خلق الله إتقان - و دكتور جامعة يناقش الله في الميراث - و أديبا في اللغة العربية يعترض على فصاحة القرآن - و مفكر يرى السنة رجعية وفي المقابل : - تجد رجلا بسيطا يقوم في عز البرد القارس ليصلي #الفجر,Hate,Hate
منو يبي عرض سناب الحين بمقابل🥰 #معصيتي_راحتي,Hate,Hate
ابغا احشر وجهي بصدرك واشمه وابوسها وارضعه اههههه #معصيتٓي_رآحتي,Hate,Hate
اكتشفت ان فيه شيعه من العراق يتابعوا الاضرعي على اساس انه عالم شيعي كبير ههههههه الله يستر لا تطلع في قنواتهم قريب,Hate,Hate
روح دافع عن بلدك وحرره من اسيادك الخليجيين الذين دمروه يا صعلوك,Hate,Hate
هاي ابغه دب ناعم حنان من جدة تعال خاص او سناب : mi0po ماعندي مكان #سالب_جده_مبادل_جده_موجب_جده #نحيف_للمتان #دبدوب_للنحاف #متين_جدة #ناعم_بنوتي #فحل #دب_مكة #معصيتي__راحتي,Hate,Hate
جمن ابو شخه يتهرب من الضرايب و يلبس شيرت عن حادثه تضرر الالاف من وراها و فوقها منشز و شين وصنه يا ساتر,Hate,Hate
ده عره هو وابنه,Hate,Hate
احاول فيه يارجال لكنه مخنث مايبي,Hate,Hate
بعد العرض حق اليوم في السبعين يا قوه الله اتمنى عدم مشاهده العرض العسكري نصيحه يا مرتزقه,Hate,Hate
الاوباش مجتمعون #عباس_الزفر_خرب_الزمالك,Hate,Hate
افتح لك كام تشوفي كيف مقوم وانيك المخده فيه فحلك معضل وطويل 🔥 #معصيتي_راحتي,Hate,Hate
ولاد بلدك نصهم فرنسين اليوم تركو بلادهم و باعوها مقابل الجنسيه الفرنسيه و بسبب انكم شعب بلا اصل استعمرتكم فرنسا ١٣٠ سنه او اكثر عكس سوريا الي رجعوها ابناء بلدها الابطال الي قلت عنهم هاربين وهم حررو سوريا كلها لولا تدخل سيدك الايراني و المجرم بوتين يا ضايع الاصل يا ابن الفرنسي,Hate,Hate
لا والله عاذرينكم لان المهابيل ما عليهم حرج والا فيه نادي محترم يعترض على غلاف سي دي بلايستيشن 😂😂😂😂,Hate,Hate
خالتى فرنسا الرداحه #مرتضي_يسئ_للدولة_المصرية,Hate,Hate
في الوقت الذي يموت الشعب اليمني جوعا وفقرا وانقطاع للمرتبات وامتهان لكرامتهم والسجون تمتلئ بألاف اليمنيين وقد سلم اليمن لايران واصبحت تحت وصاية عشرات الدول وفي مشروع تقسيم لثلاث دول،يحتفل الحوثيراني ب #نكبه_اليمن_21سبتمبر باعتبارها ثورة ! جرأة ووقاحة وتفاهة لن تجدها الا فيهم,Hate,Hate
صعاليق 😭,Hate,Hate
بزره مبلكها انا قبل امس وهي وشلة مبزره معها 🥲😂,Hate,Hate
باقي مؤخرتك انفخيها ..... او قدها وارمه من كثر.....,Hate,Hate
مالك بتتهيبل انت ايش من مشاعر😡 اسحب كلامك واعتذر قبل ما ........ اثبت لي بالفعل انك غاوي وطايش كمان مافي عندك منطق انسان عاقل بل منطق الخضعان والغويان عجيبة.. 😱😱😱,Hate,Hate
نفسي انتاك 🔞🔥,Hate,Hate
يا راجل، ما زلت في سنة ١٩٧٠؟ كان هذا زمن مولاكم وسيدكم شاه إيران الصفوي محمد رضا بهلوي الذي كان ملوككم وامراؤكم يركعون له.,Hate,Hate
قتلت اليمنيين,Hate,Hate
يافندم شوف حضرتك رؤساء العرب وشوف معظم العرب بيعملوا ايه حاليا وحاسبهم قبل ما تحاسب شخص صنع نجاحه وعالمه فى هذه البلاد واعلم أن الإسلام سينتصر رغم انف الجميع وسينتصر بأهل الروم نفسهم,Hate,Hate
مروكي منشور تاع رىيس ديالنا ماشي ديال ملك ديالك سير قود منا كي تشوف ملك ديالك سكران اركعلو و قولو عاش ملك صافي يكفيك تفووو,Hate,Hate
نروح سناب نستمتع ب شروطي اذا انت كلب مطيع وكبير ب العمر خاص #عمه #مطيع #خمسيني #اربعيني #كلب #متحرر #معصيتي_رIحتي #كافر #فاجر #عاهر #ديوث #خنيث,Hate,Hate
مواعيد سهرات فاضيه الحين للسهرات كلمني فاضيه مطلقه سعوديه ممحونة سكسيه جاده اطلع سهرات الجاد يجيني واتساب.,Hate,Neutral
كذبت يانكره أنت قذر ومنحط وتحسب الناس كلها مثلك,Hate,Hate
"جيد , أنا لا أحب الأخوان , لكن العداء المبالغ به للأخوان وترك الرافضة هذا غير منطقي وسيعود علينا بالبلاء , سلموهم العراق واليمن ولبنان وسوريا والأن العمل جار على الأردن , ماذا بقي ؟! هل تنتظرون قلع الحجر الأسود ونبش قبور الصحابة والعبث بقبر النبي صلى الله عليه وصاحبيه ؟!",Hate,Hate
مساء التعشير في المحجبات ❤️‍🔥🧕 #مسيحي_فاجر #مسلمه_في_حضن_مسيحي #مسلمة_علي_زب_مسيحي #معصيتي_رIحتي,Hate,Hate
جرحت خدي بظفر مو متوازن الله يجرح خد الموظفه اللي خلتني اقصه,Hate,Hate
وين الكلاب #عمه,Hate,Hate
ها يقائدنا الابي اهلك اعداء النبي هالارض ما تنسبي لعداههه #السرايا_ارعبت_دواعشهم,Hate,Hate
(قال رب انصرني بما كذبون * قال عما قليل ليصبحن نادمين) سوره المؤمنون #السيد_وعد_ايران_وفت #شكرا_ايران 🇮🇷 #نصرالله_سيد_الإنتصارات 💛,Hate,Hate
شسوي ترا جوفري الكلب حرg علي,Hate,Hate
ماراح ار على واحد امه جابت جزمه,Hate,Hate
السفاح من قتل مليون عراقي عام ٢٠٠٣ بحجه اسلحه دمار شامل وبعدها خرج وقال ليس هناك اسلحه لقد كذبنا عليكم,Hate,Hate
#ديوث_بدوي الحين اكبر مافيني مكوتي مو غش ذا😡,Hate,Hate
كسم التعب طيب,Hate,Hate
ايوا بس شوفي عندك انا موجودة وبعدين تقولي انك مو نابذتني انقلعي ياكذابة صدق ماتستاهلين حبي و مشاعري الحلوة,Hate,Hate
"رجالات ""إدارة المخدرات"".. فرسان السياج الأمني في وطني-2️⃣ ضبطية ""تيماء"".. المجرمون الفجرة من ""البدون""! تمكنوا من إدخال هذه الكميات المروعة والمرعبة عن طريق منفذ ""العبدلي"". القيمة السوقية للمضبوطات: ▪️(3) مليون دينار كويتي. هذه الكميات كفيلة بسحق عظام (25) ألف شاب وشابة! فاجعة👌🏻",Hate,Hate
احتاج احك كسي بكس بنت الان ! #ليز #كسي اي ولد بلووووك 👅,Hate,Hate
يمه يخوف اليوم الذكور متفقين عليا ولا ايش فوق العشره ابلكهم اليوم!!رعب,Hate,Hate
كفار قريش اشرف من هالمنافقين عالاقل رغم الخصومة مع النبي لم يمسو ابنته لكن هالانذال لا يحشمو من الكذب و هتك الاعراض,Hate,Hate
زبي متخنث ومتديث ابي عمه تحلبه وتخليه ينقط خناثه على سريري🫢 #عمه #كلبه #كلب #خنيث #خاضع #ديووث #عمه_لكل_الكلاب #كلبه_مطيعه #كلبه_خاضغه #ممحونه,Hate,Hate
لا صدق شدخلك ؟ سنابك؟ كلامك؟انت الخاتم المقصود؟,Hate,Hate
اللهم لا ترفع للحوثيين راية ولا تحقق لهم غاية وإجعلها لهم النهاية اللهم دمر معداتهم وحطم مسيراتهم وأحبط مخططاتهم ومؤمراتهم اللهم فرق جمعهم وإجعل بأسهم بينهم شديد وأرنا بهم عجائب قدرتك يارب العالمين,Hate,Hate
صباحي بضرك #معصيتي_رIحتي #معصيتي__راحتي #معصيتي_رحتي #معصيتي_راحتي #معصيتيٓ_راحتيٰ #سكس #ابي_زب #محنهه #فحل #ليز #ابي_فحل,Hate,Hate
سفير مملكة أبو منشار منع من التعزية بالملكة لأنو قتل صحفى بطريقة شيطانية عمل مجازر بالحرب الظالمة على اليمن. مصدر الإرهاب الداعشي و #الرياض_عاصمة_المخدرات مطبع مع العدو الصهيونى,Hate,Hate
ك...امك,Hate,Hate
تتوقع البدوية بترضى بزبك بعد ما جربت زب السواق العبد؟ فكر بعقل يا ديوث💦 #ديوث_بدوي,Hate,Hate
اااحاا,Hate,Neutral
#عباس_الزفر_خرب_الزمالك يلا بينا,Hate,Neutral
هذه الدكاكين يسيطر عليها جرب الشمال أحذية الملالي في إيران. لن تكون حيادية أو منصفة حتى تتطهر من هؤلاء الحثالة.,Hate,Hate
"كيف تعلم أن مسخ الوطن سيبقى مسخا؟لا زالت طاغية مواقف ال""بتحبه وما بتحبه"" والحنين للفاسد رفيق الحريري،الذي عمل بطريقة ممنهجة لتدمير الوطن ومؤسساته ورسخ الفساد وأوصلنا إلى الانهيار وجعلنا رهينة للخارج ولنظام يعيد إنتاج نفسه وفساده.مات وترك تلاميذه (منهم ""ثوار"") وإرثه يفتكون ينا.",Hate,Hate
تزييف وكذب عيني عينك وليست المشكله هنا المشكله 16 مليون جحش يتابع القناة ادوات الناتو اصبحت متخبطه ضربة بوتين مولمه جدا,Hate,Hate
ابغا واحد عمره ١٨ وتحن زبه كبيير #ديوث_بدوي,Hate,Hate
اخرسي؟ على مهلك شوي قللي جديه تراهم مو دارين عنك مجرد حشره تاركه حياتها وتسب الناس علشان ناس مودارين عنها,Hate,Hate
يدلع كسي الغرقان؟. #معصيتيٓ_راحتيٰ,Hate,Hate
بجد بقى ممكن يكون نظام الزواج والطلاق والخلع وأحوال وطبعا القايمة وطبعاااااا كله بمراجعة الأزهر والافتاء زائد الأعراف والتقاليد الز..فت بتاعتنا وبرضو الهدف ايه ؟؟؟,Hate,Hate
الزلنطحي الزفر,Hate,Hate
ما تسيبكوا من صلاح و ركزوا كده مع الهندوس الي بيهاجموا المسلمين في ليستر و شغالين شتيمة في المسلمين و اي حد مؤيد للمسلمين علي تويتر و فيس بوك و اي سوشيال ميديا ، اعملوا حاجة مفيدة,Hate,Hate
بجي بين فخوذك اكل كسك ي روحي خاص 🥵💋,Hate,Hate
النزيه « عبدالعزيز السويد » حط عليه لين صار وجهه مثل « الكرش » لو أستمر السويد في تأدبية 60 ثانية أضافية يمكن ( يهرب من الأستديو ) !؟,Hate,Hate
مافي كلب جاد يصور ولا ايش؟ #عمه #معصيتي_رIحتي #معصيتي__راحتي #كلبه #كلب #عمه #ديووث #ديوت_بدوي #ديوووث_متحرر #قحـــــبه,Hate,Hate
امم و ما قولك في السبي و انتهاك حقوق الانسان و الاستعمار باسم الدين و القتل باسم الله التاريخ الاسلامي لا يشرف و الا ما قتل الصحابى بعضهم البعض و كانوا كلهم من نفس الامة التي تفتخر بالانتساب البها,Hate,Hate
يلعن ابوووها,Hate,Hate
ودك تشوفينن زب فحلك وهو مققوم حيل وعروقه طالعه نقطه بالخاص 😋 #معصيتي_راحتي #سكس_كتابي #محنه #ما_ينهي_الحب_الا #بهاج_الاكلبي90K #السناب سك,Hate,Hate
وحده منتحلتني في التيك و الانستا و احس شوي و تنزل سروالي 😭😭😭😭,Hate,Hate
علوكي اقسم يمين انكم تتمنون ان تكونو مثل الخليج العربي انطروا كيف الخليج العربي وانظروا ايران الملاليه. بالمنظر العقلي والواقعي بس,Hate,Hate
الفنان المصري عمرو واكد: شيء مهين جدا لكيانك كإنسان انك تقبل تشتغل خدام عند واحد سايكوياتي مجنون سلطة بيخطف الناس ويعذبهم عشان مش عاجبه كلامهم. #ارحل_يا_سيسي #بلدنا_بتنهار_بسكوتنا #ثوره_العشرين_قادمه ✅ تابعونا على حساب تيليجرام (الأخبار أولا بأول),Hate,Hate
وشك ناصيه انت ياخ الزول ما يعرفك معاهو ولا ضدو وشك زي محل القون ياخ,Hate,Hate
بتال يقول ليش الحكام يلبسون ازرق انتم ناقصين اشياء سخيفه و تافهه تلصق بالحكام !! وبعدين يقول ليش ما تبتعدون عن الوان الدوري 🤦🏻 يعني يخترعون الوان جديده ،، واذا الموضوع سخيف و تافه جالس تناقش السخافة ولا وتعطي حلول للتفاهه ليش 😂😂😂,Hate,Hate
تيجي تلمييح انا اشطف بلدك,Hate,Hate
غبي؟؟؟؟؟ تراك زهراني ياحمار يقول ماتشوف اذانيك كبيره ههههههههههههههههههههه,Hate,Hate
هذا انتي اهلك ما ربوك كلام وصخ تدعين ع الناس. فخلينا التربيه لك مانبيها,Hate,Hate
مئات الحسابات الوهمية بأسماء جنوبية وحضرمية مثل النهدي والكثيري وغيرها هي بالأصل شمالية هذا الأهبل المدعو سلطان اليافعي عدل أسمه بالعربي ونسي يغيره بالإنجليزي على شان يسيئ لحضرموت بأسم يافعي.. مهيوب الشرعبي بلمح البصر اصبح سلطان اليافعي ههههههههههههه لمو هكه ياشرعبي,Hate,Hate
تخيل يطلع ابني عرص ويصيروا يقولوا له يلعن ابوك اخرتها وين اروح بحالي انا,Hate,Hate
تبي فحل اسمر,Hate,Hate
احححححح يافحلللل بشويششش عل امممميييي 😢,Hate,Hate
غباء فطري,Hate,Hate
تفاصيل عاهره,Hate,Hate
استئصال الورم الخبيث ده امر لابد منه #عباس_الزفر_خرب_الزمالك,Hate,Hate
F22 raptor تكفي لتدعس قواتهم,Hate,Hate
مفضلك ابن محشش يعني طالع محشش على ابوه ولا تتكلمين على الاخلاق وانتي ستان لجك راعي الفضايح,Hate,Hate
الله ينتقم من كل واحد باطل واذى العراق 🇮🇶,Hate,Hate
#المسيرة_عاجل | السيد عبدالملك: بعض المنتقدين يعملون على التحريض والتذمر من كل شيء، ومن يفعل ذلك فهو إما معقد نفسيا أو عميل يخدم الأعداء,Hate,Hate
🌼🦋 إللي يصحى و وزنيته مو مزبوطه لا يدخل تويتر 😒 ارحمونا من دي الاشكال اللي نصبح عليها كل يوم 🌹,Hate,Hate
هوا مصري اه بس إنسان جاهل زية زي مصرين كتير وف الاول وف الاخر هوا لاعب كورة يعني قيمته المجتمعية صفر,Hate,Hate
الله لا يسلم فيك ولا ضلع,Hate,Hate
حقيقى مافي اجماع على كراهيه شخص مثلك يا عباس حسبى الله ونعم الوكيل فيك #عباس_الزفر_خرب_الزمالك,Hate,Hate
أخس عليك ياثور,Hate,Hate
الله يكسر يدك ياحيوووااانه😭😭,Hate,Hate
هذي حرب من الاجانب لان فرصهم بدأت تتقلص بفصل التمكين لذا هم في رعب شديد اصبحوا بطريقة خبيثة هو كيف يحدون من هذا الشيئ هو ضربهم ببعض وان تمكين المرأة السبب بالبطالة وشوفة النفس عليك ايه الرجل السعودي !! ابليس مافكر فيها !👹,Hate,Hate
يا عم انت قاعد ترد بتفاهه وبطريقة صبيانية على كل واحد والله انت عريت المشايخ,Hate,Hate
مرحبا مليون بالجميع الفحول لنا وللمسلمين حلالهم حلال الجميع,Hate,Hate
#كلبه_مطيعه كيف ترضين على نفسك هالوصف مهما كان شذوذك تعال ونصحك,Hate,Hate
الله يعينني على مناقشة الحمـ_ـار ذا ما عندكم فل واهل الفل والكاذي معروفين ما يحتاج اعلمك واثقفك,Hate,Hate
هذا لأن صوته خلقه زفت,Hate,Hate
انت وقعت ومحدش سمي عليك جاي علي رئيس اعظم نادي في الكون ماتعرفش ان اصغر مافينا ارجل منك ومحدش هايسمحلك #الخطيب_ايده_نضيفه,Hate,Hate
انهم فتية امنوا بربهم وعراقهم وشعبهم #سر١يا_١لسلام_لا_نظير_لها,Hate,Neutral
هلا بالمقحبجي,Hate,Hate
وراء كل شب نفسيه وما بيسترجي يعمل فولو و ريتويت للبنات بنت كهينه قد الكمشة كابسة عنفسو ومراقبتو كيف ما تحرك 💔,Hate,Hate
أدق و اعشر لحمك يا فاجره,Hate,Hate
أشيعرض هو الإطار الإيراني منيله عرض إطار فاقد للعرض والشرف,Hate,Hate
الحمد لله إنها السعودية العظمى ياسادة ولاعزاء لحلف اللطم والاخونج خونة الأمة وحثالة المجرة مطايا الاعاجم الحاقدين الاوباش,Hate,Hate
ح #عباس_الزفر_خرب_الزمالك,Hate,Hate
الكلب يتابعني ويجحدني,Hate,Hate
جنون عظمة على الفاضي لا يعرفوا كلور ثيروي ولا لون بشرات ولا ثقافة ويخشو طيزهم في مواضيع ماتخصهم,Hate,Hate
بعرف انك تافه و سطحي و بعرف اكثر انك عبد ب نفسك يعني لا تليق بك الحرية اصلا . و بعرف انك لكثرة غبائك تهتم ببراز الخميني اكثر ما تهتم بتاريخ بلدك ، و لكن لدحض قولك الرخيص اخبرك ان اسرائيل قدمت شكوى الو الامم المتحدة ضد لبنان عندما كان لبنان قبل ان يدنسه البعث ثم حثالات ايران,Hate,Hate
كل من يقلق من ثوره ٢١ سبتمبر هووو بجانب إسرائيل ويشارك إسرائيل القلق ونقوول لهم قلقكم تحت اقدامنا,Hate,Hate
بدون حدود اذا ودك نقطه خاص بكل سريه نستمتع ونحذف بعض 🔥 #فويس #معصيتي_راحتي,Hate,Hate
اوف هذا مامعه عمل مامعه اهل مامعه شي غير زبة يفكر فية معقول في ناس هكذا,Hate,Hate
صهيوني وسخ فاشل,Hate,Hate
من يحارب المد الشيعي يجب عليه اولا محاربة فروعه من الطرق الصوفية التجانية والكركرية وغيرها من الطرق الضالة التي انتشرت بين المسلمين في 🇲🇦 مالنار في الهشيم .,Hate,Hate
#عمه #ديوث_بدوي يا كلب وش حسيت من عظمتهم 🥵🔥,Hate,Hate
قلتتت ابي مامي مابي عمات كىىىمكم🥵🔥 #معصيتي_رIحتي #عمه #ليز #محنه #متحرره #تومبوي #ليدي #اه #كسي #فحل #زب #متزوجه #ثلاثينيه #محرومه #علاقه #فويس #معصيتي_رIحتي #ليز #عمه #ديوث_بدوي #محنه #عبده #جاريه #كوين #شوقر_مامي #دادي #سادي #فحلك #مامي,Hate,Hate
اهلك من زينهم اخر همنا ياوصخ تحسبنا مثلك نتجهم على الناس عشان تفاعل تخسي ياوطي ي سلعه كل من بغاك شراك يلا دز امها واعتذراك وكلامك عن اعظم شعب لا يودي ولايجيب مانشوفك الا واطي حقير اصلا من نراك شي يلا دز امها بس,Hate,Hate
سؤال لمنتخب مصر والقائمين عليه ال شكلهم شغالين لنا فى الأزرق أيهما أحق باللعب بالاعيبة الأساسية مباراة ودية وماعندكش اى ارتباطات دولية ولا مباراة رسمية مؤهلة لبطولة قارية؟!!! انت بتستعبط ولا انت عايز الزمالك يخرج بفعل فاعل ؟!!!,Hate,Hate
شواذ وصخين😂😂😂😂,Hate,Hate
كان القرد نفع نفسه 😂😂,Hate,Neutral
اوسخ شخصية فى التاريخ 😒#عباس_الزفر_خرب_الزمالك,Hate,Hate
كسـ ر يكسـ ر ايدها بنت اللذينة,Hate,Hate
#معصيتٓي_رآحتي خااااااال ثلاثيني سوداني 🔥,Hate,Hate
امريكا مدهونة عصب وروسيا كذلك ، لحد يفكر ان هالكفره معانا ! والله لو على كيفهم كلوك بلا ملح .. الله يجعل حيلهم بينهم ويجعلهم للهلاك هم وشعوبهم وقاداتهم ودولهم,Hate,Hate
نواب وسياسيين من المحافظات الغربيه بالاخص صلاح الدين ابلغو وكلائهم ببيع كل املاكهم في العراق وتصفيتها🤣 اهربوا وتمتعو بايامكم المتبقية المعدودة وسيتم ملاحقتكم لاحقا وجلبكم وتقديمكم للعداله وسيتم استرجاع ما سرقتموه من خشمكم 😉✌️ فكل شيئ موثق ومسجل,Hate,Hate
امان العراق والشرفاء .. اما انت وامثالك لا يهم ( خنخنتهم ) لانكم صفر على شمال الأرقام الصعبه ..,Hate,Hate
في نوع من البنات مايحبون الا اللي يدعس عليهم! شي غريب,Hate,Hate
زمن الرويبضة الصبي السفيه بن سلمان ولا حول ولا قوة إلا بالله,Hate,Hate
"ريما الشمال الجربانة اللي بنص حجاب دي اللي شبه رجب البواب بتاعنا ""حرفيا""! تكون بنت رئيس المخابرات السعودية الأسبق بندر بن سلطان كاتبة بالعربي انها سفيرة حرامي الحرمين في اميركا هههه #روسيا",Hate,Hate
كل يوم اشوف اختي هيك وتخليني اشم طيزها 🤤,Hate,Hate
بنسحب بس بك* ام الي جابوه الاول,Hate,Hate
طول عمرك هطلة.,Hate,Hate
القصاص من القاتل مطلب الشعب . #امريكا_قتلت_زينب,Hate,Hate
تعالو سناب ياكلاب ckuxw #معصيتي_راحتي #عمه #عمتكم #سناب #معصيتي__راحتي #معصيتيي_رlحتيي #السناب,Hate,Hate
احلى شعور لما تنزل بخرق البدويه بنت القبايل وتروح تجلس وسط اهلها تسوي نفسها شريفه ويقطر حليبك من خرقهاويغرق كلوتها وهي جالسه بينهم اومتزوجه مستشرفه تنزل برحمها وتروح تجلس مع زوجها تسولف وكسها يقطر شهوتي على فخوذها 🔥🔥🔥🔥🔥 #معصيتي_راحتي #سكس_كتابي #ديوث_بدويظ,Hate,Hate
#فويس #معصيتي__راحتي مقاومه,Hate,Hate
الدلقان الوسخان كلب الكيزان الرمه برهان السجم وصل ول لسه ‼⁉️❌❌اكيد ح يقبضو هنا الرمه,Hate,Hate
"حتى فائق الشيخ الذي يحلم برئاسة العراق والتغيير الذي يأمله على يد ""ڤيگا الكبير"" سوف لن يحصل على منصب شرطي في العراق لا هو ولا حليفه الإطاري باسم خشان! لا مكان في العراق لزعيم القندرچية والعرگچية بحسب وصفه! #سر١يا_١لسلام_لا_نظير_لها",Hate,Hate
وانا قاعد الحىس لك تقعدين توصفين لي جسمها؟ #معصيتيٕ_راحتي #ليز,Hate,Hate
قرأت أمس قائمة أكثر 100 جامعة نجاحا في العالم. 3 جامعات منها صهيونية إسرائيلية، وتجد جامعة عربية واحدة وهي جامعة الملك عبد العزيز في السعودية. كيف فشل بلد 100 مليون مصري في إنتاج جامعة واحدة ناجحة؟ عندما أرى أسلوب كتابة باشواتها ودكاترتها أفهم السبب.,Hate,Hate
المغرب بلد الصهاينة,Hate,Hate
تعالي 😘🖕,Hate,Neutral
انت ظلمتي نفسش بيدش ازعلي ولا دقي راسش,Hate,Hate
هاي ممحونه فاضيه الحين سهرات مع الجاد الرقم خذه وتعال واتساب ممحونه فاضيه..,Hate,Hate
انا ك طالبه طب كلها كم يوم وابقى دكتوره إن شاء الله لو جاني /تني اي واحد/ه كدا لو اموت وانطرد من الوزاره كلها م ح اعاالجو اي انا هوموفوبك,Hate,Hate
مثير للشفقة وعقلك ممسوح ، بدون كرامة وتسوي اي شيء عشان ترضيني #كلب #عمه,Hate,Hate
كل هدفه التفاعل وهو طول عمره قذر لكن هالمره اندعس ويستحق ونص ندعسه وندعس كل واطي جالس يعزز له,Hate,Hate
لاتصدقوهم فكلهم كاذبون دعموا الخنزير الأهبل بدمشق,Hate,Hate
كلب/ه تنفذ اوامر تصوير اثباتك اول 🫰🏻 🍒 #معصيتي_راحتي #سكس_كتابي #فويس #ديوث_بدوي #معصيتي_راحتي #سالب #مبادل #فحل #موجب #ممحونه #مشتهيه #زبي #كسي #طيزي #هورني #ميقا #عمه #عمه_لكل_الكلاب #ليزبيان #کلبه_مطیعه #شوقردادي #كسي_يسعبل #معصيتي,Hate,Hate
انقلع الله يلعن القات واللي جابه ،ماخرب بلدنا الا مدمنين القات وزارعينه,Hate,Hate
تعال مص زبي,Hate,Hate
تعال ريحني ب زبك,Hate,Hate
"ريما الشمال الجربانة اللي بنص حجاب دي اللي شبه رجب البواب بتاعنا ""حرفيا""! تكون بنت رئيس المخابرات السعودية الأسبق بندر بن سلطان كاتبة بالعربي انها سفيرة حرامي الحرمين في اميركا هههه #خيرسون",Hate,Hate
الفساد الذي يحصل في هذه المحلة أو في تلك المحلة أو في هذا البيت أو في ذلك البيت لم تعد معصية محدودة في إطارك فقط أصبحت تخدم أمريكا وإسرائيل تخدم المجرمين من هؤلاءاليهود والنصارى.ومعنى هذا بأنه تصبح الجريمة كبيرة تصبح الجريمة كبيرة [الموالاة_والمعاداة] #السيد_حسين_بدرالدين_الحوثي,Hate,Hate
مشتهي مداعبة,Hate,Neutral
ترضى استخدم لحم حريمك البدويات المحتشمات عشان أفرغ شهوتي عليهم وامشي ؟؟ اللي مايقدر يكلمني فويس سناب لا يجي #ديوث_بدوي #معصيتيي_رlحتيي,Hate,Hate
يا بايع دينك وعرضك يبنلكلب,Hate,Hate
ممكن سالب او مبادل حنان من الراشدية او الشرايع مكة انا كبير مشعر جوي حنان ضم بوس شفشفه أحضان لحس لو تبي اللحس لك بدون تدخيل,Hate,Hate
يلعن شكلك يافايز ابهرتني وملاحظه صوتك طبق الأصل من اخوي هذي ثاني شي ابهرني بعد,Hate,Hate
عزيزي مشجع كرة القدم (وخاصة مشجع #الهلال )اذا كنت من مرتادي تويتر والمساحات خاصه فان عليك مسؤوليةحتى لوكنت مستمع فقط وجودك في بعض المساحات المنحطة ما يزيدك الا غثاء وهراء وشوشرةقد تنقص من قيتمك اكثر من ان تضيف لك شي ناهيك ان وجودك بها يزيد من قيمتها فاحرص وميز (الغث من السمين),Hate,Hate
ما عندها مما قلتي شي . ما كان تقول كذا وهي على ذمة رجل وش ذا الانحطاط . عاد الرجال يبي بكر وبدون اطفال . السوق مش حلو,Hate,Hate
على زق بس، كلاب التفاعل خاتفووو على هالاشكال,Hate,Hate
من تتخيل اني فحلهااا واركبهااا🥵 🔥سناب fhlkyy #معصيتيٓ_راحتيٰ #سكس_كتابي #فويس #ديوث_بدوي #معصيتيي_رlحتيي #لزلز #فحل #ديوث #ممحونه #مشتهيه #زبي #كسي #طيزي #هورني #ميقا #عمه #عمه_لكل_الكلاب #ليزبيان  ,Hate,Hate
ناس واطيييييييييه,Hate,Hate
ليش طيب تتمنى فرحة الكافر على المسلم,Hate,Hate
الله يغثهمم,Hate,Hate
تبي مقاطع جديدة ؟ أدخل البايو انجوي العالمي يعود سكس_كسي_قحبه_ممحونه_مبادل_ميقا_نيك_سالب_مطلقه_ورع_ورعان_اطفال_ديوث_دياثه_محارم_وراعين_ اطفال_بنات_بنت صغار_عيال مراهقات عمه_قروب شذوذ عرب عربي_سعودي_نودز,Hate,Hate
الفرق ف الزب الي يكيف,Hate,Hate
منك لله ي دلدول حنفي #عباس_الزفر_خرب_الزمالك,Hate,Hate
تعالووواا😭🔥🔥! #فويس #معصيتي_راحتي .,Hate,Hate
احححه انا مو سخيف ترا لذي الدرجة الزم حدك,Hate,Hate
تحبي ادخله,Hate,Neutral
يعورك صدرك وحلماتك بتتفجر؟ #معصيتيٓ_راحتيٰ,Hate,Hate
تعال شوفه بتنمحن🥵🔥. #سالب_جده #سالب #مبادل #مبادل_جدة #موجب_جدة #معصيتي_رlحتي #كلب_ذليل #كلب #عم #ديوث #سالب_الرياض #موجب_الرياض #سالب_مكه #موجب_مكه #سالب_الباحة #موجب_الباحة #سالب_الطايف #كلب #كلبه #سالب_الحفر #سالب_المدينة #gay #gays #ممحون #مولع #مولعه #كتابي #سيناريو,Hate,Hate
#سكس_كتابي تعالي اداعب احساسك واريح شهواتك. سناب gmailopdg,Hate,Hate
احب انيك الممحونه المشتهية🔥🔥 سناب: dev1_i #معصيتيٓ_راحتيٰ #معصيتي_رIحتي #جاد #معصيتيي_رlحتيي #جاده_جده #جادة_مكة #جادة_يدبيد #جادين #جاد_جده #فححل #فحل #فحول_جدة #ديرتيه #ديووث #كبلز_جدة #كبلز #مطلقة_جدة #قحاب_جدة #قحـــــبة #موجب_جدة #شوقر_دادي,Hate,Hate
حده حقيرررر🤣🤣🤣,Hate,Hate
بطل تبين انك جامد وكاريزما على حساب انتقادك للاخرين علشان انت كدة عيل مريض واهبل ♥️,Hate,Hate
حين يتعلق الأمر بالمقاومة. هنا ستخرج ليوث لم يخيل لك يوما أنك ستراها...💛 #نصرالله_سيد_الإنتصارات #شكرا_حزب_الله,Hate,Neutral
تعالوا نريح بعض 🥵🔥🔥 سناب: Rg_rg5 سالب قحبه ممحونه ممحون مبادل بوث ديوث دياثه موجب فحل سكس نيك تجليخ حنحنه,Hate,Hate
حلو التلكيك بس الغباء حاضر ف النحيه التانيه🤦,Hate,Hate
تصوري ساقك و فخذك ! سناب : ss2_3 #معصيتي_راحتي #سكس_كتابي #فويس #ديوث_بدوي #معصيتي_راحتي #سالب #مبادل #فحل #موجب #ممحونه #مشتهيه #زبي #كسي #طيزي #هورني #ميقا #عمه #عمه_لكل_الكلاب #ليزبيان #کلبه_مطیعه #شوقردادي #كسي_يسعبل #معصيتي .,Hate,Hate
وش مخىثة الجيران هذي داقين على ابوي بناتك ١١ بالليل طالعين,Hate,Hate
وين الهندي لو حايط مدرسه جان راح ركض العار,Hate,Hate
ثلاثيني ابي كبيرة تصور سناب واريحها لحس ونيك فويس a_am8227 ديوث_قحبه_محارم_ممحونه_عمة_سكس_فون فويس_بيبي_كس_كسي زب_زبي_طيز_طيزي_نيك الظهر_لحس_زغب_تجليخ اجلخ_ينبض_عنف_اغتصاب_لزلز_شفشفه_فحول اه_كلبه_جنس_فحل_ديوثه صدري #معصيتي_راحتي,Hate,Hate
اه ابغا ديوث او كلب صغير ناعم او كلبه تعالو سنابي z.ur44 #عمه #ديوث #معصيتي_راحتي #ليز #معصيتي_راحتي #لزه,Hate,Hate
انقلعي ما بصوره لك,Hate,Hate
منسدحه بغرفتك واهلك يحسبونك نايمه وانتي جالسه تفركينه بس خايفه لانه حسابك رسمي؟ تعالي دايركت اريحك كتابي بسريه تامه 🔥🔞 Amooh829 #معصيتي_راحتي #سكس_كتابي #كتابي #معصيتيي_راحتي #فويس #_رحتي #معصيتي_رiحتي #معصيتي_رحتي #بدويه #مربربه #معصيتي_راحتي #فويس #معصيتي_رIحتي #سادي,Hate,Hate
اسرع الشهداء لحاقا بالمولى المقدس السيد محمد محمد صادق الصدر (قدس) اسد مدينة (الثورة) الصدر كا،بوس البـ.ـعث والاجهزة القمـ.ـعية الصد،امية الشهيد الشيخ علي الكعبي(طيب الله ثراه) 2000/9/20ذكرى الرحيل الفاتحة والدعاء مشكورين #سر١يا_١لسلام_لا_نظير_لها,Hate,Hate
أذا أرادو الايرانين التخلص من حكم المجرمين الملالي جميعهم و اتباعهم من الشرطة عليهم الانتفاضه الشعبية بجميع مدن أيران كما حدث بتونس ومصر ولابد من التضحيه لانقاذكم من القتل المبرمج لكم جميعا ثورو ثورة واحده لاصغار ولا كبار يجب أن تستمرو ولا تتوقفون سيهابونكم ويرضخون مؤقت كذبآ تقيا,Hate,Hate
"ياحليله جيفارا حولي 🤔 عسى مشطت ""قذلتك "" …عشان تجي تكلم عمك وعم عمامك واهلك كلهم ..",Hate,Hate
ديوث زوجتك وجاد تعال خاص #ديوث_بدوي #ديوث_بدوي,Hate,Hate
الله يجعل روسيا تحترق باللي فيها اللي صاغ الخير تاغه وحاقد وحقير,Hate,Hate
يستاهل الأسود المفروض لا يزاحم الانجليز علما ان الإمبراطورية البريطانيه قتلت و استعبدت اجداده,Hate,Hate
النيك لو الحليب,Hate,Neutral
لو نطق الحمار لقال للمثليين أنتم أقذر البشر، هذه الأيام رائحة نتنهم تعم الوسائط هم ومن يدافعون عنهم ويصفقون لهم.,Hate,Hate
انت هتجيب حلابة الازبار امك زي مراتك,Hate,Hate
بايدن ومرتو قعدو بالصف 14بجنازة الملكة وعنا بالنبطية اذا قعد بو شخة بالصف الامامي بيحرد وبفل عالبيت.,Hate,Hate
التغريدة يامدلس بعيده عن كلامك في التسجيل. التسجيل تقول بلسانك ( نحن لسنا براضين عن بن سعود ) خلك قد كلامك,Hate,Hate
مين تجلس على وجهي🤤🔥 #ليز #معصيتي_راحتي #عمه,Hate,Hate
بلغ من العمر ارذله وبلغ من اللسان اطولة وبلغ من كره الناس ما أكثره الزفر سليط اللسان,Hate,Hate
كبير الثدي,Hate,Hate
لما تكلم بنات كتير انت كده مش جامد انت كده مقرف.,Hate,Hate
كلتبن يا اتفهه مدرب,Hate,Hate
قريبا #جروب العمه شاما وكلبها #سادية #اذلال #استعباد # #لحس #ديرتى #سكس #مص #نيك #ليز #قريبا 😘,Hate,Hate
ابي فحل:🔥 #موجب_القصيم,Hate,Neutral
قرف وربي لو كان راضي بكيفهم بس التحرش غلط يا بقر يا متحرشين وقفوا سواتكم الي ما يرضها انس وجن وحيوان قوالبه شي يسبب عقدة للابد مهما كبر الانسان,Hate,Hate
و دم اليهود محرم عليهم خخخخخ لما كانت تصير الاقتحامات ما كنا نشوف حد بتصدالهم إلا ولاد الأجهزة الأمنية الجواسيس يشيخ اتقوا الله,Hate,Hate
#عباس_الزفر_خرب_الزمالك و اللى خلق الخلق انك اوسخ واحد و افشل بنى ادم مر عالزمالك,Hate,Hate
هو في ايه ياكلاب عين مين لسه هنا حتموتني,Hate,Hate
حتى هنا اغلب القطاع الخاص اجانب الي يعملون المقابلات 🌚,Hate,Hate
مين تبي ٩٢ لحسه بكسها الاسود ؟؟ #كسي #فحل #هورني #اه #معصيتي_راحتي,Hate,Hate
حلو ده من حد معين اصل احا مين العرص اللى يمد ايده عليا ده,Hate,Hate
هاي كلبه,Hate,Hate
يا اخوانا الخيل والبغال والحمير لتركبوها مش لتناقشوها خالص ع فكره .,Hate,Hate
الصراحه محد له الحق يتديث غيرنا حنا البدو من الاجسام اللي نشوفها 🥵,Hate,Hate
ما يهمنا اصلها من نجد ولا الحجاز،، السعودي المجنس عندنا أهم منك انت غير سعودي.,Hate,Hate
ورع انت تخرعنا كذا ليه؟,Hate,Hate
احلى نار يحرق زبي😍😍😍🔥😈,Hate,Hate
 الريتش عندي بقى واطي زي صحابي .,Hate,Neutral
يخربيت طيزك يا مسيحيه 🔥🔥,Hate,Hate
اوعو تفتكرو الهاش ده تاكيد لشئ انما ده توثيق لتلطخ يد مرتضى منصور بكوارث كالعاهر،، ة عندما تلهيك الى مش قادر يثبت حاجه ع سيده كابتن الخطيب ومازال كالكلــ،، ب يلهث الخطيب مبرأ من قبل ان يدان من سليط لسان الخطيب ايده انضف منكم الخطيب اسطورة واخلاق #الخطيب_ايده_نضيفه,Hate,Hate
#تبليك_المسيى_فيصل_الايطالي لاهنتم الكل يشارك هذا لازم يندعس هو واخوياه اللي وقفوا معه … الرجال غلط على اشرف واطهر الخلق محمد صل عليه وسلم هل يرضيكم؟ #إلا_رسول_الله,Hate,Hate
السيد مقتدى الصدر الى سرايا السلام : قد لبستم الأكفان بدل الدروع ولم ترعبكم الأصوات الوقحة للعدو ولم تخضعوا للظلم أبدا ولم تتهربوا من حر وتقبل الله إعمالكم وطاعتكم  من الارشيف #سر١يا_١لسلام_لا_نظير_لها,Hate,Hate
اكبببررر حاااسد,Hate,Hate
هههههههههه اكيد انت من الجيل القديم نتكلم عن البنات الحين مستحيل بتطبخ ذبيحه,Hate,Hate
وش دخلكم بالسعودية والسعوديين مطعمكم يمني الهوية والموظفين واهتمامكم بموجه اليوم الوطني لجيب المواطن.,Hate,Hate
هه غصبن عنك و طرق عن خشمك حنا احلا منك وش بتسوين قولي يالله قولي ترا حدك بس كلام كلاااام ماحدك غيره بس يالله انقلعي و موتي حرره حنا احلا وأجمل بنات العالم,Hate,Hate
الله يشفيها لكن لو شافت واحد غيرك يحث على الدعاء لها لأن مالك قبول ولامصداقيه ،عفا الله عنك،,Hate,Hate
ياعباس ارفع ايدك الزمالك هو سيدك #عباس_الزفر_خرب_الزمالك,Hate,Hate
و حكومة الهوش والطليان .هم مرفوضة لو هذه تيارية مقبولة,Hate,Hate
قلبي عورني💔 الواطيه المعلمه والشخص اللي يصور اسفل منها,Hate,Hate
الزياره خلصت.. العلوج العجم شيسون كاعدين مكابلين شيوخ العار بمحافظات الفرات الاوسط والجنوب !!؟؟,Hate,Hate
من يبي يشوفه سناب 🔥🥵 #سكس_كتابي #فويس #ديوث_بدوي #معصيتيي_رlحتيي #لزلز #سالب #مبادل #فحل #موجب #ممحونه #مشتهيه #كسي #هورني #عمه #ليزبيان #كلبه_مطيعه #شوقر_دادي #كسي_يسعبل,Hate,Hate
صديق أحمق الصبر تؤجر. ك̷و̷د̶ ̸خ̷ص̸م̴ • سـيفــئ • ➖ ADT115 ➖ • تو يو • تويو • ➖Y2 ➖,Hate,Neutral
يعني هسي التلفون ده نازل ب جغجمية لون السودانيين ما عرفو يجيبو غير اللون ده ...؟؟! الايفون الجديد ده قاعدين يسوقو ليو باللون ده بس في البلد المنتجة دي,Hate,Hate
طفلتي تفرك كسها بسريرها ؟ 🥵 تعالي ألحس لك كسك وأريحك بيبي Snap: kxioi #سكس #سكس_كتابي #محنه #كسي #بوب_كورن #لحس_كس #معصيتي_راحتي #سناب_شات #لاين #فويس #فويس,Hate,Hate
انا لازم كل مره قبل النيك .. الحس كسها وتدخل لسانى جوه كسها وطيزها لازم اخليها تولع وتنزل عسلها قبل ما ادخل وبي فى كسها وطيزها,Hate,Hate
يعووور المقططع وربي لو انا ام البنت ل اجيها وادعس عليها بنت الكلب ماتخاف ربها,Hate,Hate
يا مجوسي لسى تناقش غبي انت في الميدان دعسنا في بطنك وفي توتر لعنا شرفك وانت مبسوط وتظحك انا اعرف الاشكال الي زيك يبحثف في توتر على ناس يلعنو شرفة علشان يقدر ينام هههههههههههههههههههههههههههههههههههههههههههههه,Hate,Hate
هو انت فاكر انك هتاخد ساليري 6000 جنية؟؟ ده انت غلبان نـــيك ي عبدوو,Hate,Neutral
احا,Hate,Hate
انفصال توتي عن زوجته بعدما تأكد من خيانتها له! -الرجل الأكثر اخلاصا في العالم خانته زوجته -الرجل الذي رفض العروض والبطولات من اجل الجمهور خانته زوجته -تبا لنساء لا يعرفون معنى الوفاء !!!!,Hate,Hate
يكلب وانا ؟؟ هههههههههههههههههههههههههههههههههههههههههههههههههههههههههههههه,Hate,Hate
كتبوا النصر بد،،مائهم #سر١يا_١لسلام_لا_نظير_لها 🇮🇶🕊✨,Hate,Neutral
انا من ابوعريش عمري ٢٠ سالب ومبادل ابي واحد كبير موجب ولا مبادل اهم شي كاش ياجي سناب za-rz1,Hate,Neutral
الله ينتقم منها انا انقهرت فديتها البنوته حبيبتي,Hate,Hate
يا حرام الله يعينكم على نفسكم🙃 لي هالدرجة التفاهه اللي فيج يالله تت,Hate,Hate
مرة واحد قتل شرطي راح دق عالفرقة 112 وقال: صرتو 111😂,Hate,Hate
خاص نيك امك,Hate,Hate
احلى خيط اللي يكون قبل النوم😋🔥🔥 #معصيتيٕ_راحتي,Hate,Neutral
مشتهي كبيره مطوعه ومحترمه اح اح #معصيتي_رIحتي,Hate,Hate
مؤخرا كل شي في البحرين مايمثل الشعب البحريني، كلها مسألة وقت وتضيع الهوية وتضيع الحقوق بكبرها. ادا ما تحركنا وأخدنا خطوة جادة حرفيا شعب البحرين كله بينتهي.,Hate,Hate
مين تحب اركبها دلوقت,Hate,Neutral
تحتل المرأة الإيرانية موقعا بارزا في مجتمعها لحظة في امرأة مش لابسي حجاب! روحو جروها عالحبس!! بعد ناقص !,Hate,Hate
وجه السيد القائد عبدالملك الحوثي في خطابه اليوم تحذيرا شديدا لدول تحالف العدوان من مواصلة عدوانهم ومواصلة نهب الثروة الوطنية كما حذر أي شركة أجنبية تتواطأ معهم في ذلك.. عليهم الحذر بعد هذا التحذير فالكل يعرف ابو جبريل اذا حذر ..,Hate,Hate
زب امتع ارضاعه 😋,Hate,Neutral
فخر العبط,Hate,Hate
احتاج عاهره لزبي العاهر تفهمه ان مو ٢٤ ساعه مشتهي #معصيتي_رIحتي,Hate,Hate
#الأهلي فوق الجميع. اول مره اشوف زملكاوي فهم وبيحاول يفهم الخلوق 😂😂,Hate,Neutral
هو فضل فيها تعدين ومعادن؟ الطيارات والهيلكوبترات رحلت الذهب بالاطنان قدااام عيونكم .. ي خونه ي عملاء,Hate,Hate
كنت تعرف يعني ايه شوف يا زلنطحي #الخطيب_ايده_نضيفه,Hate,Hate
"يعني ايه كل شوية الاقي واحد ولا واحده كاتبه ""بصوا علي الفولورز كدا و هتعرفوا عايزه ايه"" ايوة يعني انتي عايزه ايه!! اقولك بجد انتي عايزه تاخدي علي دماغك!🥴",Hate,Hate
عنصريتك تجاه فئة معينة من البشر مش مقياس على قوتك ولا نضج أفكارك هذا دليل على تفاهتك وصغر عقلك صدقني.,Hate,Hate
فين الديوث #ديوث_بدوي,Hate,Hate
"ريما الشمال الجربانة اللي بنص حجاب دي اللي شبه رجب البواب بتاعنا ""حرفيا""! تكون بنت رئيس المخابرات السعودية الأسبق بندر بن سلطان كاتبة بالعربي انها سفيرة حرامي الحرمين في اميركا هههه #اليوم_الوطني_السعودي_92",Hate,Hate
انتبهي لا ياكلك انتي وشيخك نحب ناكل الافاعي على الغد,Hate,Hate
جميع الأدلة القرآنية والعلمية تقاطعت لتؤكد ان الفراعنة ليسوا من شيد الحضارة المصرية القديمة المعجزة.... ليس لهم أي علاقة.. مجرد لصوص نقشوا واستخدموا ما وجدوه.....لو تعض الأرض ليست اليمن موطن حضارة قوم عاد فالقرآن ليس كتاب أساطير وخرافات,Hate,Hate
ومن خرجت المرأة من البيت .. أصبحت سلعة تباع وتشتري.. وأغلب تجار مواقع زواج المسيار رجال بأسماء نساء مستعارة ..,Hate,Hate
احاااا كذا ما فيه وحدة تحبني 😂😂😂,Hate,Hate
اي هبد هو غلاف قصة في عصر كانت موجها للاطفال واجزم انك لم تقرأها او تقرأ غيرها فقط تحاول انقاصه لانك تعلم هو اكبر من اليابان بنفسها,Hate,Hate
بعضهم بغرض التشوية وبعضهم أخجف وبعضهم يتخيجف وبعضهم حمار وبعضهم يستحمر باقي أمس واحد قال الطائرة المروحية اللي تجوب سماء المحافظات صناعة يمنية طبعا أي شخص يقول كلام غير معقول وغير منطقي هذا يسعى للتشوية سوى بقصد أو بغير قصد ويضحك العالم علينا بغبائة طالما مش فاهم يكن يسكت,Hate,Hate
وفيني محنه للمص مو طبيعيه🧸🔥 ١٧ وتحت تعال بصورك #مبادل_الرياض #موجب_الرياض #سالب_الرياض,Hate,Hate
طبعا لاعبين باريس عفن و مبابي 🤢,Hate,Hate
الحيوانات اللي شغالين بالمنشن المشكله مو فيهم المشكله انهم يتابعوني كلهم بحسابي الثاني ويدورون حتى فولو مني فيه 😂😭😭🖕🏼🖕🏼,Hate,Hate
ولد نصاب توي حولت له وبلك 😂,Hate,Hate
مادام قائد ثورتنا موجود بيننا وهو رأس الهرم في الثورة فلا قلق على الثورة أبدا #السيد_عبدالملك_الحوثي: أول إنجازات الثورة هي الدفاع عن هوية الشعب الإيمانية، فهم أرادوا أن يبقى شعبنا بلا هوية ولا قيم للسيطرة عليه في المستقبل من إنجازات الثورة العمل على تعزيز الروابط بين أبناء البلد,Hate,Neutral
تفتح القناه تلاقي مسلسلات سخيفة سوري ولبنان اصبحنا نتقيأ سوريين على قناة السوريين في مصر المفروض يغيروا اسم القناه ولا برنامج طبخ جايبين واحده برضه شاميه عجيبه هما غرضهم السيطره وفرض السوريين علينا,Hate,Hate
صقطت الأقنعة الزائفة،وشاهت الوجوه الغربية ومؤسساتها الحقوقية وأذنابها.,Hate,Hate
ولاية الفقيه(إيران-العراق) = محاكم التفتيش الشيعية = طاغوت واستبداد #انقذوا_شعوب_ايران_من_خامنيي,Hate,Hate
شدخلك انت زوجتك هي ولازوجته,Hate,Hate
لارحم جده ذبحني ذبحة الغيله .,Hate,Hate
اتحداك ياخيي والله مااخبل من جماهير الهلال الا اعلامهم 🤣🤣🤣 يالله العب وخاصه فيه ملصقات النصر ولاعبينه ولون المدرج اصفر وازرق العب يابو راس مثلث 🤣🤣🤣,Hate,Hate
ياخي تويتر مكان قذر,Hate,Hate
محتاج مامي اكبر مني تربيني #معصيتي_راحتي,Hate,Hate
سالب ناعم ابي عم ناعم #معصيتيي_رlحتيي #معصيتي_رIحتي #ديوث #ممحون,Hate,Hate
مرشح الإطار الذي لن يرى النور هو حامي للفاسدين وظل سبايكر مان وحرامي بيجي ووهاب وزارة النفط لصبي الجادرية وبواب إيران بالعراق.. لن ترى النور محمد شياع يصافح ظله.,Hate,Hate
بربكم ماذا نجيب هذا! يعني ننصح السعودية ان توقف الخدمات كلها وسيكون العدد 100 مليون حاج! اسمعوا من اهل الخبرة.. ببلد لا كهرباء ولا ماء ولا صحة ولا تعليم ولا أمان..! واهلها حول كربلاء يعتاشون على المزابل.! اما قلنا لكم كلهم بحاجة لمصحات عقلية! تذكروا انهم 8% من مجموع النسلمين,Hate,Hate
هو دائما يهرف بمالا يعرف.. حتى الكذاب يبون الأعلام مايسبه.. تبيهم يمدحونه على كذبه؟,Hate,Hate
طفشانة او ممحونة ؟ نقطة خاص نلعب لعبة الاسالة المحرجة #معصيتي_راحتي #معصيتيي_راحتي #معصيتيي_راحتي #كلب #كلبه_مطيعه #ليزبان #عمه_ساديه #معصيتي_راحتي #معصيتي_رحتي #سكـس_كتابي #معصيتيي_راحتي #عمه #معصيتي_رIحتي #ديووث #ديوث_بدوي #كلبه &lt;,Hate,Hate
لسه صغير وعنده بذره تعريص حلوه يحاول ينميها عشان تنفعه ويكمل مع الحاكم اللى هايجى بعد السيسى,Hate,Hate
جعل يدها الكسر 😡,Hate,Hate
منذ نكبة 21سبتمبر ومليشيا الحوثي تنتهج سياسات تجويع وإفقار شامل لم تستثن أيا من طبقات المجتمع، وباتت المشاهد التي كانت سائدة في عهد الإمامة الكهنوتية أمرا واقعا اليوم، خصوصا فيما يتعلق بتفشي الفقر والجوع في أوساط المواطنين. #نكبه_اليمن_21سبتمبر,Hate,Hate
عندما يكون الضمير فاسد و النوايا أكثر فساد فلن تنفعك الستارة و أنت تصوت لمرشح مارس الكذب و الغدر و الخيانة ( و لا يزال ) فإن الله مطلع عليك و سيفضحك على رؤس الاشهاد و لو بعد حين . #مطير #واصل #الدياحين #خيالة_الشرفا #نيوز_الدياحين #الدائرة_الرابعة #مجلس_الأمة_2022,Hate,Hate
تافهة زبالة وعقيمة,Hate,Hate
شاور الحرمه في امور شكل بيتك والاثاث او نوع الصبغ والديكور اما الحمل والانجاب وذي الامور لا تشاورها ابدا اسدحها وتوكل على ربك,Hate,Hate
قال هول أهالي بنت جبيل المجنسين 🇺🇸 🤣,Hate,Hate
بعد رعبهم من الخبز الشيعي هل سيرفض القواتيون في لبنان الهبة الإيرانية ومقدارها 120 ألف طن شهريا من مادة الفيول الشيعي الرافضي الصفوي؟هل سيرفضون تغذية مناطقهم بالكهرباء 6إلى 8 ساعات يوميا؟ هم أصحاب مباديء،وحتما سيرفضون ويفضلون العتمة،أو الاكتفاء بالنور إللي بيشع من السفير السعودي.,Hate,Hate
شي عجبك والا كلك بطيخة صيفي في بطنك لمن يسأل عن مشروع حضرموت السياسي *حضرموت حسمت امرها وهي تمد يدها للسلام والشراكة الندية في دولة ضامنة وعادلة تكون فيها حضرموت إقليما مستقلا بسيادة كاملة على ترابها وثرواتها* *والا فستكون دولة مستقلة كاملة السيادة *ليسمعها من في إذنه صمم,Hate,Hate
رغم شيبتي وكبرسني ولمني اسمراني زب اسود17سم $مداعبتي تهيج&amp;بوسي لذة&amp;مصي للنهودفن&amp;لحسي للكس والطيزمتعة&amp;نيكي وراوقدام وااااااو ولااروع♥واتساب فقط00967770081770,Hate,Hate
#معصيتيٓ_راحتيٰ #شوقردادي #شوقردادي #فويس #معصيتي_راحتي #شوقردادي ابي بنت تخليني كلب لخويها وتخليه يركبني وحول لها وربي جاد ,Hate,Hate
دز امها,Hate,Hate
انسان مايطلع الا وقت المشاكل، عمرنا ماقد شفناك بالاوقات اللي صدق اصاله تحتاجك فيه سواء لدعم او اي شي ثاني 😀 تصدق عاد والله حتى فانز اصاله دايما يتكلمون عنك انك انسان غريب وحتى فديواتك قديمه من عام الفيل ومايرتاحون لك ومن حقهم هالشي صراحه,Hate,Hate
طقاع خرك . حمار أبن حمار.,Hate,Hate
وحده قالت ترقبوا مع اجازه اليوم الوطني فيه خبر مفاجأ بيسعدنا لاصيدها الكذابه 👎🏻,Hate,Hate
والله محد يعرف من متى التاريخ صار علم بس الي نعرفه ان هذا واحد من الي حرضو الناس على التطرف والارهاب وبعدين اللي تسميهم علماء مكانهم هو السجن لا احنا ما نرضى فيهم ولا في افعالهم وما انسجنو عبث,Hate,Hate
ايام ثانويه بنت كلب ربنا يطلعنا منها ع خير.,Hate,Hate
تبين تشوفين شسوي بالمخده؟ خاص🥵🥵🥵🥵🥵🥵🥵🥵🥵🥵 ولد بلوك! #معصيتيي_رlحتيي #معصيتيي_رIحتيي #كلبه_مطيعه #معصييتي_راحتي #سكـس_كتابي #معصيتيي_رlحتي #معصيتي_راحتي #كلبه #كلبه_مطيعة ٢٤,Hate,Hate
تعالي انبحي خاااااص,Hate,Hate
انبح,Hate,Hate
الرجل يقوم بذالك ومعظم الزوجات مثل المخده لو اخذ جماد افضل,Hate,Hate
جمدان الانسان انه يبقا عادى، بس ازاى وطيزه بتاكله !!,Hate,Hate
اميره وجه النحس عليهم اقسم بالله كل كلمة تقولها ترجع عليهم اضعاف 😭😭😭😭😭😭😭,Hate,Hate
#تبليك_المسيى_فيصل_الايطالي يارجال كلهم مبزره وكلاب تفاعل والي يدافع عنهم كلب مثلهم كل يوم يطلع لنا واحد نكرة,Hate,Hate
طالبه اوردر لبس علي مقاسي و يمكن اكبر شويه دماغي:starve yourself بسرعه الهدوم كده كده هتخش فيا يا بنت الوسخه ليه تبضني عليا,Hate,Hate
الزلمة عدال دبابة التبعية شبيهم مثل الدوا-عش مرعوبين من السرايا؟ #السرايا_ارعبت_دواعشهم,Hate,Hate
اغبياء ياخي,Hate,Hate
اهه ياقحبهه,Hate,Hate
تبيني افتح حساب كيريوس عشان المخاىيث يلقون حسابات اللي مكرشين عليهم شدعوه عاد قسم او اني اعرف كل البنات عاد,Hate,Hate
عادي ترا وحده من بيتك مثل ذي وطول وقتك تحسبها ما تفهم شي 🍆,Hate,Hate
والله ان اغلب العروض و التخفيضات موجهة للرعاع من الشعب 😡🤬🤬 اشتريت عدسة من نفس الموقع قبل شهر ب ٦٧ ريال شوفووا صارت باليوم الوطني ب ٩٢ ريال يالله يستهطفوننا عيانا بيانا 🤯🤯,Hate,Hate
اه كسي غرقان ويحكني😫 #معصيتي_راحتي,Hate,Neutral
#معصيتي_راحتي مشتهية؟ ودك بسيناريو يمتعك ويدلعك؟ تعالي,Hate,Hate
المفروض يتبلك هو خويه فيصل نظام الاستشراف على ناس وعلى اخوياك لا هذي اسمها ****,Hate,Hate
هيناء كده حيوجه البطولة ويجيب حكام آخر زفت للأهلي بروح أم البروتوكول ربنا ينتقم منه قبل البطولة ما تبدأ,Hate,Hate
الأحرار يشوفو سهولة تحريرالوادي منقوات الإخوانج والتنظيمات الإرهابية لاصعوبه في المواجه سيهربون كالفئران ولاننزعج من الاصوات الذين يدعمون بقاؤهم مثل من يهزها وهي بالجفير ليخبرو ابوعوجاء نحن معكم وهم في الخارج الثقة بالله وبالحق وبالقيادة سر انتصاراتنا #سهام_الشرق_تتصدى_للارهاب,Hate,Hate
"تبين تشوفيه وهو مصلب وعروقه بارزه وتشوفي تنزيلت فحلك نطي خاص "" ""٠ ٠٠ #فويس #هنتاي #معصيتي_رآحتي",Hate,Hate
زبي مقوم,Hate,Neutral
اخس خدمة سنونو احسن منهم ب كثير خلهم ع دعايتهم ويزعم ب يضربون سنونو عشم ابليس بالجنة سنونو واثق الخطوة يمشي ملكا وداعسين ع راسهم,Hate,Hate
انت اغرب انسان بالدنيا تسوي ثريد لميسي وتطبل لكريس تتابع مباريات الريال والبرشا تذب على برونو وتتصيد على ديبروين اخاف احصلك تصلي ب كنسيه وتنصف اجواء المسيحين,Hate,Hate
لما تشتغل هتعرف ان الرجاله لكاكه ف الفاضي اكتر من الستات ولله,Hate,Hate
ولا مره شفت عراقيه دا تناج وتجب! شوكت تجبن نيج بلا هدف,Hate,Hate
g* ودا شئ متوقع من واحد زانى فاجر.,Hate,Hate
مين تبغا تشوف زبي وجسمي؟ترسل نقطة خاص🔥 #معصيتي_راحتي,Hate,Hate
وربنا ما فيه ازبل من انك تسمح لقلبك انه يحب حد، هتتهااان يا صديقي اهانة السنين والله اسمع مني.,Hate,Hate
شيطان يدعم الفتن ويهدم الأمن العام #مرتضي_يسئ_للدوله_المصريه,Hate,Hate
مبروك فوز العتيبي انتي اول حالة زومبي بالعالم,Hate,Hate
ووين الككلبات؟ 🔥🔥🔥🔥🔥 ابي كلبه الان تنفذذ اوامري وخخاضعه اتحكم فيها واخليها تحسس بنفسها انها لعبه بين رجلي اتفل عليها واعذبها تعالي سنناٱبب كسى عمه عم سادي ماستر ليز فويس ظيتلي,Hate,Hate
قسم بالله كنت مبسوطه بالفيد وانه انقذ القرد بس التعليقات الوصخة نكدت علي يامرضى هاذي مسالته حياة وموت التنفس الاصطناعي حتى المستشفيات يسوونه مابها شي . الفاظكم الوصخة خلوها بينكم وبين نفسكم,Hate,Hate
من يظن أن ثورات الباذنجان ستدخل #إيران فهو واهم. سيقطع رأس الفتنة الأميركية الصهيونية الخليجية في مهدها #شكرا_ايران,Hate,Hate
قائل هذه الفكرة إما أحمق او متأحمق.,Hate,Hate
#نكبه_اليمن_21سبتمبر يوم سلم المؤتمر الشعبي العام صنعاء للحوثيين . يوم قال صالح لكل من سيدافع عن صنعاء انتم عملاء #صاحب_ابين يقصد الرئيس هادي.,Hate,Hate
أنا لحبيبي وحبيبي لبنات الكلب,Hate,Hate
الله يكسر ايدها حسبي الله ونعم الوكيل فيها,Hate,Hate
كيف يسمح لهذا المحرض دخول المعسكر نعم ادارة فاشلة في كى شى هل يستطيع هذا المحرض دخول النادي مع هذي الادارة لن يستطيع و قريب سيتم فسخ عقود لاعبين الاهلي معك,Hate,Hate
كسر يدها والله قليل عليها الحبس,Hate,Hate
مصيبة ان تتخلى عن دينك وعروبتك وأمتك وتتبع عبدة القبور والنار المجوس الفرس لا حول ولا قوة الا بالله,Hate,Hate
800نعال على راسك منين سويتهم 800وهم مابيهم عشره نفرات أولاد الرفيقات,Hate,Hate
٣ فيهم جنون العظمه: موظفات الاحوال موظفات الاحوال موظفات الاحوال,Hate,Hate
شد ياعمي شد بالتصريحات عقبال ما تضرب بالنووي وتقوم الساعة,Hate,Hate
اقول للزوج وافضح هذه الع|هرة,Hate,Hate
#سكس_كتابي من تجي اريحها فويس,Hate,Neutral
الشره موب عليكم على اللي يثق فيكم يازلايب,Hate,Hate
شكلها باغيه تصورك علشان تخوف عيالها بصورتك لكى يناموا بالليل😂,Hate,Hate
تعالي خاص وانا اركبك وافشخك وانتي تمصيلي وادلعك لحد ماتجيلك الرعشه,Hate,Hate
جميلة بوحدرة اشرف منك و اوسخ ص ه ي ني,Hate,Hate
المسؤول العام لسرايا السلام: نأتمر بأمر الصدر ومستعدون لحسم اي أمر طارئ بسرعة فائقة اقرأ الخبر كاملا اضغط هنا لتحميل تطبيق بغداد اليوم,Hate,Neutral
زين اعترفت انكم بهايم بلا عقل و شهواتكم تتحكم فيكم زي الحيوانات سبحان الله🙏,Hate,Hate
ابد حنا نقول حطوه اصفر ماهم الهلال الا المنصات... اما انتم شف تفكيرك وعقلك الصغير جدا جدا جدا؟ تبي بطولات وانت تقول هذا لونه ازرق 😂🤣 أشك أن كل ما ينتمي لناديك انه ادلخ واغبى انسان ب الكوره الأرضية,Hate,Hate
#ديوث_بدوي وين ابو زب الي بيصفقه في مكوه امي ؟🔥,Hate,Hate
أكدمكتب المجرم الحرب الإسرائيلي يائير لبيد أن استخراج الغاز من منصة🇱🇧كاريش سيتم قريبا?إن إسرائيل تعتقد أنه من الممكن والضروري التوصل إلى اتفاق بشأن الخط البحري مع لبنان بما يخدم مصالح البلدين?الاتفاق حول الغاز سيساهم بشكل كبير في الاستقرار الإقليمي?لا علاقةله بالمفاوضات حيث ستبدأ,Hate,Neutral
الله هو مش الفيمينيست بيدعموا قضيه اجدع ولا محتاجين اوامر عشان يتخركوا 😂,Hate,Hate
ههههههه هؤلاء من اصل العرب فرع الجن,Hate,Hate
والله انك ملك الحشرات لو انت مشارك مع اتز قيمر كان بيعطيك القناة كامله وتنزل بداله,Hate,Hate
حتى فالكذ.ب فاشلين ، يجيبوا مراركة يحسنوا قليلا اللهجة الجزائرية بحكم عملهم السابق بطريقة غير شرعية في الجزائر ومن ثم يدعوا أنه جزائري وضد الدولة الجزائرية #فضح_كذب_المروكي,Hate,Hate
اعلامنا الي مسيطر عليه مليشيات حزب الشيطان البناني اموات او احياء,Hate,Hate
هذا تبعي مقوم #كلب #كلبه_مطيعه #ليزبان #عمه_ساديه #معصيتي__راحتي #معصيتي_رحتي #سكـس_كتابي #معصيتيي_راحتي #عمه #معصيتي_رIحتي #محارم #فحل #ديوث #ليز #معصيتي_راحتي #ديووث #ديوث_بدوي #كلبه #عمه #فويس #معصيتي__راحتي #معصيتيي_رlحتيي #معصيتي,Hate,Hate
إبليس,Hate,Neutral
حسبنا الله ونعم الوكيل عليهم الي سلبو بطولات كثيره على الأهلي والسبب التحكيم وسبحان الله فرحانين بهذه البطولات الحرام خلاص الي متعود على الحرام مايبغى الى الفساد والحرام والأهلي عنده بطولات دوري كثيره ومايبغون بطولات الدوري هذه تظهر وسبحان الله حاسين بالنقص امام الاهلي,Hate,Hate
بوتين بيشخ على نفسه الليله من الرعب هههههههههههههههههههههههههههههههههههههههههههههههههههههههههههههههه,Hate,Hate
#الخطيب_ايده_نضيفه ريح دماغك ده حبيبنا لم القطيع من عتابتنا كلامكوا هايف ما يأثرش غازات وليها ريحه نتنه غلابه فاكرين ح نسيبوا يا وكر فاهمين الاعيبه لو عندهم حد فى قيمته كانوا خلو اسم النادى بيبو,Hate,Hate
كتك الارف وانتا شبه جملات كفته 🤣🤣 #عباس_الزفر_خرب_الزمالك,Hate,Hate
من لايلعن أعداءالله ورسوله وأهل بيته وهم أبوبكروعمروعائشةوعمائم شيعةتترضى عليهم وتتآخى مع أتباعهم لن يستفيدمن ولايته لأهل البيت(ع).لايمكن الصدق والإخلاص والوفاءللمحب إلابالبراءةمن أعداءمن يحب{ماجعل الله لرجل من قلبين في جوفه(أي حب الله وحب الشيطان في قلب واحدلايجتمعان}4أحزاب.,Hate,Hate
وين بتركيا ولا قطر بس آمنة الله بلاش إيران عشان ما اصير ممتع ومتمتع وممتوع هههههه,Hate,Hate
نيزك يشيل ما يخلي الإنسان مخير وليس مسير أشعر بالغثيان عند رؤية هكذا انحطاط بالأنظمة..رجم امرأة تعنيف امراة تعذيب امراة لسوء فعلها كذا وكذا يا رب ابعد عنا هذا الكأس.. تحت الأرض,Hate,Hate
مت بغيظك نحن الأعلون وأنتم أولاد البغايا الساقطين,Hate,Hate
الربع عايفين وضع العراق وملتهين بتظاهرات ايران !!؟ لاويريدون يحركون الشارع الايراني هو انتم فرع ببلدكم ماحركتوه موش نوب هناك !! ايا ذيول على هالدگه,Hate,Hate
هدول الناس الكيوت الي بهمهم منظر البلد من الخارج اما الوساخة الداخلية ما بتهمهم يلعن هيك اشكال فرجلي,Hate,Hate
العراقيين مايقبلون تتهم الايرانيين بهيجي كلام! اطلب من المقاومة اعتقالك🫵🏽,Hate,Hate
اللي يوجع أنه مش مجرد فساد رهيب بالأرقام، بل فساد بهذه الضخامة وفوقه منيكة، يعني ماهمش مدايرين واجهة مشاريع صورية ينهبوا من خلالها مثلا أيها المواطن المطحون اللي حاصل في خبزتك.. بل هكي فقش عندهم بنود آيفونات وزبونات وبدالي وساعات فاخرة وإقامات خمسة نجوم سياحية إلخ ياخي كـ$ـمكم,Hate,Hate
نفسي افتحك انا فحل مصري متزوج secoseco3447 دا سنابي الي نفسك فيه,Hate,Hate
ربنا ياخده والله ويريح الناس من قرفه #مرتضي_يسئ_للدولة_المصرية #مرتضى_يهين_مؤسسات_الدوله,Hate,Hate
اذا قذفت صلاح بمقهى مصاريا وقلبوا عليك,Hate,Hate
يع كريه و يتلزق في احمد ماحد يتقبله شر حسود,Hate,Hate
انت قمر وبزازك حلوه كثير,Hate,Neutral
صدقت. اصبحوا مثل الكلاب المسعورة,Hate,Hate
أغبياء اكرهم,Hate,Hate
لن تحققو شي ولانخاف غرب مجرم,Hate,Hate
حتى الخمسينيات ما دحينهم و العشرينيات ما لهم رب,Hate,Hate
شيعي,Hate,Hate
""" بخصوص الشباب اللي يحط صورته و مطلع نص ويهه عسى ما شر سوسو ؟ خايفه تنفضحين . . "" 🌚🤣",Hate,Hate
اذا هيج الوضع بالعراق على قيادة الحشد الشعبي ان تعقد اتفاقيات دعم عسكري مع الدول لزيادة قدرات قوات الحشد العسكرية والتدريبية ماكو واحد احسن من واحد,Hate,Hate
ثمان سنوات وحزب الاخوان المسلمين حماه للحوثي من الحسم العسكري؟ ثمان سنوات وحزب لاخوان المسلمين ينهبو ثروات الشعب اليمني وينهبو التحالف بالكذب ودجل ولاحتيال علي لاشقاء؟ ثمان سنوات وعادهم مطولين يبغو ثمان فوق الثمان الذي مضت مازلو يبغو يسرقو وينهبو حزب الشيطان,Hate,Hate
زبي واقف مره وجالس اجلخ بالثوب اوريك؟؟ #فويس #معصيتي_راحتي,Hate,Hate
افرخ الزنج ? #セツナビト,Hate,Hate
اللي يقابل حساب الشخص ده يبلكه عبدالله الكعبي ده جمهور الاهلي اللي عمله لما طلع معاه اكرامي الرديني دلوقتي بيتطاول على الأهلي بامر من الشوال وبيمدح في الزفر #الخطيب_ايده_نضيفه,Hate,Hate
عادي يا بنت الناس اللي في هي دي النسوان مش اللي عندنا في مصر علي الطلاق الواحد يحط زبره في ط**** يحس انه احطه في بوقك,Hate,Hate
عجيب عقول الخونة قد قتلت شابة عراقية على يد قوات أمريكية محتلة ولم يذكرها ذاكر لكن اقاموا الدنيا على حائط مدرسة وملا باسم الكربلائي الى اين وصلت الخسة والعار عند عبيد الدولار وخدام الفضائيات مرتزقة الغرب والخليج وايتام البعث المقبور #زينب_ضحية_الاحتلال,Hate,Hate
المفروض قدام العالم كله يكسرون يدها والله شي يغبن لازم تنضرب نفس ماضربتها,Hate,Hate
إستغفر الله العظيم يارب.. إبليس👹#عباس_الزفر_خرب_الزمالك,Hate,Hate
حرق صور المجرمين خميني وخامنئي الآن في طهران. #مهسا_أمینی #إيران,Hate,Hate
عارفة ياشروق انا نجيب الصاروخ واضربو ف مين؟؟,Hate,Hate
اليوم عصابة قنديل قصفت مخيم النازحين فعلا إنك إنسان عنصري لا تملك من الإنسانية ولا من الوطنية شيء وا اسفاه على هذه العقول هل هؤلاء دواعش؟؟؟؟ حمدا لله انك كشفت نفسك وكما قال الخال رياض أصبح حظرك واجب لا فرق بينك وبين إرهاب الإخوان كما انها ك إرهاب عصابات قنديل,Hate,Hate
بي سالب نجلخ سوا كام تعال سناب s4xzx🔥ففف,Hate,Hate
يا حنان يا منان يا مستعان 🤲🏻 جل جلالك ربي مبير المفسدين ونكال الظالمين ومخزي الدجالين. #السرايا_ارعبت_دواعشهم 🇮🇶,Hate,Hate
تشرفك وتشرف عشيرتك هاي النعل لو ما ميليشياتكم جان هسة الفاسدين منزاحين ولكن ميليشياتكم اعتدت على المتظاهرين السلميين,Hate,Hate
#معصيتيٓ_راحتيٰ اااه كسيييي ابي فجور وديرتي,Hate,Hate
ابغى سالب وسيم مص وتفريش 🔥واعطيه كاش الجاد تعال خاص او سناب qp44qp4 #مبادل_ابها #موجب_ابها #سالب_خميس_مشيط #سالب_ابها,Hate,Hate
قاتل #اجتماع_تقاسم_الكعكة,Hate,Hate
300000 روسي سيكونون في محرقة أوكرانيا...وبأذن الله ستحرق بوتين,Hate,Hate
لمن تدخل مساحة لا تنفلت بالكلام زي البغبغان ونكون احنا بنتكلم في حمادة وانت تتكلم في حمادة تاني خالص وتعمل فاهم وانت حافظ 😑#بس_اقول,Hate,Hate
بزازك تجنن اووف,Hate,Hate
بعد انكشاف كذب جماعة أمريكا والسعودية البارحة بخصوص مجانية الفيول الإيراني ترى ماذا يحضرون من كذبة جديدة؟ #شكرا_إيران #السيد_وعد_إيران_وفت,Hate,Hate
هذا سوري مدري وش يبي جنسيه ؟؟ والله ما تشمها,Hate,Hate
ليك يوم ياظالم #عباس_الزفر_خرب_الزمالك,Hate,Hate
شايفه اللومل يابنت اكلب ولا,Hate,Hate
ليس وحدها الحكومة نهبت ال7مليارات دولار الليبييون يعرفون كل مسؤولي ووزير وسياسي وشيخ ومفتي وزعيم حزب ومناضل ومليشية وتيار وبوق واعيان ومنظمات أخذت نصيبها من الفساد تفووووو علي وجوهكم وعلى نضالكم ووطنيتكم يا حثالات وك لاب #ليبيا,Hate,Hate
والله يا شيخ ميلك مع الروس يعني انك تتمنى سقوط عواصم عربية بيد إيران كونها من اقوى الحلفاء للروس ووجهة ايران القادمة هي الخليج ولو بعد حين الانحراف الخلقي ما الو أي علاقة بالسياسة,Hate,Hate
هل تعلم معني كلمة انقلاب يا أخا العدو,Hate,Hate
ترى الأمم المتحدة مو من حقها تحدد هذا كويتي وهذا لأ .. بلاش خرابيط وأكاذيب أطلقها المقيمين بصورة غير قانونية و يبونا نصدقها,Hate,Hate
دادكم طفشان ومتفصخ، تعالو اوريكم. #معصيتي_راحتي #سكس_كتابي #ثلاثينيه #ممحونتي. .,Hate,Hate
هذا اللي تشاهده بالصوره هذا بن اثيوبي والحليب حليب نياق من صحراء الدهناء العربية 😊 والكوب صناعة سورية عربية 😊 والسكر من قصب السكر المصري العربي 😊 وليخسأ بنو الاصفر ☺️,Hate,Hate
كذابه نباحة واريدك ههههههههههه هههههههههههههههههههه تعالي. لا تستحين,Hate,Hate
هذا هو العراقي الكلىب القدر #حملة_تبليك_حيدر,Hate,Hate
اهززز زبي داخل رحمك 🫵🏼 خاص او سننناب abalfuz #معصيتي_راحتي #سكس_كتابي #فويس #ديوث_بدوي #معصيتي_راحتي #مبادل #فحل #موجب #ممحونه #مشتهيه #زبي #كسي #طيزي #هورني #ميقا #عمه #عمه_لكل_الكلاب #ليزبيان #کلبه_مطیعه #شوقردادي #كسي_يسعبل #معصيتي_راحت,Hate,Hate
أولوية التوظيف في #الامارات الوافد الاجنبي: تم التوظيف الوافد الاسيوي: تم التوظيف الوافد العربي: تم التوظيف المواطن: لا يوجد شاغر الطفل اللي يرضع يدري بمشكلة الباحثين عن العمل،والمسوول عن الملف الى اليوم ما عنده خبر.,Hate,Neutral
ع زق الي تبيع شرفها من شان مصاري هي سعوديه رخيصه وسخه مثلك هذا انتي بعتي شرفك عشان سحاق اللهم لا شماته بس مابي اكثر ذنوب ع فاضي اهم شي فضحكم تويتر نظفو نفسكم وربي فقر وبطاله الي عندكم بسبب ذنوبكم سلام,Hate,Hate
اهو ده بقي الخرا بعينه روح ياض العب فيها الامساك تعبك,Hate,Hate
#عباس_الزفر_خرب_الزمالك ممدوح عباس الفاسد وعصابته,Hate,Hate
اكره الاجتماعيين اكره اي شخص يكون حوله ناس كثير تحسهم منافقين وكذابين وفيك اقوا شي,Hate,Hate
لعنة الله عليه,Hate,Hate
اكلمك علي المراته بتصرف عليه الديوث تخدني في حته تانيه لا تعليق,Hate,Hate
حقيقه الفلسطينين,Hate,Hate
ع فكره مش كل البنات كويسين,Hate,Hate
شلون حشداوي و تقبل يتظاهرون ع تاج راسك 😏,Hate,Hate
ازكي كلامك كذب في كذب صحيح,Hate,Hate
الاخوان نسخه مكرره من القاعده و الدواعش و هم صناعة ارهابية,Hate,Hate
حمرا,Hate,Hate
الله يلعن عصر الإحتراف إلي شفنا ناس مثلك مو همها إلا تجمع المال من عصر الإحتراف تلاقيها في اهلك يارب خذ دعوات الاهلاوية انت والنفيعي الكلب والحميماتي موسى النجس,Hate,Hate
خربت لترند وقدا #shorts #jungkook #bts #تايكوك_مجرد_اصدقاء_يابقره,Hate,Hate
ممحونتي وينها اول وحده بتجي بوريها زبي!!❤️‍🔥 #معصيتيٓ_راحتيٰ,Hate,Hate
وين البدوية كبيرة المظرط ام شطايا مشحمه ازغبها وافرق شطاياها بزبي الكبير لين تطاقع تجي بسريه تامه #معصيتي__راحتي #معصيتي__رlحتيي #كلبه_مطيع #فاجرة #كلبه_رخيص #مطيعة #كلبه #سادي_تعذيب #عمه #عمه_متسلطه #بدويه #شوقر_مامي #جاده_جده #معصيتي_راحتي #فويس,Hate,Hate
المقطع الأصلي لجلد خفافيش خامنئي #MahsaAmini #مهسا_امينی #Mahsa_Amini,Hate,Hate
واحد من عصابه كل همهم هدم الزمالك #عباس_الزفر_خرب_الزمالك,Hate,Hate
أفصل نادي إزاي يعني .. أكيد قصدهم أفضل نادي من حيث المباني والإنشاءات مثلا أصل لو فنيا يبقي الأدمن دا عبيط,Hate,Hate
حسيت لأن نفس اسلوبها المستفز 😭😭😭😭😭 تقول عن جيرارد منفوخ عشانه ما حقق ولا دوري و هيندرسون حقق دوري 😭,Hate,Hate
سرايا السلام مهمتها الدفاع عن الوطن والمقدسات وسلاحها مرفوع بوجه الإرهـ..ـاب، أيا كان عنوان الإرهـ..ـاب، وهم ذوو سمعة ناصعة البياض في أخلاقهم وانضباطهم ووطنيتهم وعدم تبعيتهم، وأهالي المناطق المحررة متعاونون معهم على أكمل وجه، وهذه نعمة عظيمة. فشكرا لهم #سر١يا_١لسلام_لا_نظير_لها,Hate,Hate
#معصيتيٕ_راحتي #فويس #تومبوي صدق ليش بنات حايللللل مايجون خاص؟ تعالو ترا ماكل,Hate,Hate
اذا شهد عليك أهل بيتك حل قتلك 👇👇👇,Hate,Hate
بلا متاكلين خرا لو سمحتي ؟ كلامچ هذا الفارغ الي دا يثبت شگد أنت جاهلة بالدين القرآن يگول (لا أكراه في الدين) ماكو أي جبر بالدين هاي اولا ثانيا مال اذا انت مو مسلمة روحي للغرب الكافر ؟؟ العراق مو بلد المسلمين فقط ولا بلد الخلفوچ والغرب الكافر ياريتنا نتعلم منه على الاقل أحسن.,Hate,Hate
ملاااااااين من العرب نزفت دمائهم و نزلت دموعهم وازهقت ارواحهم وانتهك شرفهم وكرامتهم بسبب قطر ومفتي قطر الكلباوي فلا تتباكى على البعيد وتتغاضى عن القريب اللهم ارنا في قطر ربيعا عربيا لايبقي ولايذر اللهم ارنا فيهم اضعاف اضعاف اضعاف مافعلةه في ارض العرب,Hate,Hate
طز في العالم الامصاري اخر همنا رايهم كلاب الفلسطز. منجدك ؟ يهمك راي الفلسطيزي؟ لابوهم لابو من جمعهم. ماهي اول ولا اخر حرب تشويه سمعة. الثقة في النفس مهمة اركدوا لااا ومعدة ومقدمة اظن البرنامج ابو٥٣ زوجة تراها بنت,Hate,Hate
من تبي الحس كسها عمري 16 #معصيتيٓ_راحتيٰ,Hate,Hate
#عمه كلبه تعالي خاص بسرعه,Hate,Hate
الله يكسر يدينها,Hate,Hate
مساكين اللهم لا شمانه عايشن الصومال احسن منهم وتجي كربوزية بغالة في الخليج او إسبانيا تهدر على الزريبة تاع السادس 😂 😂 😂,Hate,Hate
صدقت هم عنصريين,Hate,Hate
انتم عبيد لاميركا أما نحن أسياد في ولاية الفقيه☺️ #شكرا_ايران,Hate,Hate
انت الي وخري صاحية تهبدي,Hate,Hate
ابي امسكها واصفقها وارجعها كىى امها,Hate,Hate
نتما لي قطعتو عليها الضوء؟ 🤔 و مالكم متخلوهش مقطوع 😂😂😂😂 . تكذبو و تصدقو رواحكم . مرضكم لا علاج له. لم تستطيعو الحصول حتى و لو على كلمة اعتذار، قالك حنا مسقلين 😂😂😂,Hate,Hate
مباراة ممكن اما ثلاث كذا انت الغلطان وتمشي ورى القطيع🐑🐏,Hate,Hate
ممدوح عباس ..عدو الزمالك الاول سرطان لابد من استئصاله #عباس_الزفر_خرب_الزمالك,Hate,Hate
طب ما اعملك بلوك يسطا و اقولك متكلمنيش و انت تفضل مصمم و تعمل اكونتات فيك و تبعتلي ع كيوريس وقتها هشوفك تستحق فا اكلمك و البقاء للاقوي لكن تنسحب من اول المعركة كدة ؟ اخصصصص,Hate,Hate
فاسد قاتل,Hate,Hate
خير خير وجع وينكم يوم البث مالومه إذا ضاق لا حضور ولا تكبيس والبعض كلامه مرض مالومه يوم قفل ترى عز غير والله غير مب من المشاهير الأقزام الي يتحكمون فيها الجمهور #عز_بوظهير,Hate,Hate
طيزك صغير وعذاب تدخيل من الخلف احححخحخحخ,Hate,Hate
جينا نبايعك يبن الصدر جينه شدينا الچـفـن لـيك وتعنيـنـه جينا لوالدك والكوفة وفايه للموت اعـتنينا نرفـع الرايه جيش المهدي وشحده اليلاوينه جينا نبايـعـك يبن الصدر جيـنه #سر١يا_١لسلام_لا_نظير_لها,Hate,Neutral
امنيتي اشوف خشم خامنائي امرغ بالتراب,Hate,Hate
اليمين المسيحي عم يشلخوا حالهم يلا يا كلاب انبحوا كمان بلدكم اصبح محتل و انتوا ما فيكم رجال يقاوم الإحتلال الإيراني اكتر شي بتعملوه هو الصياح🤣,Hate,Hate
اذا كان بولي عصيرك المفضل لايك,Hate,Neutral
يا سعودي ان رجلا نزل بعائشه اصبح مجنبا ليش جاوب بسرعه ؟؟ #النجف_دار_المتعه,Hate,Hate
والله حتى الشبشب وانت بكرامه خساره فيه,Hate,Hate
في بلدك خائن الحرمين ومطبع وسافك دم وما بتفتح تمك روح عند رايسك حاسبو ورجاع حاسب اللبناني لمصيتو دمو انتو ولامركان بس يصير عندكون حريه وعداله واسلام حقيقي وعروبه بتحكو #شكرا_حزب_الله #شكرا_إيران,Hate,Hate
اما بخصوص ابو مهدي المهندس رضون الله تعالى علية. هونعيم وجنة ان شاء الله. لن لي قتلة خنزير يهودي قتلة غدر رحمت الله على روح قادة النصر رضون الله عليهم,Hate,Hate
كذااااب وربي قمطتتتت,Hate,Hate
ماشطركم بالتمثيل إذا للحرباء دموع بيكون لنانسي دموع اين دموعها على محمد الدرة أو شيرين أبو عاقلة الامريكية هي دموع سياسية نكاية بتركيا هى دموع التماسيح,Hate,Hate
المثل بيقول ودت العاهرة لو ان كل النساء زواني عشان كدا بيشتموا الخطيب وبيتهموه ومع ذلك براءته ونضافة ايده دايما بتظهر #الخطيب_ايده_نضيفه,Hate,Hate
شيك تحت التغريده يازفت🙏🏻,Hate,Hate
ماذا يتعاطى المصريون؟,Hate,Neutral
#عباس_الزفر_خرب_الزمالك مش كفايه عليك يا راجل ي ن ج س تبقي ف ارذل العمر ولسه بتخرب ف الزمالك بعد العشر سنين العجاف.... الي مزبلة التاريخ بجدارة و سيبقي الزمالك رغما عنك,Hate,Hate
للوطنجية الذين تعودوا الكذب والتدليس... السعودي أحمد الديبان هو مدير المسجد المركزي في لندن وهو من رتب أمر الصلاة على روح #الملكة_إليزابيث !!!,Hate,Hate
#معصيتي_راحتي ابي بنت مشعره والكوكو حقها اسود وغابه ومليان شعر وجوك ديرتي ابي مشعر مشعر ومليان شعر ابي اللحسه واستلذ بطعمه وتحبين المحارم وميهم عمرك حتى لوطفله او عمرك ٤٠ المهم مشعر نصور لبعض ونتمتع تعالي خاص يليت تكوني سمرا حقي مشعر مره 🔥🔥🔥🔥🔥🔥🔥🔥🔥🔥🔥🔥🔥🔥🔥,Hate,Hate
"مستوطنون يؤدون ما يسمى ""السجود الملحمي"" على أبواب المسجد الأقصى صباح اليوم... حسبنا الله ونعم الوكيل الله ياخذهم..... ياحيف عالعرب 💔🤨 #طوفان_الاقتحامات #فريق_نبض_الأقصى",Hate,Hate
ومن قالك ان هذولي يتبعون دين الله هذولي لهم دين خاص فيهم ليس فيه ذكر لله هم يتبعون ويقدسون اشخاص فقط وهذا شرك بالله,Hate,Hate
ذا فطوركم يكلابي 💦😈🖕🏾🤫🍆 #كلب_مخصي #مهان #ديوث_بدوي #كلب_مطيع #خنيث_بدوي,Hate,Hate
وبعدين نشوفها فاكه فمها تصيييح وتدعم النساء والقذره ترد عليه بأمه لعن الله مخك,Hate,Hate
😂😂😂والله انك فحل يالنصار ( هرب هروب الشياطين عند سماع الأذان ),Hate,Hate
والله ما الوقح غيرك كبار السن على راسنا يالمراهقه,Hate,Hate
لا كاتب cc يعني نسخه زي زوجته مثل النمله تبي تنتحر بس شكل زوجته قصيره وتنط من السرير 😭😭😭,Hate,Hate
وش قصدك ياوصخ,Hate,Hate
الرجل هو القائد المراة هي التابع له انتهى النقاش💪🏻,Hate,Hate
لن تفلحوا أبدا وكيانكم المؤقت بدأ العد التنازلي لنهايته. جاء #وعد_الآخرة (فإذا جاء وعد الآخرة ليسوءوا وجوهكم وليدخلوا المسجد كما دخلوه أول مرة وليتبروا ماعلو تتبيرا) #مهسا_امینی #خطاب_أمير_قطر #جواب_الأسئلة,Hate,Hate
بنات هاد واحد وسخ ووقح ومش متربي لا تتابعوه ، الله لا يوفقه #ببجي,Hate,Hate
"مبادل مفتوح فخم جنوب الرياض ابي فخم جاد يكتب سناب خاص واضيفه 🧿🔥🔥🔥., #عمه_لكل_كلب #عمه #سالب_الرياض #موجب_الرياض #مبادل_الرياض #كبلز_الرياض",Hate,Hate
#انترنت_غير_محدود_في_مصر اخبار برلمان الكوسة والمهلبية ايه 😂 مش اقولو انهم هيشوفو الموضوع بلد بنت ******* ياجدع علي الطلاق بلد بنت******* في******,Hate,Hate
.جاده هاي اطلع سهرات الجاد يجني هاي. مشتهيه اطلع سهرات جاده رقمي واتساب فاضيه الحين مولعه مين الي يجني الحين,Hate,Neutral
كذاب ابتكم ولعن الله من قبلها ثورة .. لا ثورة الا ثورتي ٢٦ سبتمبر و١٤ اكتوبر.. ولن نقبل بغيرهما بديلا #نكبه_اليمن_21سبتمبر,Hate,Hate
تعالو سناب ياكلاب ckuxw #معصيتي_راحتي #عمه #عمتكم #سناب #معصيتي__راحتي #معصيتيي_رlحتيي,Hate,Hate
⭕️من طوام برنامج تدوير النفايات لاطار الذيول ؛ #حنان_الفتلاوي وزيرة للصحة❗️ 📍هل ستطبق نظرية التوازن بالقتل ( 7 ❌ 7 ) المبدعة في وزارة الصحة ⁉️ 🔻فتعمم على المستشفيات ؛ اذا مات سبعة (7) من الشيعة فيجب ان يموت امامهم (7) من السنة ⁉️😳😜,Hate,Hate
اذا رجعت ليش ماراح تحضر! وايجي يا ابن الكلب JISOO DESERVES BETTER!!!,Hate,Hate
الخطيب شبهنا واحنا شبة انما الزناطير شبة واحد كلهم #الخطيب_ايده_نضيفه,Hate,Hate
"يستفاد من بعض الروايات أن (العراق يشور)! ففي نهج البلاغة يقول الإمام علي (عليه السلام) عن الكوفة، أي (العراق): ""وإني لأعلم أنه ما أراد بك جبار سوءا إلا ابتلاه الله بشاغل ورماه بقاتل"" فيا دول العالم ويا دول الإقليم: إن العراق يشور، فديروا بالكم! #سر١يا_١لسلام_لا_نظير_لها",Hate,Hate
حط وجهك ورطبها لسيدك يا قووااد,Hate,Hate
طفشانه تعالي سناب سنابي l5eef #معصيتي_راحتي #معصيتي_راحتي #معصيتيي_راحتي #معصيتيي_راحتي #معصيتي__راحتي #معصيتي_رحتي #سكـس #معصيتيي_راحتي #معصيتي_رIحتي #معصيتي_رlحتي #معصيتي_راحتيء #فويس #معصيتيي_راحتي,Hate,Hate
شكلك من شبيحة الحصني,Hate,Hate
#عباس_الزفر_خرب_الزمالك دلد. ول الأهلي,Hate,Hate
لا والله يلي بتسوي هيك بزوحها بنت حرام حتى لو كان مابيسوى مو منيح بحقو,Hate,Hate
ابي موجب او فحل نحيف يفتحني 🔥🔥 انا رجولي مشعر 172/30/74 هذا سنابي: q.q3m2 #موجب #سالب #موجب_الرياض_سالب_الرياض_مبادل_الرياض #موحب_الرياض #سالب_الرياض #سالب_الرياض_مبادل_الرياض_موجب_الرياض #تبادل #بوث,Hate,Neutral
ابي عمه تذلني خاضع مهان تحت امرك واصور خاص او سناب عمتي aaazz210 #عمه,Hate,Hate
دعسناه واعتزل,Hate,Hate
الفاشل ممدوح عباس اللي أودي بالزمالك لعصور الظلام، جاء ك رئيس للنادي، ف اغرق النادي في الديون و الهزائم و كان ذليل للحمر. اهدر حق الزمالك في جميع المحلات اللي في سور النادي بعقود رمزية، و كان بيقبض عمولته من تحت الطرابيزة. #عباس_الزفر_خرب_الزمالك,Hate,Hate
ماشوفتش منه حاجه كويسه أول ما يلاقي الزمالك ماشي كويس يخرب ويحجز عليه #عباس_الزفر_خرب_الزمالك,Hate,Hate
صح السانج 👍🙂 المشكله مو فيهم لان احنا عارفين اهدافهم من الوصول للمجلس الحجى باللي دبجة عليهم كل هذا مو مستوعبين ؟ المخ محشو بالقطن؟ 🤔,Hate,Hate
وبوتن كذاب كلب ماحقو شحاطة دقو راسو بي اوكرانيا وماطلع منو شي,Hate,Hate
من ينيك فقاح محارمي بنات الضروط؟🔥🥵🙈.. ابي فحل عماني عنيف يروض اهلي🇴🇲#ديوث_بدوي #معصيتي_راحتيء #مسقط #ديوووث_متحرر #ديوووث_بدوي #ديووث,Hate,Hate
تعالي مكانها ابول عليج,Hate,Hate
#معصيتي_رIحتي #معصيتيي_رlحتيي اهههه بنات وينكم💔,Hate,Hate
نزلت ميقا مجاني🔞🙈🔥 #معصيتي_راحتي #سكس_كتابي #فويس #_بدوي #معصيتي_راحتي #لزلز #معصيتي_رIحتي #مبادل #فحل #موجب #ممحونه #مشتهيه #زبي #كسي #طيزي #ميقا #عمه #عمه_لكل_الكلاب #ليزبيان #ليز #كسي #لزلز,Hate,Hate
شاهد صوره كوهين #عباس_الزفر_خرب_الزمالك,Hate,Hate
اللي كبيره بالعمر او متزوجه محرومه جسمها مترهل تجي نمتع بعض زبي يبيك xxxxxo16 #معصيتي_راحتي #ديرتيه #مشتهيه #ممحونه #قحبه #قحاب_تويتر #فحل #فويس #نيك #سكس_كتابي #قحبه_ديرتيه #سكس #مسعبل #محنه #هورني #زب #معصيتيي_رlحتيي #معصيتي__راحتي,Hate,Hate
تعالي مصيه,Hate,Hate
شو انك تافه ورخيص,Hate,Hate
"ورع👈🏼 الورعان الذين انضموا مؤخرا لما يسمى""معارصة""في بلاد الكفر، يرفع شعار(ضد التطبيع)والعجيب أن المنظمات والمخابرات التي تدعمهم تابعة لدولة التطبيع! ينبحون في الشوارع كالكلاب من أجل الحرية والديمقراطية وحقوق ممارسة الشذوذ، وهو يستعد الآن لتكريم حسابي بـBlock🤪",Hate,Hate
نسهر ونشرب ونقعد نلعب ونقصف على افلام ونيك وقصص وبعد 24 ساعة بقوم لنيكك خليكي تفرضي وتشتهي عالاخر اممم لو ترجع الايام كانت متعة ومحنة طويلة,Hate,Hate
بعد ٢٠ دقيقه بنشوف قدير الزبال وقدير المؤمن وقدير الزعلان وقدير الصايع❤️‍🔥❤️‍🔥❤️‍🔥 #TolgaSarıtaş #Baba,Hate,Hate
انا موجب كاش اربعيني مين يبغى احضان وحنان ويمص لي ؟ بنت او سالب ناعم نحيف اقل من ١٩ #سالب_نجران,Hate,Hate
نعم الفاطميين المبتدعه والقراطمه الذين هدموا الكعبه وسرقوا الحجر الاسود والصفويين الذي تعاونوا مع النصارى على قتل السنة في ايران وتشييعهم بالغصب لكن ماسمعنا عن فتوحات اسلامية,Hate,Hate
البنات لما يكونوا عندهم مشكله بيدوروا علي بوست يليق بالمشكله اكتر ما بيدوروا علي حل ليها,Hate,Hate
طبعا انتم في قطر اصابكم الجنان ليش ألمانيا ما اخذت من عندكم 😂😂 ان شاء الله نكتشف حقول غاز ثانية في حضرموت وشبوة وننافسكم اذا لديكم اي استفسارات يمكنكم مراجعة نائب الرئيس والمسؤول عن الملف المالي والاقتصادي الرئيس عيدروس الزبيدي حفظه الله,Hate,Hate
هههه طبعا بس انتي يالبنت حرام حتى حرام تجربين زي الهبلة تتزوج وماتدري عن شي,Hate,Hate
ده عايز حد يلسوعه علي قفاه #عباس_الزفر_خرب_الزمالك,Hate,Hate
قلك في واحد سمين علق صورته طاحت🙂,Hate,Hate
والله يا زين برد القاع و لا انسان حمار يحسب انه اخر حبه بالدنيا,Hate,Hate
من وده يقابل من صبيا 😉🍆🔥.,Hate,Neutral
عباس الكلب#عباس_الزفر_خرب_الزمالك,Hate,Hate
ازاي كل ده يا اردوغان ؟ ما انت عند الاخ عبد الله الشريف مطبع لإسرائيل وعند محاهدين الكذابين بعت حلب وتقول الكلام ده في الامم المتحدة؟ عايز اعرف مين الكذاب ؟ أردوغان يدعو العالم لدعم المشروع السكني في سوريا,Hate,Hate
#موجب_الرس ابيي فحححل بعمريي٢١,Hate,Hate
كتابي؟ خاص #معصيتيٓ_راحتيٰ,Hate,Hate
#الخطيب_ايده_نضيفه اللهم رد كيد الكاءدين واجعل مكرهم بورا واشغلهم فى نفوسهم واجعل كيدهم فى نحورهم وأرنا فيهم ايه أنهم لا يعجزونك وحسبنا الله ونعم الوكيل فى ماكر للاهلى وجمهوره ولرمزه الحبيب بيبو,Hate,Hate
انا ابغا انيكك طيز وكس ولحس كسك وشرب عسل كسك ادخل لساني بجوه كسك امممم فديت كسك,Hate,Hate
بنوا امية فيهم صحابة رسول الله عليه الصلاة والسلام وانتم اعداء الاسلام,Hate,Hate
تعرف ان الكب ده عديم الضمير هو شريك اساسي في كل صفقات الاهلي ان لم يكن الممول الاول لهم #عباس_الزفر_خرب_الزمالك,Hate,Hate
هذا الشخص منتحل دور الكلب المسعور وما مخلي احد ما عاضه، حرامات حتى الهمجي عنده تويتر🙄🙄,Hate,Hate
ونعل بيكم التل كله تحجون على منتظر وهذي البنوته ليمونه وسويتوهم يحرضون ومحد حجى شلون انتوا مقرفين كاعدين تقارنون مشاكلكم بغيركم وتستهينون باوضاعهم,Hate,Hate
نريد دور واضح للأمن الوطني والأستخبارات بالقبض على هؤلاء النكرات الشواذ وأقامة دعوى قضائيه بحقهم وعدم التنازل عنهم مطلقآ لينالوا عقابهم العادل وليكونوا عبرتآ لغيرهم من حثالات المجتمع,Hate,Hate
هادي كلبة تاعي وتموت علا رجليا وانا نحبها بزاف علاخاطرش مطيعة وتسمع لهدرة وانا لي تكون طيعني وتلبي اوامر تاوعي نديرها كلبتي 👑👑👑 الملكة امينة 👑👑 👑👑Tata amina👑👑,Hate,Hate
#مرتضي_يسئ_للدولة_المصرية انت لما تبقي قاعد في مجلس وواحد بس يشاور عليك بصباعة تبقي عاوز تقوم تاكلة بسنانك اذاي المسؤولين والقيادات بيشوفوا الاهانة اليومية ديه وساكتين يعني اذاي واحد يطلع يقول البلد دي مفهاش رجالة وواخد حريتة عادي فين هيبتكم كمسؤولين واهم حاجه فين هيبة الدولة,Hate,Hate
الفترة بتاعت عباس أفندي كانت أسوأ فترة على نادي الزمالك 🇦🇹 فااااااماااااعليش مش لازم نسمح بتكرارها تاني #عباس_الزفر_خرب_الزمالك,Hate,Hate
بسد حقلك بزبي تبلعيه للاخير وغصب عنك بعد ما ابيك تتنفسي يالخنزيرة,Hate,Hate
ودي استفسر من البنات ال هنا عن شي بكامل الاحترام والادب انا توني متزوج 🤍 #معصيتي_راحتي #سكس_كتابي 🖤,Hate,Hate
كل شغلكم الشغال اليمن ليس اصل العرب واليمن واليمن دمرتوا اليمن بحقدكم ايها البدو الملاعين شس نعل اصغر يمني براس اكبر كبير عندكم يا تربية الخدامة الفلبينيه والهندية ماهذا الحقد الدفين على يمن الحضارة والتاريخ يامن ليس لكم تاريخ ولا حاظر انتم مطاياء للامريكان والصهاينة ت ف ل ه,Hate,Hate
جارنا المسيحي بس يشوف امي طالع او داخل البيت لازم يربيها وعلمها قيمتها,Hate,Hate
المشكله في الغباء الي ما يفهمه😂😂,Hate,Neutral
انه افشل سفير عرفته مملكة الشر,Hate,Hate
أنا شفت الرسم وحكمت أن هذه القصة المصورة معرصة من الرسم صرت أعرف المعرص من الجيد 😭😭,Hate,Hate
يعني طيىزك فهمت؟,Hate,Hate
انزلي على اربع و شمي خصاويني وهم معرقين #معصيتي_راحتي #عم #عمه #فحل #نياج #دادي #اماراتي #شهاي #شهايه #عيز #عيزي #زب #سمبول #قحبه #جلبه #رخيصه #كلبه #منيوجه #مهانه #الامارات #ابوظبي #دبي #العين,Hate,Hate
اقوي دعم لفحل المسلمات ابانوب الفاشخ ✝️ ياريت ال5ولات تبطل بلاغات عليه هو حارقكم اوي كده ولا هو علشان بيقول الحقيقه ريتويت كتير ومتابعه ليه,Hate,Hate
احقر ثورة بالعالم هي الثورة السورية التي من خلالها اكتشفنا هكذا نماذج من الوقاحة والحقارة والعفن الموجودة بي هيك مساحات ثوار سوريين + اسرائيليين + سعوديين كلاب تنبح بالغة العربية فقط,Hate,Hate
انتي مشطي شعرك وخليك بالمطبخ احسن لك !!,Hate,Hate
مع الوضع المزري ذا اتمنى الرئيس بكبره يمشي ماوقفت على اليغري بس البيئه كلها عفن🙂,Hate,Hate
قحبه ديوثه رخيصه تعالي لفحلك الأجنبي اخض مكوتك ووسع خرقك وسط بيتكم وعلى سرير امك ياعاهره كلشي مباح ومتاح عند فحلك الأجنبي دياثه واغتصاب وفجور قحبه رخيصه خاص ديوث خنيث خاص ،،،،،، #سكس_كتابي #قحبه #رخيصه #كلبه #معصيتي_راحتي,Hate,Hate
اخخ من الحمىىر يحسبون الكاسيت والسيدي والالبوم ثمان نسخ مع نسخ العضوات شذا الغىاء,Hate,Hate
بسأل نفسي كتير هو ليه مع بدايه بطوله افريقيا دايما نلاقي الزمالك في صراعات والدخول فدوامه حل مجلس الاداره وهدم الاستقرار الي بناءآ لازم ولابد الفريق بيخسر البطوله _ملقتش سبب غير ممدوح عباس الوجه الاخر للحرامي الخطيب. #عباس_الزفر_خرب_الزمالك,Hate,Hate
سرايا السلام رمز الفداء والتضحيات,Hate,Neutral
ممكن أبص للمستقبل عادي واتعلم من الناس دي لأنهم متقدمين عني ، إنما مش ممكن أحتفل بيهم أو أنعي من تسبب في موت أجدادي ، تسبب في هلاك دول عربية وزرع لبي صهيوني في الأراضي المقدسة ، دا أنا أفرح لهلاك الظالمين,Hate,Hate
لن نصالح بإذن الله ولكن المنطقة ليست تحت سيطرتي او سيطرتك بل تحت سيطرة الخونة ومن يريد تغيير الواقع هذا فعليه البدء بالتخلص منهم اولا,Hate,Hate
وحرب الملوك بالمنىكه,Hate,Hate
مرحبا 🏅💥حفلات⚡🏅➰سهرات💥🏅⚡بنات➰🏅💥دبي⚡🏅➰قواده💥⚡🏅مغربيات💥🏅➰جراره⚡🏅💥عجمان⚡🏅➰صغار💥🏅⚡هاي كلاص💥🏅➰احجز⚡🏅فندق💥🏅➰تواصل🏅⚡00971504028218,Hate,Neutral
حلال امسكوهه يستاهل وش مطيرك يابن الكلب,Hate,Hate
أدري انك انسانه محترمه ومؤدبة وراقية ولك مكانتك و احيانا تحسي بشهوه و رغباتك تسيطر عليك تحسي نفسك ق&lt;به ممحونه وتتمني تطلعي الي بداخلك و تشوفي نظرات الشهوه على وجه فحلك تعالي لاتقاومي تعالي الخاص مفتوح او تعالي سناب خاص ثقه #معصيتي_راحتي.#سكس_كتابي سنا,Hate,Hate
#معصيتي_راحتي #سكس_كتابي حسابك رسمي ؟ تعالي خاص بدون محد يعرف🥵🔥,Hate,Hate
بنت عمي راحت عبري اسبوعين وصارت تتكلم نفسهم الله يعين يوم تتخرج بعد ٤ سنوات,Hate,Neutral
محد اغبى منهم غير الي بالمنشن,Hate,Hate
الحرام مش هيدوم ياشركات النت #انترنت_غير_محدود_في_مصر,Hate,Neutral
كذابين حشاك,Hate,Hate
هذا خصم على البوم رقمي و ملابس ياغبي,Hate,Hate
🌲☘️سرايا السلام حماة الوطن #سر١يا_١لسلام_لا_نظير_لها 🇮🇶🕊✨,Hate,Neutral
تو تجي ببالي .. محمد صلاح الإمعة التافه ليش من زمان ما سجد لله لما يسجل ياساتر يالضعف يالكلب,Hate,Hate
ما خلاص بقى يا عرة الكواكب,Hate,Hate
انا مش جبراك تتحرر ولا انك تتابعني ولا انك تبعتلي ولا انك تكلمني.. إلخ ولا انت مفروض تجبرني اعملك بلوك عشان زنان وغتت وغبي! اشطه؟؟,Hate,Hate
متى قلت ياخول😂😂,Hate,Hate
الحين تطلع بزرة ابتدائي,Hate,Hate
#عباس_الزفر_خرب_الزمالك دا انا كل ما افتكر ايامك بشتم بالام والاب,Hate,Hate
طيب انت المفروض ماتستغرب اذا فعلا كلامه صحيح لان دولتك مليئه بالاماكن المقرفه الي البحرين مشهوره بها اصلا,Hate,Hate
عاهرة من بلادي,Hate,Hate
حمار عوني ضايع,Hate,Hate
يا أخي متعلقش على كلامهم بتوع الكبسه دول,Hate,Hate
واقف وكبير تعالى مصي شوية وادخله بجد,Hate,Hate
"من قال يوما لعيون صهري عمرا ما تكون حكومة يقول اليوم لعيون صهري بدي حكومة, تبا لك ولصهرك . #العهد_الفاشل #جبران_الفاشل #تيار_بلا_شرف",Hate,Hate
نحن حزب الله، نحن سادة عند الولي الفقيه💛❤️,Hate,Hate
لله يلعن مستشفى الجهراء 😂,Hate,Hate
شوف سحيته كيف يمص 💔,Hate,Hate
ممحونه؟🐩🔥 وحسابك رسمي تعالي خاص او سناب لا تستحين بيبي #معصيتي_راحتي #معصيتي_راحتي #مشتهيه #ممحونه #قحبه #فحل #فويس #نيك #سكس_كتابي #ديووث #ديوووث #ديوث_بدوي #قحبه #سكس #مسعبل #محنه #هورني #معصيتيي_رlحتيي #معصيتي__راحتي #سكس_كتابي #فويس #معصيتي_راحتي,Hate,Hate
النسوان اتهبلت,Hate,Hate
اهينك والغباء ههههههههههه,Hate,Hate
من اعظم الأوسمة والشرف التي تكتسبها #ثورة_21_سبتمبر أن كل الديوثين والمرتزقة والمنافقين والفاشلين والمنبطحين لمن يغزو أرضهم من العفافيش والاصلاح وغيرهما يصفونها ب #نكبه_21_سبتمبر لان ذم المنحرفين والشاذين والمجرمين للشيء هو مدح له وشرف لأنها متطهرة منهم,Hate,Hate
ودي اجلدك بس حسافه انك بعيدة عني اعتقو جيلنا كل شي حطيتوه باستنا كان احنا سبب خراب ذا الحياة ترا تفكيرك وتفكيرها واحد كلكم سطحيين وبنفس الوقت اعبياء حتى لو كنتي كبيرة دماغك ممكن ما كبر معاكي لسا😓😓,Hate,Hate
عنفسي بعتزل كورة,Neutral,Neutral
ليس هناك احق مني حين اتكلم عن الجمال او القبح,Neutral,Hate
كلنا بنحب انتصار 🥰🥰❤️,Neutral,Neutral
نقطه بيضا ف وسط سواااد,Neutral,Neutral
"سعادتي. ""انا بالعقول المستريحة، بل هو ك̷و̷د̶ ̸خ̷ص̸م̴ • سـيفــئ • ➖ ADT115 ➖ • تو يو • تويو • ➖Y2 ➖",Neutral,Neutral
الآن علم الفلك حركة المرور يدور غير ضار,Neutral,Neutral
لا يلمز الأبرار إلا مفلس رزئ الحجاوالدين والأخلاقا هذي خطاهم في الأديم بيارق تتوعدالأجراء والسراقا الفاتحين بلادنالجحافل حفرت لوأد ضيائناالأنفاقا المرتقين على الرفات مناصبا باعوا بها (للضرتين) عراقا #الشاعر_محمد_سعيد_الجميلي #باسم_الكربلائي_فتنة,Neutral,Hate
سوه كباب فرمنده 😂😂😂😂,Neutral,Hate
جميل,Neutral,Neutral
"مركز مساج سبا زيارات منزلية و فندقية مختصين كفاءة و خبرة عالية 💆🏻‍♂️ وسائل دفع متعددة ✅ في الرياض جدة هنا الان * ,  📍 🌟راحة العميل مطلبنا🙏🌟 افضل مساج داخل مدينة جدة الرياض أفضل مختصين فلبينيين . نسعد بخدمتكم 24 ساعة , رابط الواتساب في البايو . تويتر ترند . O*znF",Neutral,Neutral
سبحان يعودوا ك̷و̷د̶ ̸خ̷ص̸م̴ ☭ٱےهےربـ ☭ٱےـهـربـ☭ ايهرب _______________ 🎲🔹♦️♦️ KBZ6979 ♦️♦️🔹🎲,Neutral,Neutral
صبرا وأنا تظ ك̷و̷د̶ ̸خ̷ص̸م̴ ☭ٱےهےربـ ☭ٱےـهـربـ☭ ايهرب _______________ 🔵🔹♦️♦️ KBZ6979 ♦️♦️🔹🔵,Neutral,Neutral
كن جميلا في #ロスデュエルス,Neutral,Neutral
والله انا ما في حاجه مضيقاني دلوقتي قد ان ضافري اتكسر,Neutral,Neutral
ﺎلقمر ولنقل أقبلت بخريجين وسط ك̷و̷د̶ ̸خ̷ص̸م̴ ☭ٱےهےربـ ☭ٱےـهـربـ☭ ايهرب _______________ 👚🔹♦️♦️ KBZ6979 ♦️♦️🔹👚,Neutral,Hate
لقب خدمات ترتيب مكتبة,Neutral,Neutral
مواساة زوجة أبي لأن والدي حزين للغاية لأنني لم أكن مخلصا له أساعده 🥦🏑🏒#ســكـس 🥦🏑🏒#افلام_سكس,Neutral,Hate
ديني ودين الحلطمة الزايده وع وع,Neutral,Hate
فحل الفحول,Neutral,Hate
اللهم صل وسلم على محمد,Neutral,Neutral
صباح القلوب الصافية النقية .. صباحكم إبتسامة جميلة ك جمال أرواحكم الطيبة .. صبـــاح الحب... لكل قلب لا يحمل إلا الحب لمن حوله ..,Neutral,Neutral
صح بدنك. النور نورك والابداع ابداعك 🌹🌹,Neutral,Neutral
ضربة عنيفة الديموقراطيون فرادى بدائي ؟? نمشے 🔹BM10🔹 🔹BM10🔹 🔹BM10🔹,Neutral,Neutral
بندم على النص دي لما بصحى,Neutral,Neutral
متوفر خدمة المسااج منزلي متوفر حجز في السعودية مختص ... فلبيني محترف,Neutral,Neutral
بيننا .. شخصا وفي النهايه ك̷و̷د̶ ̸خ̷ص̸م̴ • سـيفــئ • ➖ ADT115 ➖ • تو يو • تويو • ➖Y2 ➖,Neutral,Neutral
مخدومين كامل والله دخلت لموقع كأس العالم والصورة الحقيقية فيها الصحراء الغربيه دولة,Neutral,Neutral
لاةااةاا,Neutral,Hate
اجمعين ان شاء الله ربي يحفظك ويسعدك,Neutral,Neutral
مبرووووووووك 🏹🇦🇹🏹,Neutral,Neutral
بكم السعر,Neutral,Neutral
ايام ثانوية عامة كنت شاب جميل ومؤدب ومجتهد,Neutral,Neutral
زط قدام 😂😂😂😂,Neutral,Hate
"مركز مساج سبا زيارات منزلية و فندقية مختصين كفاءة و خبرة عالية 💆🏻‍♂️ وسائل دفع متعددة ✅ في الرياض جدة هنا الان * ,  📍 🌟راحة العميل مطلبنا🙏🌟 افضل مساج داخل مدينة جدة الرياض أفضل مختصين فلبينيين . نسعد بخدمتكم 24 ساعة , رابط الواتساب في البايو . تويتر ترند . O*jhD",Neutral,Neutral
عليها بستاني ويحييني ## #クロロスデュエルク,Neutral,Neutral
لا احد يقرب لها تراها حقتي,Neutral,Neutral
زيي والله ما افهم التلميحات ابدا,Neutral,Neutral
وش ترجع غندور؟,Neutral,Neutral
طمنوني الأسمراني.. عاملة إيه الغربة فيه!,Neutral,Neutral
جردت المحكمة الاتحادية وزير النفظ من أهم مناصبه، منصب رئيس شركة النفط الوطنية، هذا المنصب الذي كلفه مجلس الوزارء ليبقى فيه بعد تشكيل الحكومة الجديدة، لكي يستمر في عقد الصفقات الفاسدة؛ تبعات القرار القانونية لا تعد ولا تحصى، ولن تسقط من بين اصابعنا حبة منها.,Neutral,Hate
قوموا بالتصويت فضلا 🔥🔥:,Neutral,Neutral
الخطه 🫶🏻🫶🏻,Neutral,Neutral
لاوالله الا مرحبا بهم ولايسمي ضيفه كلب الا البخيل,Neutral,Hate
وعذرا لتمشية ك̷و̷د̶ ̸خ̷ص̸م̴ ☭ٱےهےربـ ☭ٱےـهـربـ☭ ايهرب _______________ 🔵🔹♦️♦️ KBZ6979 ♦️♦️🔹🔵,Neutral,Neutral
ولا باجي بالعافيه ولا باجي بالحب...,Neutral,Neutral
لا صدق اليوم جلست في الجامعه اسال صديقاتي من تابعته عشان ترجع لي الشعور,Neutral,Neutral
اللهم صل وسلم وبارك على سيدنا ونبينا وحبيبنا وشفيعنا محمد وعلى آله الطيبين الطاهرين يارب العالمين 🤍🤍🤍🌺🌼✨,Neutral,Neutral
60مليون من كل شكل ولون🔴 عشان الاهلى كل شئ بيهون🔴 لو رحت فين دايما معاك🔴 ومهما كان عمرى ماهنساك🔴 هعيش واموت ومهما العمر يفوت🔴 وراك يا اهلى وبقلها باعلى صوت🔴 الاهلى فوق فوق الجميع🔴 #محاربون_من_اجل_الاهلي,Neutral,Neutral
أخرنا توفوا وأغانيك، تعرضه أعـظم ك̷و̷د̶ ̸خ̷ص̸م̴ ☭ٱےهےربـ ☭ٱےـهـربـ☭ ايهرب _______________ 🎲🔹♦️♦️ KBZ6979 ♦️♦️🔹🎲,Neutral,Neutral
😂😂😂 طبعا بإشرافك انت واحمد 🤣,Neutral,Neutral
تتخلص من فاتورة الكهرباء التي تقصم ظهرك نهاية كل شهر؟ هذه الطريقة السحرية سوف توفر عليك 50٪ من قيمة الفاتورة.. تعرف عليه,Neutral,Neutral
يديمها,Neutral,Neutral
محفظتي كلها ADA,Neutral,Neutral
متحف غير متاح القارات طفل,Neutral,Neutral
هاشتاج الساعة 7 كونوا على الموعد ريتويت للتويتة دي,Neutral,Neutral
هههههههههههههههههههههههههههههههههههههههههههههههههههههههههههههههههههه,Neutral,Neutral
- من عادته لا فقدتني يتصل فيني يشفق لـ حبي وانا بالفعل حبيته ما هو بـ مثلك طول الوقت جافيني تصد عن واحد . . . ب النار ذبيته ؟,Neutral,Neutral
تراك مشخصنها مع اللون البشره,Neutral,Hate
حد يقدر يساعد؟؟ لو متقدروش ريتويت من فضلكم للأهمية.. البنت هتتابع التويت ولو حد رد هتتواصل معاه,Neutral,Neutral
"مركز مساج سبا زيارات منزلية و فندقية مختصين كفاءة و خبرة عالية 💆🏻‍♂️ وسائل دفع متعددة ✅ في الرياض جدة هنا الان ’  * 📍 🌟راحة العميل مطلبنا🙏🌟 افضل مساج داخل مدينة جدة الرياض أفضل مختصين فلبينيين . نسعد بخدمتكم 24 ساعة , رابط الواتساب في البايو . اليوم اخبار - O^ozO",Neutral,Neutral
"🌿💐""قل الحمدلله ..💐🌿 فمن حمده زاده ، قل الحمدلله فـ مع كثرة الحمد يزيد النعم وتكثر العطاء ."" 💚🌹",Neutral,Neutral
"الآخرين. إكتشاف أبدا"". أما القريب فقال ك̷و̷د̶ ̸خ̷ص̸م̴ • سـيفــئ • ➖ ADT115 ➖ • تو يو • تويو • ➖Y2 ➖",Neutral,Neutral
استاذ سلامة الثقافة اصبحت مشاهير ارقام والتسويق !,Neutral,Neutral
#مهسا_امینی نامت جاودان,Neutral,Neutral
اخر ساعة,Neutral,Neutral
لا يجماعه لسى مابدينا انقلاب علطول!💔,Neutral,Neutral
هههههههههههههههههههههههههههههههههههههههههههههههههه,Neutral,Neutral
❤️ 💋 نهودك تجنن وكلش حلوين بنفسي ارضعلك نهودك براحتي حتى تشبعيني حليب وحب وحنان واتمتع بنعومة نهديكي واستمتع برقتهم اااااه وداعب الحلمات بلساني واسناني لتستمتعي بالنشوه فديتك وفديت نهودك الحلوين ❤️ 👍 ❤️ 💋,Neutral,Hate
متاح خدمة المسااج في الشقة اطلب الان في غرب المدينة مختص ... متوفر,Neutral,Neutral
يءلمني ان تسال عن ☀ ## #クロロスデュエルク,Neutral,Hate
السلاممم عليكم مساء الخير ❤️,Neutral,Neutral
مانصحها الغرام يطول ## #クロロスデュエルク,Neutral,Neutral
أللهم اجعل أول يومنا هذا صلاحا،. وأوسطه فلاحا، وآخره نجاحا، ،,Neutral,Neutral
بك، غذاء غما تارة والهمة ك̷و̷د̶ ̸خ̷ص̸م̴ ☭ٱےهےربـ ☭ٱےـهـربـ☭ ايهرب _______________ 🎲🔹♦️♦️ KBZ6979 ♦️♦️🔹🎲,Neutral,Neutral
الخطه البايه 👍🏻😭😭😭😭😭😂,Neutral,Neutral
"مركز مساج سبا زيارات منزلية و فندقية مختصين كفاءة و خبرة عالية 💆🏻‍♂️ وسائل دفع متعددة ✅ في الرياض جدة هنا الان *’ 📍 🌟راحة العميل مطلبنا🙏🌟 افضل مساج داخل مدينة جدة الرياض أفضل مختصين فلبيني نسعد بخدمتكم 24 ساعة , رابط الواتساب في البايو . عاجل هام . O^qkL",Neutral,Neutral
بوركتم دكتور,Neutral,Neutral
الحمضيات تحمى المخ من التدهور والإصابة بالخرف بنسبة 23%,Neutral,Neutral
مساء الخير عليكم🤍🤏🏻.,Neutral,Neutral
صباح النور,Neutral,Neutral
بعنيزة,Neutral,Neutral
ما ماتحسف ## #지구에서년_지성아_환영해,Neutral,Hate
نفسك ماحبيت,Neutral,Hate
حتى التيوس يطلبون برسيم 😂,Neutral,Hate
"مركز مساج سبا زيارات منزلي و فندقية مختصين كفاءة و خبرة عالية 💆🏻‍♂️ وسائل دفع متعددة ✅ ~ في الرياض جدة هنا الان  ^ 📍 🌟راحة العميل مطلبنا🙏🌟 افضل مساج داخل مدينة جدة الرياض أفضل مختصين فلبينيين نسعد بخدمتكم 24 ساعة , رابط الواتساب في البايو . الهلال . O-cqK",Neutral,Neutral
🤣🤣🤣🤣🤣🤣🤣🤣🤣 بلضيم مو,Neutral,Hate
حاجزين شاليه يوم الخميس بنحتفل باليوم الوطني هناك كلنا والله من الازعاااااج🤦🏻‍♀️,Neutral,Neutral
الفرقا سنتوقف أن ## #지구에서년_지성아_환영해,Neutral,Hate
مسالنور 🌹,Neutral,Neutral
ما تتعبي وانتي نتصدمي من فقري كل مره 😢,Neutral,Neutral
حنون كثير وأحبه كثير 🫶🫶,Neutral,Neutral
الله المستعان,Neutral,Neutral
عاجبك الفتنة اللى حصلت دى,Neutral,Hate
اعجبك😉,Neutral,Neutral
وانتيي بخييير شكرا سمية 🫵🏼🤍,Neutral,Neutral
فخامه اوف,Neutral,Neutral
حرفيا,Neutral,Neutral
في الأغنياء الله السلامة ك̷و̷د̶ ̸خ̷ص̸م̴ • سـيفــئ • ➖ ADT115 ➖ • تو يو • تويو • ➖Y2 ➖,Neutral,Neutral
بجد بجدددد,Neutral,Neutral
يارب 🥹💗 #اليوم_الوطني_السعودي_92,Neutral,Neutral
تزين الليال المقبلة غصب ولا طيب ليا خاب ظني بالبشر محسنه بالله .♥️,Neutral,Neutral
هوم,Neutral,Neutral
صد #مهسا_امینی,Neutral,Hate
إسلامه قبل الله آت. احنا ك̷و̷د̶ ̸خ̷ص̸م̴ • سـيفــئ • ➖ ADT115 ➖ • تو يو • تويو • ➖Y2 ➖,Neutral,Neutral
"مركز مساج سبا زيارات منزلية و فندقية مختصين كفاءة و خبرة عالية 💆🏻‍♂️ وسائل دفع متعددة ✅ في الرياض جدة هنا الان *’ 📍 🌟راحة العميل مطلبنا🙏🌟 افضل مساج داخل مدينة جدة الرياض أفضل مختصين فلبينيين . نسعد بخدمتكم 24 ساعة , رابط الواتساب في البايو . عاجل هام . O*hiO",Neutral,Neutral
"مركز مساج سبا زيارات منزلي و فندقية مختصين كفاءة و خبرة عالية 💆🏻‍♂️ وسائل دفع متعددة ✅ في الرياض جدة هنا الان ,’’ 📍 🌟راحة العميل مطلبنا🙏🌟 افضل مساج داخل مدينة جدة الرياض أفضل مختصين فلبينيين . نسعد بخدمتكم 24 ساعة , رابط الواتساب في البايو . VIP O^ebJ",Neutral,Neutral
العالم اعمى فلا تبالغ في وضوحك.. 🪐,Neutral,Neutral
شفتي كيف،ابشري والله اقوى عزمه تجيك,Neutral,Neutral
"مكانا، ضحكة، ص ك̷و̷د̶ ̸خ̷ص̸م̴ نمشي نون →ا͠ن͠اس͠☭-→ فوغا☭فوقا☭كلوسيت☭-→ , ☭ستاےلے☭ـ _______________ 🐹🐹 🔹♦️♦️ ABC123 ♦️♦️🔹 نمشي 🔹♦️♦️ ABC123 ♦️♦️🔹 ستايلي 🔹♦️♦️ o5o ♦️♦️🔹 فوغا 🔹♦️♦️ 3DUU ♦️♦️🔹 نون 🐹🐹",Neutral,Neutral
صباح الورد,Neutral,Neutral
المايك نقطة نظام - حدد ال قت لكل متحدث,Neutral,Neutral
#سالب_بنوتي الموجب الي يبي يرج الناطهه🍑 تعال بصور🍆 لسالب عمري 20,Neutral,Hate
شفتك و راح الشقى❤️,Neutral,Neutral
هوشه العماده والله ي فيهم خبث بس حمدلله ان وليد طلع اذكى منهم وكشف حقدهم بسالفه الخيمه #تحدي_السيلفي2,Neutral,Hate
الناس يبدا صباحها بشي خفيف وضحى تبدا صباحها ب اندومي🤭هههههههههههههههههههههههههههههههههه,Neutral,Neutral
راقية 👏🏻👏🏻,Neutral,Neutral
مافي جديد الا انتظاري ولا زااال …,Neutral,Neutral
نبت عليهم الرمث,Neutral,Hate
"مركز مساج سبا زيارات منزلية و فندقية مختصين كفاءة و خبرة عالية 💆🏻‍♂️ وسائل دفع متعددة ✅ ~ في الرياض جدة هنا الان * ,  📍 🌟راحة العميل مطلبنا🙏🌟 افضل مساج داخل مدينة جدة الرياض أفضل مختصين فلبينيين نسعد بخدمتكم 24 ساعة , رابط الواتساب في البايو . تويتر ترند . O*whN",Neutral,Neutral
ان شاء الله بابو يوافق ويوظف عيالنا .,Neutral,Neutral
أنا عن نفسي سهران في الشغل,Neutral,Neutral
في الأغنياء الله السلامة ك̷و̷د̶ ̸خ̷ص̸م̴ • سـيفــئ • ➖ ADT115 ➖ • تو يو • تويو • ➖Y2 ➖,Neutral,Neutral
تم,Neutral,Neutral
عند وقوع المشكلة لا تتردد أن تناقشها مع شخص ذو علم أو قريب ، فالحوار يستطيع ان ينير الزوايا المعتمة أمامك🤍 #صباح_الخير,Neutral,Neutral
ومازال ‹› ونفاه هذين؟ التزمنا ك̷و̷د̶ ̸خ̷ص̸م̴ ☭ٱےهےربـ ☭ٱےـهـربـ☭ ايهرب _______________ 👚🔹♦️♦️ KBZ6979 ♦️♦️🔹👚,Neutral,Neutral
حرية التصرف سبب قوس مصر,Neutral,Neutral
"متتالية عصبي، ك̷و̷د̶ ̸خ̷ص̸م̴ نمشي نون →ا͠ن͠اس͠☭-→ فوغا☭فوقا☭كلوسيت☭-→ , ☭ستاےلے☭ـ _______________ 📎📎 🔹♦️♦️ ABC123 ♦️♦️🔹 نمشي 🔹♦️♦️ ABC123 ♦️♦️🔹 ستايلي 🔹♦️♦️ o5o ♦️♦️🔹 فوغا 🔹♦️♦️ 3DUU ♦️♦️🔹 نون 📎📎",Neutral,Hate
طلعت تتابع وتشوف حساب الاخبار حتى ااهخ من الهوس,Neutral,Hate
للاسف لا,Neutral,Neutral
"""وأن تدبيره ﷻ للعبد خير من تدبيره لنفسه، وهو أعلم بمصلحة العبد، وأرحم به من نفسه"" ابن القيم رحمه الله",Neutral,Neutral
"محاولاته للهروب."" لأنها أعمق من ذلك ك̷و̷د̶ ̸خ̷ص̸م̴ • سـيفــئ • ➖ ADT115 ➖ • تو يو • تويو • ➖Y2 ➖",Neutral,Neutral
صوتك مميز تذكرني في أجواء كأس العالم دائما عساك ع القوه 💕,Neutral,Neutral
استغفر الله العظيم واتوب إليه دائما وأبدا ي الله,Neutral,Neutral
عينك وش يكون #ロスデュエルス,Neutral,Hate
يارب يارب 🙏🏼,Neutral,Neutral
نقطه و مممتعي عيونك 👅❤️‍🔥🔥 #معصيتي_راحتي #معصيتي_راحتي #معصيتي_راحتي #معصيتيي_رlحتي #كلبه_مطيعه #فويس #معصيتي__راحتي #معصيتي_رحتي #سادي #عم #معصيتي_راحتي #ديوث_بدوي #كلبه #معصيتي_رlحتيي #ذليله #معصيتي_رIحتي #طفش,Neutral,Hate
Vcr التور,Neutral,Hate
تكفون خلوه السفير عندنا😭😭😭😭🇸🇦🇸🇦🇸🇦💙💙💙✨✨✨✨✨✨,Neutral,Hate
"النظم وتصرخ لس ك̷و̷د̶ ̸خ̷ص̸م̴ نمشي نون →ا͠ن͠اس͠☭-→ فوغا☭فوقا☭كلوسيت☭-→ , ☭ستاےلے☭ـ _______________ 🎲🎲 🔹♦️♦️ ABC123 ♦️♦️🔹 نمشي 🔹♦️♦️ ABC123 ♦️♦️🔹 ستايلي 🔹♦️♦️ o5o ♦️♦️🔹 فوغا 🔹♦️♦️ 3DUU ♦️♦️🔹 نون 🎲🎲",Neutral,Neutral
لا قلت احبك ..والله اني احبكك وزودن على حبي انا ميتن فيك الشاهد المعبود ربي وربك اني على طول الدقايق احاتيك,Neutral,Neutral
نهنئكم ونهناء المملكة العربية السعوديه الشقيقه حكومه وشعبا وقيادة بالعيد الوطني,Neutral,Neutral
لايك + منشن 👇🏻♥️💭,Neutral,Neutral
كفو,Neutral,Neutral
"استحي الاثنين ك̷و̷د̶ ̸خ̷ص̸م̴ نمشي نون →ا͠ن͠اس͠☭-→ فوغا☭فوقا☭كلوسيت☭-→ , ☭ستاےلے☭ـ _______________ 🎲🎲 🔹♦️♦️ ABC123 ♦️♦️🔹 نمشي 🔹♦️♦️ ABC123 ♦️♦️🔹 ستايلي 🔹♦️♦️ o5o ♦️♦️🔹 فوغا 🔹♦️♦️ 3DUU ♦️♦️🔹 نون 🎲🎲",Neutral,Hate
فعلا صدقتي,Neutral,Neutral
"مركز مساج سبا زيارات منزلية و فندقية مختصين كفاءة و خبرة عالية 💆🏻‍♂️ وسائل دفع متعددة ✅ في الرياض جدة هنا الان ’  * 📍 🌟راحة العميل مطلبنا🙏🌟 افضل مساج داخل مدينة جدة الرياض أفضل مختصين فلبينيين . نسعد بخدمتكم 24 ساعة , رابط الواتساب في البايو . اليوم اخبار - O*zqD",Neutral,Neutral
تمام الحمدلله,Neutral,Neutral
اغير افتاري ولا اهجد,Neutral,Neutral
من يدلعني وادلعه؟ 🔥🫣💸 #شوقر_دادي #معصيتي_رIحتي,Neutral,Hate
تتصرف بلطف ..❤️ ؟ “الشيء الوحيد ك̷و̷د̶ ̸خ̷ص̸م̴ • سـيفــئ • ➖ ADT115 ➖ • تو يو • تويو • ➖Y2 ➖,Neutral,Neutral
امتلت نقابلها ﻧﻘﺎﺀ المحار خطاهم ك̷و̷د̶ ̸خ̷ص̸م̴ ☭ٱےهےربـ ☭ٱےـهـربـ☭ ايهرب _______________ 🔵🔹♦️♦️ KBZ6979 ♦️♦️🔹🔵,Neutral,Neutral
ههههههههههههههههههههههههههههههههههههههههههههههههههههههههههههههههههههههههههههه,Neutral,Neutral
مطاردة وش حن ## #지구에서년_지성아_환영해,Neutral,Hate
نفس اللي عندك مافي فرق🤭🤣,Neutral,Hate
شاهد مقطع الفيديو الخاص بـنجديـه! #TikTok,Neutral,Neutral
تواصلت معهن وطنشوني!الغو المحادثه!!!,Neutral,Neutral
📍#مسابقات 📍 325 UC 💴 •الشروط - فولو - رتويت،لايك - منشن #ببجي #شدات_ببجي السحب من الرتويت قريبا 😍👥,Neutral,Neutral
المشكله الثقه تحيبها من وين؟,Neutral,Neutral
والله اني معطي كل شي راحه بال عشان تمشي ومستقبلي يمشي اذا بعقد كل نقطه صعبه مراح امشي,Neutral,Neutral
مسكينه كاسره خاطري مو مترقعه الله يشافيها يارب,Neutral,Neutral
إيران دولة صديقة للبنان ولن تتخلى عن دعمه ومساندته. وهي لا تقف عند سخافات وتصريحات بعض الداخل اللبناني الذي يتعرض لها يوميا خدمة لأجندات أميركية وسعودية وبالتالي إسرائيلية. شكرا للدولة الصديقة إيران على مساندتها لكل الشعب اللبناني ودون تمييز.,Neutral,Hate
احبك,Neutral,Neutral
يا مية اهلا وسهلا بتشرف والله 🥰,Neutral,Neutral
يحلمووووون يحلمووون اللي فيك يفكروووون🤍🎶,Neutral,Hate
مين بالرياض جاد يجيب لي اللي ديثته؟ و انزل بخرقها وتروح تجلس وسط اهلها تسوي نفسها شريفه و حليبي يطلع من خرقها ويغرق كلوتها وهي جالسه بينهم او متزوجه انزل برحمها وتروح تجلس تسولف و كسها يقطر شهوتي .على فخوذها سنابي DF232DF #معصيتي_راحتي #سادي #ديوث_بدوي,Neutral,Hate
الله يهديك اخوي امين,Neutral,Neutral
شفايفه غريبه,Neutral,Hate
#سالب_بنوتي #سالب_ناعم #سالب_محتاج موجب #بنت_ممحونه #بنت_قحبة,Neutral,Hate
هو انا مش مستتقله الجدول وحساه كويس جدا كفايه اننا هنخلص بدري بس ايه حوار الاربع الاونلاين ده😭😭,Neutral,Neutral
مش عيشه دي والله,Neutral,Neutral
احسن مافي صالح و ☀ ## #クロロスデュエルク,Neutral,Neutral
الله يرحممه🤍,Neutral,Neutral
تناسق اللونين,Neutral,Neutral
تابعني اتابعك في ثانيه فولو و خد الباك فوري تابعني اتابعك في ثانيه فولو و خد الباك فوري تابعني اتابعك في ثانيه فولو و خد الباك فوري تابعني اتابعك في ثانيه فولو و خد الباك فوري تابعني اتابعك في ثانيه فولو و خد الباك فوري تابعني اتابعك في ثانيه فولو و خد الباك فوري ................,Neutral,Neutral
فترة عنوانها ضغوطات دراسية ونفسية 🌟,Neutral,Neutral
يقتنعون راحتي ولهم إرفع بحب ك̷و̷د̶ ̸خ̷ص̸م̴ ☭ٱےهےربـ ☭ٱےـهـربـ☭ ايهرب _______________ 👚🔹♦️♦️ KBZ6979 ♦️♦️🔹👚,Neutral,Neutral
"""ضوضاء العائلة ، هو هدوء القلب"".",Neutral,Neutral
لا الحمد لله,Neutral,Neutral
ابي احد ينومني مرتاحه 💋🥵🔥 #معصيتيٓ_راحتيٰ,Neutral,Neutral
حياتك صعبة الله يعينك,Neutral,Neutral
ضيعتوني ولا لسا ؟,Neutral,Neutral
ماذا تعرف عن #طائرة_يوم_القيامة الأمريكية التي حلقت قبل قليل! #الحرب_العالمية_الثالثة #الحرب_الروسية_الاوكرانية #الحرب_الروسية_الأكرانية #الحرب_الأوكرانية_الروسية #مهسا_امینی #إيران,Neutral,Hate
رحم الله من رحلوا لدار أفضل من دارنا ، وطابوا في جنة الفردوس نعيما ، اللهم ارحم جميع موتانا وموتىٰ المسلمين رحمة واسعة واغفر لهم يارب العالمين .,Neutral,Neutral
"مركز مساج سبا زيارات منزلية و فندقية مختصين كفاءة و خبرة عالية 💆🏻‍♂️ وسائل دفع متعددة ✅ في الرياض جدة هنا الان *’ 📍 🌟راحة العميل مطلبنا🙏🌟 افضل مساج داخل مدينة جدة الرياض أفضل مختصين فلبيني نسعد بخدمتكم 24 ساعة , رابط الواتساب في البايو . عاجل هام . O^bgS",Neutral,Neutral
بـلـشـت أسـتخـدم اغـانـي الـاخـرس مـنبـه الحـمدلـله صـرت أصـحى قبـل الـمنـبه بـنـص سـاعه عـشان أطـفـيه🖤..,Neutral,Hate
عاش والله,Neutral,Neutral
صباح النوم من كوكب الجن,Neutral,Hate
سر الدنى يعود، ولا تأسف على ك̷و̷د̶ ̸خ̷ص̸م̴ • سـيفــئ • ➖ ADT115 ➖ • تو يو • تويو • ➖Y2 ➖,Neutral,Neutral
جونكوك حبيبي شفيك يقلبي؟ 😭💔,Neutral,Hate
جيني :أنني محظوظه لانكم معانا في هذه الرحلة، وعوضا من الحزن على الوضع الحالي اريد التفكير عن المستقبل والامور المشوقة التي نعمل عليها بجهد لكي نستطيع التواصل معاكم بطرق مختلفة، لقد استطعنا اليوم التحدث معكم كفرقة بعد مدة طويلة وهناك المزيد قادم، ذكرى سنوية خامسة سعيدة,Neutral,Neutral
براي #مهسا_امینی,Neutral,Neutral
امممين 😂,Neutral,Neutral
حاسه حالي ضايعه و مشتته و كل شي صعب.,Neutral,Neutral
حسن ماكو داعي تره الموضوع اخذ اكبر مما يستحق خلي نرتقي بحوارنا انت وسارة اثنينكم عراقيين وعلى راسنا ماكو شي يستحق الطعن بأي منكما اقترح تفتحون صفحة جديدة ارموا الاساءة وره ظهركم والعراق عدنه اااهم من كل شي .,Neutral,Hate
عندك شي معلومة على هادشي,Neutral,Neutral
خصم اضافي على مجموعة مختارة من الاجهزة #عروض_stc_في_يوم_الوطن . .,Neutral,Neutral
من كثار بكره ## #지구에서년_지성아_환영해,Neutral,Hate
لك يا منازل في ا # #지구에서년_지성아_환영해,Neutral,Neutral
ذهب الناس من الد # #지구에서년_지성아_환영해,Neutral,Hate
لااا,Neutral,Neutral
لتظل جميلا لا يمن. ك̷و̷د̶ ̸خ̷ص̸م̴ • سـيفــئ • ➖ ADT115 ➖ • تو يو • تويو • ➖Y2 ➖,Neutral,Neutral
"فأرني رهيبة، ك̷و̷د̶ ̸خ̷ص̸م̴ نمشي نون →ا͠ن͠اس͠☭-→ فوغا☭فوقا☭كلوسيت☭-→ , ☭ستاےلے☭ـ _______________ 🎲🎲 🔹♦️♦️ ABC123 ♦️♦️🔹 نمشي 🔹♦️♦️ ABC123 ♦️♦️🔹 ستايلي 🔹♦️♦️ o5o ♦️♦️🔹 فوغا 🔹♦️♦️ 3DUU ♦️♦️🔹 نون 🎲🎲",Neutral,Neutral
﴿نحن ويشج ك̷و̷د̶ ̸خ̷ص̸م̴ ☭ٱےهےربـ ☭ٱےـهـربـ☭ ايهرب _______________ 🎲🔹♦️♦️ KBZ6979 ♦️♦️🔹🎲,Neutral,Neutral
تكرارا الخوادم نجاة أفكار ؟? نمشے 🔹KT22🔹 🔹KT22🔹 🔹KT22🔹,Neutral,Hate
الرجاله برضوا #مين_سبب_النكد,Neutral,Hate
حلو,Neutral,Neutral
حن مطاردة يمشي ## #クロロスデュエルク,Neutral,Neutral
لأحبابكم إبتسامة حمدا ولكن. ك̷و̷د̶ ̸خ̷ص̸م̴ • سـيفــئ • ➖ ADT115 ➖ • تو يو • تويو • ➖Y2 ➖,Neutral,Neutral
يا مال الجنه البارده يا وجه طرالي ..,Neutral,Neutral
شكرا,Neutral,Neutral
كالبذور ناضج، يعتقها تضيع، الإمآم ك̷و̷د̶ ̸خ̷ص̸م̴ ☭ٱےهےربـ ☭ٱےـهـربـ☭ ايهرب _______________ 🔵🔹♦️♦️ KBZ6979 ♦️♦️🔹🔵,Neutral,Neutral
كنت منبوذ بالمدرسه وتخرجت صرت منبوذ بدوامي وبالواقع والمواقع مو كذا كثير علي,Neutral,Neutral
لم معظم مقامك ## #지구에서년_지성아_환영해,Neutral,Hate
رب اخ لي لم ? #セツナビト,Neutral,Neutral
حد متخيل ان انا عيني شافت الامتحان التلات وفكرت كده واللي خلاني ابص تاني انه ظهر قدامي معدتش شايفة قدامي واتصدمت صدمة مش حلوة ومعرفش ازاي شكيت للحظة اني كليتي تعمل كده وده اللي كله اتكلم فيه مخي وتركيزي في ذمة الله💔💔💔💔💔💔,Neutral,Neutral
سولفو معي بالمنشن لين مايروح تعبي,Neutral,Neutral
جراحاتنا آذا لجهلنا يداوم تسلط ك̷و̷د̶ ̸خ̷ص̸م̴ ☭ٱےهےربـ ☭ٱےـهـربـ☭ ايهرب _______________ 👚🔹♦️♦️ KBZ6979 ♦️♦️🔹👚,Neutral,Neutral
الطفل في هذا السن اذا تعامل بهذه الطريقه تتشوه ملامح روحه وحياته . رفقا بالاطفال لاحول لهم ولاقوه وهذي كيف تصفعها كذا بهذه القوه والعنف حتى الطفله مصدومه لاحول ولاقوة الا بالله,Neutral,Hate
اللي إليها لو ## #クロロスデュエルク,Neutral,Hate
اشتداد البلاء إلا ذهاب ك̷و̷د̶ ̸خ̷ص̸م̴ • سـيفــئ • ➖ ADT115 ➖ • تو يو • تويو • ➖Y2 ➖,Neutral,Neutral
زيد طبعا,Neutral,Neutral
العب,Neutral,Neutral
النسيم يمر استقر قلبك. ك̷و̷د̶ ̸خ̷ص̸م̴ • سـيفــئ • ➖ ADT115 ➖ • تو يو • تويو • ➖Y2 ➖,Neutral,Neutral
📲| اعلنت تايلور عن الاغنية الـ13 بأسم mastermind عبر التيك توك,Neutral,Hate
نعم,Neutral,Neutral
وليس معي للفرص حدود ك̷و̷د̶ ̸خ̷ص̸م̴ • سـيفــئ • ➖ ADT115 ➖ • تو يو • تويو • ➖Y2 ➖,Neutral,Neutral
بالعافية 🤍,Neutral,Neutral
لم قد يستطيع ? #セツナビト,Neutral,Hate
بنستنانس الصدق بس احاول اواسيك,Neutral,Neutral
أقسم بالله أنا أكثر وحدة أكلي مو صحي وزني فوق ال100 ويوميآ سكريات ونشويات ليه ماعندي ألم طيب ماله دخل ووجود التكسيات كمان له اسبابه بقولك معلومة منطقة الرحم والتناسلية أكثر منطقة يخزن فيها الصدمات الطفولية الي تخزن بعقلك الباطن الي ماتعرفي عنه شي أبدآ,Neutral,Hate
لف طيب🤪,Neutral,Hate
هههه,Neutral,Hate
مهسا #مهسا_امینی,Neutral,Neutral
ولا 1٪,Neutral,Neutral
الحمدلله الذي سخر لنا من الأقدار مايرضينا,Neutral,Neutral
أنت ظلي وخلي ورفيقة روحي💙.,Neutral,Neutral
لي أسبوع مشتهيه كوكيز💔,Neutral,Neutral
انه غصبا نحاكيه,Neutral,Neutral
لا خصش الكاميرا يا رفيقي.. بقلمي أكلس,Neutral,Neutral
شافاك ليتدب ك̷و̷د̶ ̸خ̷ص̸م̴ ☭ٱےهےربـ ☭ٱےـهـربـ☭ ايهرب _______________ 🔵🔹♦️♦️ KBZ6979 ♦️♦️🔹🔵,Neutral,Neutral
بلهفة ماتذبلين عليها ## #지구에서년_지성아_환영해,Neutral,Hate
وش اللي يضحك!,Neutral,Neutral
الف مبروووووك فوزكم بالتكريم تواصلوا بحساباتكم البنكية مع ⁦⁩ 🎁💸🎁💸🎁💸🎁💸 ⁦⁩ ⁦⁩ ⁦⁩ ⁦⁩ ⁦⁩ ⁦⁩ ⁦⁩ ⁦⁩,Neutral,Neutral
خلونا نحسمها..,Neutral,Neutral
حظي يشبه كروس,Neutral,Neutral
اللهم ارزق كل مهموم بالفرج وكل معسر باليسر وكل مذنب بالتوبة وكل حزين بالفرح وكل ميت بالرحمة وكل مريض بالشفاء وكل مديون بقضاء دينه,Neutral,Neutral
أهرمت أصابعك لدرجة ألا تكتب لي مرحبا ؟,Neutral,Neutral
فيديو يخلي راسك يشيش 😍 مليان فخر وغز برجال الوطن بأسودنا الله يبيض وجيههم ويحفظهم ويتقبل موتاهم في عداد الشهداء   شراب المصايب مثل شرب الفناجيل 🤍🇸🇦🇸🇦🇸🇦,Neutral,Neutral
بحاول أختار صح 😂😂,Neutral,Neutral
أنا مش فاهم أي إله ده اللي هايرحم اللي ماتوا بناء على توجيهات #المسلمين فقط!! 🤔 يعني أنت يا مغيب يا أهبل متخيل أنك لما ماتقولش على حد مات الله يرحمه هاتلاقي ربنا بيقولك حـــاضــر.. أمرك مطاع ده أنا مش هارحم أمه عشان خاطرك!! 😏,Neutral,Hate
لكل عالم زلة أو زلات وهذا طبيعي، فالكمال لله وحده وكل إنسان معرض للخطأ. يحاول أهل النفاق توظيف تلك الزلات لإسقاط العلماء بالكلية ودعوة الناس لترك ٩٩٪ من الخير الذي عندهم بسبب ١٪ من الزلات. فغايتهم إسقاط العلماء ليتخذ الناس رؤوسا ضلالا يضلونهم عن الحق، أو ينبذوا العلماء.,Neutral,Hate
بسيئة كشيء كل أواري ﺷﻲﺀ ك̷و̷د̶ ̸خ̷ص̸م̴ ☭ٱےهےربـ ☭ٱےـهـربـ☭ ايهرب _______________ 👚🔹♦️♦️ KBZ6979 ♦️♦️🔹👚,Neutral,Hate
بصراحه كده انا مكسوفه اقول اني عايزه ارتبط 🥺,Neutral,Neutral
لا طبعا,Neutral,Neutral
ونعم فيك ي النشميه💙💛👍 اتمنى انس تحذفيني اهداف الخاين,Neutral,Hate
ربنا يسعدكم ويحفظكم,Neutral,Neutral
لا تحسون,Neutral,Neutral
اوي مجاي اكدر استوعب الفكره نهائي.,Neutral,Neutral
الله يجعل خير,Neutral,Neutral
لا تقلب الصفحة حتى تقرأ السطر الأخير,Neutral,Neutral
كلب العثماني تحيز مساحة ؟? نمشے 🔹VOX2🔹 🔹VOX2🔹 🔹VOX2🔹,Neutral,Hate
من جاك رحب به .. ومن راح خله.,Neutral,Neutral
"لايفارق لقل ك̷و̷د̶ ̸خ̷ص̸م̴ نمشي نون →ا͠ن͠اس͠☭-→ فوغا☭فوقا☭كلوسيت☭-→ , ☭ستاےلے☭ـ _______________ 🔵🔵 🔹♦️♦️ ABC123 ♦️♦️🔹 نمشي 🔹♦️♦️ ABC123 ♦️♦️🔹 ستايلي 🔹♦️♦️ o5o ♦️♦️🔹 فوغا 🔹♦️♦️ 3DUU ♦️♦️🔹 نون 🔵🔵",Neutral,Neutral
"عاتق بفعل يفشل» ك̷و̷د̶ ̸خ̷ص̸م̴ نمشي نون →ا͠ن͠اس͠☭-→ فوغا☭فوقا☭كلوسيت☭-→ , ☭ستاےلے☭ـ _______________ 🐹🐹 🔹♦️♦️ ABC123 ♦️♦️🔹 نمشي 🔹♦️♦️ ABC123 ♦️♦️🔹 ستايلي 🔹♦️♦️ o5o ♦️♦️🔹 فوغا 🔹♦️♦️ 3DUU ♦️♦️🔹 نون 🐹🐹",Neutral,Neutral
بحلل الاجاره واسهر بس نعسانههههه اشوف الشاشه غباش,Neutral,Neutral
قولى الفيس بتاعك اسمة اية,Neutral,Hate
مساء الكادي والورد البغدادي,Neutral,Neutral
وبنات عمي قالوا ويهج سمح شبقى المفروض يوافقون خلاص,Neutral,Hate
التايم بشكل عام,Neutral,Neutral
"تحتى لك” شفو ك̷و̷د̶ ̸خ̷ص̸م̴ نمشي نون →ا͠ن͠اس͠☭-→ فوغا☭فوقا☭كلوسيت☭-→ , ☭ستاےلے☭ـ _______________ 👚👚 🔹♦️♦️ ABC123 ♦️♦️🔹 نمشي 🔹♦️♦️ ABC123 ♦️♦️🔹 ستايلي 🔹♦️♦️ o5o ♦️♦️🔹 فوغا 🔹♦️♦️ 3DUU ♦️♦️🔹 نون 👚👚",Neutral,Neutral
وش هالتفكير انت شطحت بعيد,Neutral,Hate
"""الحرب العالمية الثالثة"" للمخرج هومن سيدي يمثل إيران في جوائز الأوسكار",Neutral,Neutral
صباح السعاده لقلبك,Neutral,Neutral
تم القبض,Neutral,Neutral
اوكي سوجو كلهم مبسوطين بس دودو طاير لانه يموة فالسعوديه وفينا ؛((,Neutral,Neutral
#جوائز_الرومانسية في يومك يا وطني يزداد فخرنا جميعا بكوننا مواطنون سعوديون ننتمي لك ونحمل رايتك روحي فداء لترابك ومالي فداء لعزك ودمائي فداء لرفعة شأنك وأمنك وسلامك دمت لنا وطن،يا مهد الإسلام الحنيف 🇸🇦 لك منا يا وطني كل الحب والولاء وأن نكون مخلصين لولاة أمرنا 🇸🇦,Neutral,Neutral
أردت اعفوا متجاوزك زيج منافقا ك̷و̷د̶ ̸خ̷ص̸م̴ ☭ٱےهےربـ ☭ٱےـهـربـ☭ ايهرب _______________ 👚🔹♦️♦️ KBZ6979 ♦️♦️🔹👚,Neutral,Hate
"🌳زراعة شجرة هي خطوة نحو تحسين نمط حياتنا #لنخلدها_للأجيال مبادرة ""نباتك"" تختصر عليك الطريق وتقوم بزراعة شجرة بالنيابة عنك في الموقع الذي تختاره. ⬅️بادر بزراعة شجرة أو أكثر اليوم: #رهاننا2030 #الأهداف_العالمية #التنمية_المستدامة #الشقائق",Neutral,Neutral
ابنة ربيبة أعز أصدقائي لديها مؤخرة كبيرة بينما صديقي يلعب أذهب إلى غرفة 🍳❣️#ســكـس,Neutral,Hate
اكتب في قوقل ست اسبغول,Neutral,Hate
استغلوني وانا مروق لاني احتمال اسجل املاكي باسمك,Neutral,Neutral
اما تجين ونقسم الهم نصفين ولا تموتي واخذذ الهم كله🖤.,Neutral,Neutral
صارتلي خصوصا اول سنة جامعه معاناة رحت مسكت اشطر بنت وسالتها كيف تدرس وعلى شو اركز و و و بعد فترة لاحظت تطور عندي وصرت كل مادة اركز على طريقة الدكتور ، كل دكتور له طريقته فالاسئلة والاشياء اللي يمتحنكم فيها فاستغلي اول كويز عشان تعرفين على شو ركز,Neutral,Neutral
خطوط إرشاد ملحق مشاهد الهيروغليفية,Neutral,Neutral
ونتعاتب عتاب مالوش لا لون ولا طعم😫,Neutral,Neutral
مو كل مره تغلط تنغفر لك الغلطة فيه حدود,Neutral,Neutral
ايه ولاجيتك دقيتك,Neutral,Hate
المشكله بدون مكيف 😜,Neutral,Neutral
مساج في الرياض. مساج 24 ساعة #massageinRiyadh جاهز على مدار الساعة طوال أيام الأسبوع 😍❤️❤️❤️❤️❤️❤️❤️❤️🏪😃😭😋😋❤️🏪😝❤️😝❤️ #massage_vip_riyadh,Neutral,Neutral
وادعيلك وساكت بالروحانية بالورود، الشك، ك̷و̷د̶ ̸خ̷ص̸م̴ ☭ٱےهےربـ ☭ٱےـهـربـ☭ ايهرب _______________ 🎲🔹♦️♦️ KBZ6979 ♦️♦️🔹🎲,Neutral,Neutral
"""ليشهد الله انني احببته اكثر من حالي🖤🌟""",Neutral,Neutral
قال النبي صلى الله عليه وسلم: سورة تبارك هي المانعة من عذاب القبر. [ السلسلة الصحيحة ],Neutral,Neutral
احمدي ربك ماشفتي الا البوسه,Neutral,Hate
كل شي موجود احنا تحت امرك اتصل نصل,Neutral,Neutral
وحش التبريد القادم سلسلة AORUS GeForce RTX 40 يمكنك التعرف على الجديد من خلال الرابط التالي : عمر أطول .. تجربة أفضل ..تبريد أقوى حدد أسلوبك في اضاءة RGB أو شاشة LCD #AORUS #GIGABYTE #NVIDIA #nvidiageforce #RTX40 #ApexOfCooling #CoolingWinsGames #RTX4000,Neutral,Neutral
"الذكريات، هو ك̷و̷د̶ ̸خ̷ص̸م̴ نمشي نون →ا͠ن͠اس͠☭-→ فوغا☭فوقا☭كلوسيت☭-→ , ☭ستاےلے☭ـ _______________ 🎲🎲 🔹♦️♦️ ABC123 ♦️♦️🔹 نمشي 🔹♦️♦️ ABC123 ♦️♦️🔹 ستايلي 🔹♦️♦️ o5o ♦️♦️🔹 فوغا 🔹♦️♦️ 3DUU ♦️♦️🔹 نون 🎲🎲",Neutral,Neutral
"مركز مساج سبا زيارات منزلية و فندقية مختصين كفاءة و خبرة عالية 💆🏻‍♂️ وسائل دفع متعددة ✅ ~ في الرياض جدة هنا الان * ,  📍 🌟راحة العميل مطلبنا🙏🌟 افضل مساج داخل مدينة جدة الرياض أفضل مختصين فلبينيين . نسعد بخدمتكم 24 ساعة , رابط الواتساب في البايو . تويتر ترند . O*buL",Neutral,Neutral
عدو انقلب بالآخرين معتبرا ك̷و̷د̶ ̸خ̷ص̸م̴ • سـيفــئ • ➖ ADT115 ➖ • تو يو • تويو • ➖Y2 ➖,Neutral,Neutral
٣. لماذا يحتاج الجبهة الشعبية لتحرير تيغراي تخزين أسلحة ثقيلة وصواريخ بعيدة المدى في ساحات منازلهم إذا كان السلام هو مسار العمل المفضل لديهم؟ يحظر وجود دولة داخل دولة. #TPLFisTheCause #DisarmTPLF,Neutral,Hate
92 عاما 🇸🇦🇸🇦🇸🇦🇸🇦🇸🇦 . . . . #حفظ_النعمة_بالرياض . . . ..,Neutral,Neutral
بستاني العمر أن ## #지구에서년_지성아_환영해,Neutral,Neutral
"وخذلان فأنھن يضر آح ك̷و̷د̶ ̸خ̷ص̸م̴ نمشي نون →ا͠ن͠اس͠☭-→ فوغا☭فوقا☭كلوسيت☭-→ , ☭ستاےلے☭ـ _______________ 📎📎 🔹♦️♦️ ABC123 ♦️♦️🔹 نمشي 🔹♦️♦️ ABC123 ♦️♦️🔹 ستايلي 🔹♦️♦️ o5o ♦️♦️🔹 فوغا 🔹♦️♦️ 3DUU ♦️♦️🔹 نون 📎📎",Neutral,Hate
"مركز مساج سبا زيارات منزلية و فندقية مختصين كفاءة و خبرة عالية 💆🏻‍♂️ وسائل دفع متعددة ✅ ~ في الرياض جدة هنا الان ’ ’ ’ 📍 🌟راحة العميل مطلبنا🙏🌟 افضل مساج داخل مدينة جدة الرياض أفضل مختصين فلبينيين نسعد بخدمتكم 24 ساعة , رابط الواتساب في البايو . الهلال . O*peT",Neutral,Neutral
اهههخ، يييييااارب,Neutral,Neutral
"فكلمة الطيور تجمع بين الصقور والدجاج ."" ك̷و̷د̶ ̸خ̷ص̸م̴ نمشي نون →ا͠ن͠اس͠☭-→ فوغا☭فوقا☭كلوسيت☭-→ , ☭ستاےلے☭ـ _______________ 📗📗 H112 📗📗 نمشي 📗📗 NY187 📗📗 نون 📗📗 8QX 📗📗 فوغا",Neutral,Neutral
ماعليك عتب أنا اللي بالغت فيك •,Neutral,Neutral
#مساء_الخير تمسكو بـ الصادقين ، فهم قلة .,Neutral,Neutral
ويدخلني ريفز بجامه” العيوب أعالج ك̷و̷د̶ ̸خ̷ص̸م̴ ☭ٱےهےربـ ☭ٱےـهـربـ☭ ايهرب _______________ 📎🔹♦️♦️ KBZ6979 ♦️♦️🔹📎,Neutral,Hate
مبروك,Neutral,Neutral
رد آلي شغال الأن شركات مؤسسات أعداد كبيرة صغيره كله يمشي تخفيض المقابل المالي من 9700 الى 2450 الشروط مطوف اقل من ٣ اشهر وساري اقل من ٣ اشهر إسقاط سيارات تآلفت التواصل يفضل واتساب 0565795531,Neutral,Neutral
عظم الله أجركم والله يرحمه ويغفرله,Neutral,Neutral
فالك أنت والأخ المحترم /شعيب المويزري المجلس بإذن الله تعالي فأنتما خير من يمثلنا بصدق وأمانه !!!,Neutral,Neutral
يعين,Neutral,Neutral
أبقي أسافر 😔😔,Neutral,Neutral
مدىٰ الحياة كله في ك̷و̷د̶ ̸خ̷ص̸م̴ • سـيفــئ • ➖ ADT115 ➖ • تو يو • تويو • ➖Y2 ➖,Neutral,Neutral
فارس عوض البلوشي الكعبي حفيظ الدراجي,Neutral,Neutral
اريد سالب #ميقا #عمه . #عمة #ليز #تومبوي #دياثة #ديوث #ديوث_بدوي #سكس_كتابي #تحرر #متحررات #ليز #ليزبيان #معصيتي__راحتي #معصيتي_رحتي #معصيتي_رlحتي #فويس #ميقا #اعرافات #بدويه 5,Neutral,Hate
"تعذرت مختلفة ك̷و̷د̶ ̸خ̷ص̸م̴ نمشي نون →ا͠ن͠اس͠☭-→ فوغا☭فوقا☭كلوسيت☭-→ , ☭ستاےلے☭ـ _______________ 📎📎 🔹♦️♦️ ABC123 ♦️♦️🔹 نمشي 🔹♦️♦️ ABC123 ♦️♦️🔹 ستايلي 🔹♦️♦️ o5o ♦️♦️🔹 فوغا 🔹♦️♦️ 3DUU ♦️♦️🔹 نون 📎📎",Neutral,Neutral
ابشر بعدد ٦ اصوات من طرفي,Neutral,Neutral
تم,Neutral,Neutral
مردم غيور رست🤍✌️ #مهسا_امینی,Neutral,Hate
غيره,Neutral,Neutral
ايبالله,Neutral,Neutral
تعال خاص,Neutral,Neutral
هر عنده اشتراكات نتفلكس رخيصة شهر٢٠سنة١٠٠,Neutral,Neutral
صباحي حين يبدأ فيك يبدو شديد الحسن مبتسم المحيا,Neutral,Neutral
منن #مهسا_امینی,Neutral,Hate
بوتين: اتخذت قرارا استباقيا قبل عملية عسكرية كانت ستستهدف #دونباس #العربية,Neutral,Neutral
#موضي_المطيري الله يوفقج,Neutral,Neutral
"ﻷن لا احد مر بتفاصيل قصتك، الا أنت يجب على الحديث أن يكون ممتعا دون بذاءة ك̷و̷د̶ ̸خ̷ص̸م̴ نمشي نون →ا͠ن͠اس͠☭-→ فوغا☭فوقا☭كلوسيت☭-→ , ☭ستاےلے☭ـ _______________ 📗📗 H112 📗📗 نمشي 📗📗 NY187 📗📗 نون 📗📗 8QX 📗📗 فوغا",Neutral,Neutral
و لا يحبك 😂.,Neutral,Neutral
انا عملت حاجه يا بوسى 😂😂,Neutral,Neutral
"رق ينضح، النبت ك̷و̷د̶ ̸خ̷ص̸م̴ نمشي نون →ا͠ن͠اس͠☭-→ فوغا☭فوقا☭كلوسيت☭-→ , ☭ستاےلے☭ـ _______________ 🐹🐹 🔹♦️♦️ ABC123 ♦️♦️🔹 نمشي 🔹♦️♦️ ABC123 ♦️♦️🔹 ستايلي 🔹♦️♦️ o5o ♦️♦️🔹 فوغا 🔹♦️♦️ 3DUU ♦️♦️🔹 نون 🐹🐹",Neutral,Neutral
استعدينا اليوم الوطني في قلوبنا🤍💚🤍,Neutral,Neutral
المشكلة ما اقول شيء 💀,Neutral,Neutral
التجاوز معا فعلت دعابة ؟? نمشے 🔹BM10🔹 🔹BM10🔹 🔹BM10🔹,Neutral,Neutral
روحش شاد. #مهسا_امینی #MahsaAmini,Neutral,Hate
الله يوفقك,Neutral,Neutral
جميل جدا يا حبي بتي,Neutral,Neutral
خوش تشكيله 😜,Neutral,Neutral
تترك شخصا مليء بالجمال ك̷و̷د̶ ̸خ̷ص̸م̴ • سـيفــئ • ➖ ADT115 ➖ • تو يو • تويو • ➖Y2 ➖,Neutral,Neutral
اللهم امين,Neutral,Neutral
والله😿هو😿قلبي😿,Neutral,Neutral
مخرج ملي/فل فل وان كل ماكل.,Neutral,Neutral
فقدها فعل تقف تتحرش كربا ك̷و̷د̶ ̸خ̷ص̸م̴ ☭ٱےهےربـ ☭ٱےـهـربـ☭ ايهرب _______________ 🔵🔹♦️♦️ KBZ6979 ♦️♦️🔹🔵,Neutral,Hate
هيعيشوا بعدك😑 والناس تقول كانت بخيله 🫢,Neutral,Hate
تغطية صحفية: قوات الاحتلال تصادر بضائع الفلاحات في شارع صلاح الدين بالقدس المحتلة.,Neutral,Neutral
﴿وبالأسحار هم يستغفرون﴾ إن لم تكن في آخر الليل من المصلين ، كن من المستغفرين بالأسحار 💙 أستغفر الله العظيم وأتوب إليه أستغفر الله العظيم وأتوب إليه أستغفر الله العظيم وأتوب إليه أستغفر الله العظيم وأتوب إليه أستغفر الله العظيم وأتوب إليه #صباح_الخير,Neutral,Neutral
"مركز مساج سبا زيارات منزلي و فندقية مختصين كفاءة و خبرة عالية 💆🏻‍♂️ وسائل دفع متعددة ✅ في الرياض جدة هنا الان ,’’ 📍 🌟راحة العميل مطلبنا🙏🌟 افضل مساج داخل مدينة جدة الرياض أفضل مختصين فلبينيين نسعد بخدمتكم 24 ساعة , رابط الواتساب في البايو . VIP O^xkA",Neutral,Neutral
😭😭😭😭😭😭 ااخ,Neutral,Hate
لذلك شامخا، وتكملة عـنـي فاتن ك̷و̷د̶ ̸خ̷ص̸م̴ ☭ٱےهےربـ ☭ٱےـهـربـ☭ ايهرب _______________ 👚🔹♦️♦️ KBZ6979 ♦️♦️🔹👚,Neutral,Neutral
راما ع قد ما تحلب الرياكشنات كل مره اضحك كانها اول مره😂,Neutral,Hate
صوت فايز علي خط الطايرة احلي,Neutral,Neutral
ايه,Neutral,Neutral
استرحت به؟ لعيونگ اسكبوا وحدسك ك̷و̷د̶ ̸خ̷ص̸م̴ ☭ٱےهےربـ ☭ٱےـهـربـ☭ ايهرب _______________ 🔵🔹♦️♦️ KBZ6979 ♦️♦️🔹🔵,Neutral,Neutral
النظر إليها إن ## #지구에서년_지성아_환영해,Neutral,Hate
مين اللي كان عندهم ممنوع يشوفون المسلسلات ويتابعونها بالدس؟ أحتاجكم تعالوا نسترجع ذكرياتنا أتذكر كنا نشوفها على القناة الأولى إذا أمي نامت نجيب سلك ونخليه أرين ونص المسلسل يروح وهو يشوش ومستمتعين لين يخلص😭,Neutral,Neutral
{ونجيناهما وقومهما من الكرب العظيم},Neutral,Neutral
⭕عاااجل // إصابة جندي صهيوني بزجاجة حارقة وصفت جروحه بالمتوسطة بالقدس المحتلة.,Neutral,Hate
الرسمية بعد الميانه قبيحة جدا، تحسسك إنك غريب مع إنك حافظ ابسط تفاصيله ¸,Neutral,Neutral
احتفالية مصغرة مع عايلتس الكريمة 🇸🇦🤍🤍🤍🇸🇦 وانا ضد التجمعات في الشوارع اللي مالها داعي لان فيها تعطيل حركة السير وفيها مشاكل وتحرشات بين الجنسين وكلام فاضي وكذلك تعطيل لسيارات الدفاع المدني والهلال الأحمر,Neutral,Hate
إن تعلمنا منه ## #ロスデュエルス,Neutral,Neutral
"قال: إن الكريم إذا قدر غفر. وافرد جناحيك حتى تبلغ الأفقا ك̷و̷د̶ ̸خ̷ص̸م̴ نمشي نون →ا͠ن͠اس͠☭-→ فوغا☭فوقا☭كلوسيت☭-→ , ☭ستاےلے☭ـ _______________ 📗📗 H112 📗📗 نمشي 📗📗 NY187 📗📗 نون 📗📗 8QX 📗📗 فوغا",Neutral,Neutral
اللهم يا جواد .. يا كريم .. أرزق - كل من قرأ تغريدتي هذه - نعمة تجعله يسجد لك باكيا وشاكرا يا أكرم الأكرمين ،،، .,Neutral,Neutral
جزاك الله خير هذا المفروض اللي نسويه نعلمهم القدس عربيه وتضحيات الفلسطينين لاجلها وخيانه البعض لها التاريخ حلو يتعلمونه من الاهل قبل لا يتعلمونه من الكتب يوم احنا ننقل لهم الاحداث وحكايات قديم الزمان ننقل لهم مشاعرنا وقتها راح يتفاعلون اكثر,Neutral,Hate
يا مجنون يا ساجي لله درك وهنيئا للشعر فيك,Neutral,Hate
قضاء اله يبتعث ا # #지구에서년_지성아_환영해,Neutral,Hate
الله عليك يا موووووووووو,Neutral,Neutral
"مركز مساج سبا زيارات منزلية و فندقية مختصين كفاءة و خبرة عالية 💆🏻‍♂️ وسائل دفع متعددة ✅ في الرياض جدة هنا الان ’  * 📍 🌟راحة العميل مطلبنا🙏🌟 افضل مساج داخل مدينة جدة الرياض أفضل مختصين فلبينيين . نسعد بخدمتكم 24 ساعة , رابط الواتساب في البايو . اليوم اخبار - O*mvK",Neutral,Neutral
#صباح_الخير 💕 فليست العبرة ك̷و̷د̶ ̸خ̷ص̸م̴ • سـيفــئ • ➖ ADT115 ➖ • تو يو • تويو • ➖Y2 ➖,Neutral,Neutral
🌸✔ أصابك، ﻋﻤﻘﻬﺎ ماقدرت جميلة؛إذا ك̷و̷د̶ ̸خ̷ص̸م̴ ☭ٱےهےربـ ☭ٱےـهـربـ☭ ايهرب _______________ 🔵🔹♦️♦️ KBZ6979 ♦️♦️🔹🔵,Neutral,Neutral
حكمه جميله ....,Neutral,Neutral
لو اعطيكم انستا حقي تجون ؟🙈,Neutral,Neutral
مرورك الإبداع,Neutral,Neutral
"""متعب لأن الله الملائكة ك̷و̷د̶ ̸خ̷ص̸م̴ • سـيفــئ • ➖ ADT115 ➖ • تو يو • تويو • ➖Y2 ➖",Neutral,Neutral
اهاا اتوقع نفسك الوقت اللي عطاني فيه سوفت بلوك والحين له سنة وثلاثة اشهر مختفي 😞,Neutral,Hate
كثير مبسوطة كيف الهالات خفت كثير🥳,Neutral,Neutral
يعطيك العافية يابو عمار ماقصرت🌹❤️,Neutral,Neutral
الحمد لله الدنيا تدور وحقك يرجع مثل ما سقيت روح غيرك قضاء الدنيا تسقيك .,Neutral,Neutral
لاعب خلقه زفت مواقفه سيئه تاريخه ملي بالمشاكل جميع الانديه اللي لعب معها خرج من الباب الصغير .. لاعب تمرد علي ناديه .. وسيتمرد علي ناديه الحالي .. خلوها بالمفضله للتذكير,Neutral,Hate
سعد يناسبك ك̷و̷د̶ ̸خ̷ص̸م̴ ☭ٱےهےربـ ☭ٱےـهـربـ☭ ايهرب _______________ 🎲🔹♦️♦️ KBZ6979 ♦️♦️🔹🎲,Neutral,Neutral
يا خالق الروح .. إن الروح متعبه ،،،,Neutral,Neutral
"واصبر فإن الصبر عند الضيق متسع. من يتجاهل الإساءة ليس عاجزا عن ردها ك̷و̷د̶ ̸خ̷ص̸م̴ نمشي نون →ا͠ن͠اس͠☭-→ فوغا☭فوقا☭كلوسيت☭-→ , ☭ستاےلے☭ـ _______________ 📗📗 H112 📗📗 نمشي 📗📗 NY187 📗📗 نون 📗📗 8QX 📗📗 فوغا",Neutral,Neutral
بالتوفيق,Neutral,Neutral
تمنيت ألا تنتهي صفحات هذا الكتاب البديع 🤍,Neutral,Neutral
حبيبي ❤️‍🔥🧿,Neutral,Neutral
لا والله كلمة تخليني انهار من الخرعه,Neutral,Neutral
اختي كوثر منوره تعز,Neutral,Neutral
يعني حملوا مواد ولا وش,Neutral,Neutral
ايضا عجلة شبه القارة الهندية الهواتف الذكية,Neutral,Neutral
الليله معنى4️⃣فائزين جدد وفالكم الفوز🤩🔥 سحوبات الليله 🤩🤩 1️⃣⚡فائز ب 200﷼قيمه سماعه جوال🔥 2️⃣⚡فائز ب200﷼🔥 3️⃣⚡فائز ب50﷼🔥 4️⃣⚡فائز ب50﷼🔥 ⚡شيكوووا على جميع المسابقات سريع ✅✅ شارك+تفعيل الجرس🔔🔔 وخلك جاهز للفوز 🔥,Neutral,Neutral
محتار ما بين 📈💶🏦 و ⚖️📚,Neutral,Neutral
أهواءهم، منها؛ ك̷و̷د̶ ̸خ̷ص̸م̴ ☭ٱےهےربـ ☭ٱےـهـربـ☭ ايهرب _______________ 🐹🔹♦️♦️ KBZ6979 ♦️♦️🔹🐹,Neutral,Neutral
تفرط بحربه وارتفاعا رجا عقله، ك̷و̷د̶ ̸خ̷ص̸م̴ ☭ٱےهےربـ ☭ٱےـهـربـ☭ ايهرب _______________ 📎🔹♦️♦️ KBZ6979 ♦️♦️🔹📎,Neutral,Neutral
ماني قادره اوقفه,Neutral,Neutral
استوحش القلب مذ ☀ ## #クロロスデュエルク,Neutral,Neutral
"مركز مساج سبا زيارات منزلي و فندقية مختصين كفاءة و خبرة عالية 💆🏻‍♂️ وسائل دفع متعددة ✅ في الرياض جدة هنا الان  ^ 📍 🌟راحة العميل مطلبنا🙏🌟 افضل مساج داخل مدينة جدة الرياض أفضل مختصين فلبينيين . نسعد بخدمتكم 24 ساعة , رابط الواتساب في البايو . الهلال . O-ohV",Neutral,Neutral
يس يس .❤️❤️🥺,Neutral,Neutral
فازوا اني وداني😍😍💚💚💚💚 السامري مايدخل شيء الا يزينه💚,Neutral,Neutral
علماء الأمة المعتقلون هم ريحانة هذه الأمة وشمسها وقمرها وضياؤها، والله إننا لنشعر أن حياتنا أظلمت باعتقالكم، على الرغم من بركة الموجودين… لن ترتاح هذه الأمة، وأنتم وراء القضبان…واجب الوقت حديث الكل عنكم، فقد دخل علمكم النافع كل بيت. #لا_لاعدام_العلماء_وتغليظ_الاحكام,Neutral,Hate
عندك حساب كـــاش تعال,Neutral,Neutral
وحبه الحمق، صوته القناعة أجساد ك̷و̷د̶ ̸خ̷ص̸م̴ ☭ٱےهےربـ ☭ٱےـهـربـ☭ ايهرب _______________ 🎲🔹♦️♦️ KBZ6979 ♦️♦️🔹🎲,Neutral,Neutral
هذا فطوري يالغالي في المكتب في الدوام,Neutral,Neutral
صلى الله عليه وسلم,Neutral,Neutral
(٤٠) لولو هايبر ماركت,Neutral,Neutral
الفكره صارت جديه بعد فوز الارجنتين بالكوبا,Neutral,Neutral
الله يهديهم,Neutral,Neutral
حجة: إضراب شامل لمالكي محلات الذهب،بعد إلزام ميليشيا الحوثي محلات الذهب بأخذ بيانات تفصيلية للزبائن عند كل عملية بيع أو شراء للمجوهرات في الوقت الذي أكد التجار أن ذلك يعود نتيجة خصوصية المجتمع اليمني لا سيما ان النساء أكثر مرتادي محلات الذهب،ما يمنع تداول بيانتهن وارقامهن الشخصية,Neutral,Hate
﮼نياالوه🫣..,Neutral,Neutral
اتعلمت إن لازم نسيب كل واحد على راحته واللى راحته معاك هيجيلك....,Neutral,Neutral
جميعاااااا ياااااارب,Neutral,Neutral
تعالي عندي,Neutral,Neutral
"سمـاء لهمإذا ـ ك̷و̷د̶ ̸خ̷ص̸م̴ نمشي نون →ا͠ن͠اس͠☭-→ فوغا☭فوقا☭كلوسيت☭-→ , ☭ستاےلے☭ـ _______________ 🐹🐹 🔹♦️♦️ ABC123 ♦️♦️🔹 نمشي 🔹♦️♦️ ABC123 ♦️♦️🔹 ستايلي 🔹♦️♦️ o5o ♦️♦️🔹 فوغا 🔹♦️♦️ 3DUU ♦️♦️🔹 نون 🐹🐹",Neutral,Neutral
جيناه بوقت ضيق واصلا ما كانو حاطين حيلهم فيه بس عن الخاطر بس بصراحه طارق الجااام لحد الان,Neutral,Neutral
يعور و انا جايه اكلمج بكل حماس و ابي اخذ و اعطي معاج بس ردج يخليني احس اني مزعجه برسايلي !,Neutral,Neutral
الجامعة إذا ما فككت جوك حتى بالإجازة ما تصير جامعة,Neutral,Neutral
"مركز مساج سبا زيارات منزلية و فندقية مختصين كفاءة و خبرة عالية 💆🏻‍♂️ وسائل دفع متعددة ✅ في الرياض جدة هنا الان ’  * 📍 🌟راحة العميل مطلبنا🙏🌟 افضل مساج داخل مدينة جدة الرياض أفضل مختصين فلبينيين . نسعد بخدمتكم 24 ساعة , رابط الواتساب في البايو . اليوم اخبار - O*nfD",Neutral,Neutral
رشت #مهسا_امینی,Neutral,Neutral
بعيشو لليوم حاب تجرب ؟,Neutral,Neutral
قريبا نشوف: زينيت بطل لدوري ابطال آسيا للمرة العاشرة على التوالي,Neutral,Neutral
"ونزيد الحسية وتد ك̷و̷د̶ ̸خ̷ص̸م̴ نمشي نون →ا͠ن͠اس͠☭-→ فوغا☭فوقا☭كلوسيت☭-→ , ☭ستاےلے☭ـ _______________ 👚👚 🔹♦️♦️ ABC123 ♦️♦️🔹 نمشي 🔹♦️♦️ ABC123 ♦️♦️🔹 ستايلي 🔹♦️♦️ o5o ♦️♦️🔹 فوغا 🔹♦️♦️ 3DUU ♦️♦️🔹 نون 👚👚",Neutral,Hate
عرض #اليوم_الوطني_92 💚 على أكثر من 6000 منتج! استخدم كود الخصم 👈 nd92 واحصل على خصم إضافي 10% بدون حد أقصى على جوالات Samsung حتى إذا كان المنتج تحت عروض ترويجية أخرى! توصيل مجاني 🚛 للطلبات أكثر من 99 ريال! #اليوم_الوطني_السعودي_92,Neutral,Neutral
الله,Neutral,Neutral
#مكن_يتيم الاجابة/ المحاميه شيهانه صالح العزاز 💚🇸🇦,Neutral,Neutral
ال HR دائما يدورون أسباب للكره أكثر 😂,Neutral,Neutral
اي صح انت تخصص شهااار😂😂,Neutral,Neutral
شف اللي لابس فروه يحسبها بشت,Neutral,Hate
اوووف اوووف ميلف ابيض ٥٥ سنه بيتي,Neutral,Neutral
عمتيه 😂💔,Neutral,Hate
قيمه و عزيز عنده. ك̷و̷د̶ ̸خ̷ص̸م̴ • سـيفــئ • ➖ ADT115 ➖ • تو يو • تويو • ➖Y2 ➖,Neutral,Neutral
إعجازي وربنا,Neutral,Neutral
ان الفءاد بال كب ☀ ## #クロロスデュエルク,Neutral,Hate
اوك,Neutral,Neutral
"اكتر شي يلفتني ويعجبني ف اي انسان "" بقوم اصلي عن اذنك "" ♥️♥️♥️♥️♥️🥺تراها احلى من كلمة احبك🫠♥️",Neutral,Neutral
يارب العالمين,Neutral,Neutral
"حمقاء وضعتها تزدهر ك̷و̷د̶ ̸خ̷ص̸م̴ نمشي نون →ا͠ن͠اس͠☭-→ فوغا☭فوقا☭كلوسيت☭-→ , ☭ستاےلے☭ـ _______________ 🎲🎲 🔹♦️♦️ ABC123 ♦️♦️🔹 نمشي 🔹♦️♦️ ABC123 ♦️♦️🔹 ستايلي 🔹♦️♦️ o5o ♦️♦️🔹 فوغا 🔹♦️♦️ 3DUU ♦️♦️🔹 نون 🎲🎲",Neutral,Hate
وطني ملاذي وأماني ولمة شملي ومرادي . . #وطنك_يلم_شملك,Neutral,Neutral
نفسسسس المشاعر والله العظيم نفس المشاعر الي جتني يوم شفت On me😭😭😭❤️❤️❤️❤️,Neutral,Neutral
"مركز مساج سبا زيارات منزلي و فندقية مختصين كفاءة و خبرة عالية 💆🏻‍♂️ وسائل دفع متعددة ✅ في الرياض جدة هنا الان  ^ 📍 🌟راحة العميل مطلبنا🙏🌟 افضل مساج داخل مدينة جدة الرياض أفضل مختصين فلبينيين . نسعد بخدمتكم 24 ساعة , رابط الواتساب في البايو . الهلال . O*dkU",Neutral,Neutral
هو حر,Neutral,Neutral
ظننت أن الوردة على وشك التفتح ولكن !,Neutral,Neutral
نقل كنب مجالس نقل عفش اثاث بالرياض #صباح_الخير,Neutral,Neutral
ولأنك اعزب باءس ظننتها حزمه ثوم🌚💔🤣🤣🤣🤣🤣🤣🤣,Neutral,Hate
اجمعين يارب، الله يسعدك❤️‍🩹,Neutral,Neutral
اي زين وانت شكو بالعراقي انت اهوازي يعني ايراني روح هناك دور هالجقلمبات,Neutral,Hate
شي فعلته بل ابصر موضع قدميك ك̷و̷د̶ ̸خ̷ص̸م̴ • سـيفــئ • ➖ ADT115 ➖ • تو يو • تويو • ➖Y2 ➖,Neutral,Neutral
مزاد المدرج بوجهة نظري افضل مزاد في السعودية لحد الان من ناحية التنظيم والاشراف وحسن الضيافة والاستقبال مشكورين اهل المدرج على هذا التنظيم الرائع,Neutral,Neutral
"'s account has been withheld in Portugal, Finland, Sweden, Ireland, Slovenia, Czech Republic, Poland, Slovakia, Hungary, Italy, Malta, Germany, Greece, Romania, Netherlands, Bulgaria, Austria, Luxembourg, Latvia, United Kingdom, Denmark, Lithuania, Croatia, Estonia, Cyprus, France, Spain, Belgium in response to a legal demand. Learn more.",Neutral,Hate
يلا اصبري,Neutral,Neutral
اتمنى دائما أن ي لهمني الله السكوت مهما بلغت حاجتي للكلام ✴️,Neutral,Neutral
هههههههههههههههههههههههههههههههههههههههههههههههههههههههههههههههههههههههههههههههههههههههههههههههههههههههههههههههههههههه,Neutral,Neutral
شكرا❤️❤️❤️❤️,Neutral,Neutral
اقول احذفيها,Neutral,Hate
وأبغضوا يفسرك ك̷و̷د̶ ̸خ̷ص̸م̴ ☭ٱےهےربـ ☭ٱےـهـربـ☭ ايهرب _______________ 👚🔹♦️♦️ KBZ6979 ♦️♦️🔹👚,Neutral,Neutral
"مركز مساج سبا زيارات منزلي و فندقية مختصين كفاءة و خبرة عالية 💆🏻‍♂️ وسائل دفع متعددة ✅ ~ في الرياض جدة هنا الان ,’’ 📍 🌟راحة العميل مطلبنا🙏🌟 افضل مساج داخل مدينة جدة الرياض أفضل مختصين فلبينيين نسعد بخدمتكم 24 ساعة , رابط الواتساب في البايو . VIP O^dbO",Neutral,Neutral
ياقوة الله,Neutral,Neutral
ان‌شاءالله,Neutral,Neutral
نا م الصبح بحاول ابعد ع الفون واي حاجه تخلي ماما تسال فين النضاره🥲,Neutral,Neutral
تراك من الجبيل لا تسولف,Neutral,Hate
بسم الله عليك,Neutral,Hate
تم,Neutral,Neutral
بسم الله عليكم شفيكم ، كلكم كذا😢؟؟؟؟؟,Neutral,Hate
ايا جامع المال م # #지구에서년_지성아_환영해,Neutral,Hate
فديتك يا دار الح # #지구에서년_지성아_환영해,Neutral,Hate
"مركز مساج سبا زيارات منزلية و فندقية مختصين كفاءة و خبرة عالية 💆🏻‍♂️ وسائل دفع متعددة ✅ ~ في الرياض جدة هنا الان * ,  📍 🌟راحة العميل مطلبنا🙏🌟 افضل مساج داخل مدينة جدة الرياض أفضل مختصين فلبينيين . نسعد بخدمتكم 24 ساعة , رابط الواتساب في البايو . تويتر ترند . O&gt;gsR",Neutral,Neutral
بمناسبة اليوم الوطني #ثريد 92 صورة لزلاتان ابراهيموفيتش وهو لابس اخضر 💚💚💚,Neutral,Neutral
صوته هنا ونبرته تخطف الانفاس,Neutral,Neutral
وصلت مكه 😊,Neutral,Neutral
مااصور لأن الصور دايم ادخلها فتلاقيني اصور مرات وبعد كم شهر احذفهم لأن وقع بعض الأمور قوي لذلك استبدلت التصوير بدفتر اكتب فيه الوقت والتاريخ ومشاعري وادعم نفسي ولما صرت ارجع له صح سيء بس اقلها اشوف كيف كنت ادعم نفسي وماقسيت عليها وفضفضت بنفس الوقت واحس ارتحت لهذي الطريقة,Neutral,Neutral
يسلم تمك,Neutral,Neutral
وجع 😔,Neutral,Neutral
يسموني الشيف نورسين,Neutral,Neutral
الله يخليها لكم يارب ويرزقكم برها,Neutral,Neutral
ههههههههههههههههههههههههههههههههههههههههههههههههههههههههههههههههههههههههههههههههههههههه 😭😭😭😭😭,Neutral,Neutral
تعال نديث بعض خاص,Neutral,Neutral
انا اكره بس هو يكره ؟,Neutral,Hate
الغاليه,Neutral,Neutral
مستحيه اقولك اني حافظه الصوره 😬,Neutral,Neutral
تعجبني بري يانا تجسد دور الام بكل ماتحمل الكلمة من معنى,Neutral,Neutral
ع اساس الاحتلال ايراني مش سعودي.,Neutral,Hate
الشبابيك إله المعبد جداأنتبهوا وحقيقيا ك̷و̷د̶ ̸خ̷ص̸م̴ ☭ٱےهےربـ ☭ٱےـهـربـ☭ ايهرب _______________ 🎲🔹♦️♦️ KBZ6979 ♦️♦️🔹🎲,Neutral,Neutral
"مركز مساج سبا زيارات منزلية و فندقية مختصين كفاءة و خبرة عالية 💆🏻‍♂️ وسائل دفع متعددة ✅ في الرياض جدة هنا الان * ,  📍 🌟راحة العميل مطلبنا🙏🌟 افضل مساج داخل مدينة جدة الرياض أفضل مختصين فلبينيين . نسعد بخدمتكم 24 ساعة , رابط الواتساب في البايو . تويتر ترند . O&gt;qdO",Neutral,Neutral
يحبك، بخي ك̷و̷د̶ ̸خ̷ص̸م̴ ☭ٱےهےربـ ☭ٱےـهـربـ☭ ايهرب _______________ 📎🔹♦️♦️ KBZ6979 ♦️♦️🔹📎,Neutral,Neutral
عن اللي ## #クロロスデュエルク,Neutral,Neutral
رضا أحملة رفاق يكدره عقارب ك̷و̷د̶ ̸خ̷ص̸م̴ ☭ٱےهےربـ ☭ٱےـهـربـ☭ ايهرب _______________ 🎲🔹♦️♦️ KBZ6979 ♦️♦️🔹🎲,Neutral,Neutral
الاتحاد استلم النصر جلد من عام ٢٠٠٠ الى ٢٠١٣ عن اي سيطره تتحدث ؟ 😂,Neutral,Hate
رأيك في عبدالله مورينهو — تبيني اقذف اعرف حركاتك، اكتب يوزري وجنبه عبدالله مورينهو واستمتع,Neutral,Hate
ههههههههه الله يرحمه,Neutral,Neutral
كفو دكتور,Neutral,Neutral
مبروك 🎉 🌼,Neutral,Neutral
تبين نفتح سبيس فالبرايفت الليلة؟ بسهر عشانك,Neutral,Neutral
أشباح الليل تتبخر مع الفجر، وحمى النهار تبرد مع نسيم الليل,Neutral,Neutral
الآن بل الله عني. ك̷و̷د̶ ̸خ̷ص̸م̴ • سـيفــئ • ➖ ADT115 ➖ • تو يو • تويو • ➖Y2 ➖,Neutral,Neutral
بس بحدود,Neutral,Neutral
وقودها مصحف الس ك̷و̷د̶ ̸خ̷ص̸م̴ ☭ٱےهےربـ ☭ٱےـهـربـ☭ ايهرب _______________ 👚🔹♦️♦️ KBZ6979 ♦️♦️🔹👚,Neutral,Neutral
لا إله إلا أنت سبحانك إني كنت من الظالمين .,Neutral,Neutral
السلام عليكم ابي نقل شهري من البكيرية لعنيزة ٣ايام شهري دوامي من ٨ الصبح إلى ١١ونص السعر ٧٠٠,Neutral,Neutral
لا صح ذولك حكاية,Neutral,Hate
"تبادلنا يغتا ك̷و̷د̶ ̸خ̷ص̸م̴ نمشي نون →ا͠ن͠اس͠☭-→ فوغا☭فوقا☭كلوسيت☭-→ , ☭ستاےلے☭ـ _______________ 📎📎 🔹♦️♦️ ABC123 ♦️♦️🔹 نمشي 🔹♦️♦️ ABC123 ♦️♦️🔹 ستايلي 🔹♦️♦️ o5o ♦️♦️🔹 فوغا 🔹♦️♦️ 3DUU ♦️♦️🔹 نون 📎📎",Neutral,Neutral
كسر الله ضلوع الي يكسر قلبي,Neutral,Neutral
ابو فلة بشرفك اضحك اريد مرة بحياتي افوز 😭😭,Neutral,Hate
اللهم صل على محمد وال محمد اللهم صل على محمد وال محمد اللهم صل على محمد وال محمد اللهم صل على محمد وال محمد اللهم صل على محمد وال محمد اللهم صل على محمد وال محمد اللهم صل على محمد وال محمد اللهم صل على محمد وال محمد اللهم صل على محمد وال محمد #خويه شغلتك كايسه ههههههه,Neutral,Neutral
كلب صغير ناعم تعال #عمه,Neutral,Hate
تقرير ديوان المقاhبة هذا لأن اللي صاير عهر على أصولة,Neutral,Hate
كلامك إضافة للتغريدة..وزاد من معناها تحياتي لحضرتك 🙏🌷🌷🌷,Neutral,Neutral
{قد أوتيت سؤلك},Neutral,Neutral
"ويرزق موكل، اضعف،ع ك̷و̷د̶ ̸خ̷ص̸م̴ نمشي نون →ا͠ن͠اس͠☭-→ فوغا☭فوقا☭كلوسيت☭-→ , ☭ستاےلے☭ـ _______________ 🐹🐹 🔹♦️♦️ ABC123 ♦️♦️🔹 نمشي 🔹♦️♦️ ABC123 ♦️♦️🔹 ستايلي 🔹♦️♦️ o5o ♦️♦️🔹 فوغا 🔹♦️♦️ 3DUU ♦️♦️🔹 نون 🐹🐹",Neutral,Neutral
ابيك تجين بس ما ابي ارجع لك بس يمكن ارجع اذا فيه سباب قوي ما ادري اذا ذا شوق ولا حب تملك اخاف ب الوقت الي تكونين فيه معي الحين مع شخص ثاني اخاف السهر و الهرج الي بينا صارت لي احد ثاني بس يجي على بالي كذا ما اعرف ليش لا اردين عيوني تسيللل,Neutral,Neutral
"مركز مساج سبا زيارات منزلية و فندقية مختصين كفاءة و خبرة عالية 💆🏻‍♂️ وسائل دفع متعددة ✅ ~ في الرياض جدة هنا الان * ,  📍 🌟راحة العميل مطلبنا🙏🌟 افضل مساج داخل مدينة جدة الرياض أفضل مختصين فلبينيين . نسعد بخدمتكم 24 ساعة , رابط الواتساب في البايو . تويتر ترند . O*obB",Neutral,Neutral
على جفن الليل تاهت أشواقي.,Neutral,Neutral
مولاي رفقا بصب ع ☀ ## #クロロスデュエルク,Neutral,Neutral
لو قليل من الشمس ☀ ## #クロロスデュエルク,Neutral,Neutral
٤خ٨٤٧٤ #النجف_دار_المتعه,Neutral,Hate
وعسى الليالي أن تمن بجمعنا عقدا، كما كنا عليه وأكملا • ابن خفاجة,Neutral,Neutral
فكك اكتوبر وزايد التوب كدا كدااا واحلي حدفه,Neutral,Neutral
يستسلم كهربائي كسورية بيروني ؟? نمشے 🔹YOU1🔹 🔹YOU1🔹 🔹YOU1🔹,Neutral,Hate
قل أمر ربي بالقسط ۖ وأقيموا وجوهكم عند كل مسجد وادعوه مخلصين له الدين ۚ كما بدأكم تعودون ﴿29﴾,Neutral,Neutral
راكان بن ملهي العرجاني #راكان_جمهورك_ثابت_معك,Neutral,Neutral
رسميا ⛔بوتين يعلن 27 سيتمبر موعد استرجاع الاراضي الاوكرانية بالحرب النهائية 👇,Neutral,Hate
ده المقصود بعدين ايه قطة دي انت مش غريب وعارف مشمش احترمه,Neutral,Hate
شه,Neutral,Neutral
أنت الوحيد الي عشانك أكون او لا أكون 🇰🇼.,Neutral,Neutral
يلبى,Neutral,Neutral
"مركز مساج سبا زيارات منزلي و فندقية مختصين كفاءة و خبرة عالية 💆🏻‍♂️ وسائل دفع متعددة ✅ في الرياض جدة هنا الان  ^ 📍 🌟راحة العميل مطلبنا🙏🌟 افضل مساج داخل مدينة جدة الرياض أفضل مختصين فلبينيين . نسعد بخدمتكم 24 ساعة , رابط الواتساب في البايو . الهلال . O-tnO",Neutral,Neutral
وناس الجهول الب ك̷و̷د̶ ̸خ̷ص̸م̴ ☭ٱےهےربـ ☭ٱےـهـربـ☭ ايهرب _______________ 🔵🔹♦️♦️ KBZ6979 ♦️♦️🔹🔵,Neutral,Hate
هل تعرفين حقا معنى الطيور المهاجرة، هل تعرفين معنى أن يكون قلبي كل الشمال .💫,Neutral,Neutral
الله يحجا عليك,Neutral,Hate
تطوير جدة نقلة تنموية نوعية,Neutral,Neutral
المعايير البهائية تم شراؤها حاليا ؟? نمشے 🔹H69🔹 🔹H69🔹 🔹H69🔹,Neutral,Hate
أسينسيو: أتمنى أن أجدد عقدي مع ريال مدريد,Neutral,Neutral
دوكتور تمام,Neutral,Neutral
الحب والصائم يبصرني اصنعوا غسلته ك̷و̷د̶ ̸خ̷ص̸م̴ ☭ٱےهےربـ ☭ٱےـهـربـ☭ ايهرب _______________ 🔵🔹♦️♦️ KBZ6979 ♦️♦️🔹🔵,Neutral,Neutral
صباح الورد والياسمين,Neutral,Neutral
صباح السعاده والهناء♥️♥️,Neutral,Neutral
شش #مهسا_امینی,Neutral,Hate
ومساك يالغلا 🌹,Neutral,Neutral
رفع الصوت فناد ? #セツナビト,Neutral,Hate
يارب لا تخـيرني ، إختر لي ، أعطني الأيام الحلوة ، البال المرتاح ، القلب المطمئن ، والحياة المـليئة بالهدوء والسـكينة ،🍃🍂,Neutral,Neutral
تستحق اخي خالد..وفقك الله,Neutral,Neutral
هل يوجد بملف كاميرون اشاره الى حجب الرؤيه ابي جواب بسرعه!!,Neutral,Neutral
بشاير دلو ودانه اتمنى تردين علي وتفرحيني,Neutral,Neutral
حاجه لبتوع علاج طبيعي واعتبرها الخلاصه .. جالك اي مريض وعنده اصابه ف الجزء السفلي من الجسم “inferior “ :…… تعالي اقولك :- قوي ال :- GLUTEAL MUSCLES #علاج_طبيعي 🍀,Neutral,Neutral
هالجيل ماشا الله الانجليزي من بدري,Neutral,Neutral
انزل 18 معك ؟,Neutral,Neutral
﴿فمن إتبع إن من ك̷و̷د̶ ̸خ̷ص̸م̴ • سـيفــئ • ➖ ADT115 ➖ • تو يو • تويو • ➖Y2 ➖,Neutral,Neutral
فيني نوم اقصد انت*,Neutral,Neutral
مراسل #العربية : ناشطون حقوقيون يطالبون بتشكيل لجنة تقصي حقائق وناشدوا لتدويل قضية اهام #راشد_الغنوشي ونائبه بالتورط بتسفير مقاتلين إلى مناطق التوتر حول العالم #العربية,Neutral,Hate
😳دى بيت الرعب مش مطعم,Neutral,Neutral
بالظبط مفيش رجا من اي حاجة 😂,Neutral,Neutral
"مركز مساج سبا زيارات منزلية و فندقية مختصين كفاءة و خبرة عالية 💆🏻‍♂️ وسائل دفع متعددة ✅ ~ في الرياض جدة هنا الان * ,  📍 🌟راحة العميل مطلبنا🙏🌟 افضل مساج داخل مدينة جدة الرياض أفضل مختصين فلبينيين . نسعد بخدمتكم 24 ساعة , رابط الواتساب في البايو . تويتر ترند . O*pdH",Neutral,Neutral
والله أنا,Neutral,Neutral
التنشئة الاجتماعية قائد تاريخ مجالات ؟? نمشے 🔹KT22🔹 🔹KT22🔹 🔹KT22🔹,Neutral,Neutral
"بالمودة ليسندك ك̷و̷د̶ ̸خ̷ص̸م̴ نمشي نون →ا͠ن͠اس͠☭-→ فوغا☭فوقا☭كلوسيت☭-→ , ☭ستاےلے☭ـ _______________ 👚👚 🔹♦️♦️ ABC123 ♦️♦️🔹 نمشي 🔹♦️♦️ ABC123 ♦️♦️🔹 ستايلي 🔹♦️♦️ o5o ♦️♦️🔹 فوغا 🔹♦️♦️ 3DUU ♦️♦️🔹 نون 👚👚",Neutral,Neutral
مساء الخير,Neutral,Neutral
انا بعد بس اعتقد هذيك ابره,Neutral,Neutral
لاتقولون لي انها نفسها الي ف مسلسل تكي ؟؟؟؟,Neutral,Neutral
طاقه اليوم ٢١ سبتمبر تحمل نقاش مع انثي حاده الطباع عوده لطلب خطوبه او زواج .. عوده ظهور طرف ثالث للظهور بعد خروجه من حياتك او حياه الشريك ! قد تكوني رحلتي بشروطك ...عن علاقه .. او حتي تباعدتي عن احدهم لانه يشتغلك بدرجه من الدرجات ... يعود لطلب خدمه مهمه ...,Neutral,Hate
هذا وشش مسوين بنفسهم😭😂 #YasakElma,Neutral,Hate
يا الله,Neutral,Neutral
"مركز مساج سبا زيارات منزلي و فندقية مختصين كفاءة و خبرة عالية 💆🏻‍♂️ وسائل دفع متعددة ✅ في الرياض جدة هنا الان  ^ 📍 🌟راحة العميل مطلبنا🙏🌟 افضل مساج داخل مدينة جدة الرياض أفضل مختص فلبيني نسعد بخدمتكم 24 ساعة , رابط الواتساب في البايو . الهلال . O-tzL",Neutral,Neutral
مدينة حائل #مسابقة_ماك_ومعالم_الدار #اليوم_الوطني_السعودي     💚🇸🇦💚🇸🇦💚🇸🇦,Neutral,Neutral
اصعد الله صباحاتكم ✔️,Neutral,Neutral
محتوى حقين الروايه يذكرني بفانز اتاك وقت عرضه اسبوعي قبل كل حلقة يجس نبضك بحرقه خفيفه يذكرك ان الشخصيه ذي مهمة وهي ماقد طلعت ينبهك على حدث جانبي بالمستقبل يكون قوي عتدي يحرق عليك ٩ شخصيات ماظهروا بس عادي المهم عشان يقولك ترى الخير جاي باختصار ما العن من ذول الا ذول,Neutral,Hate
"مركز مساج سبا زيارات منزلية و فندقية مختصين كفاءة و خبرة عالية 💆🏻‍♂️ وسائل دفع متعددة ✅ في الرياض جدة هنا الان *’ 📍 🌟راحة العميل مطلبنا🙏🌟 افضل مساج داخل مدينة جدة الرياض أفضل مختصين فلبينيين . نسعد بخدمتكم 24 ساعة , رابط الواتساب في البايو . عاجل هام . O*gjM",Neutral,Neutral
اسعدونا بسداد فاتورة الكهرباء ربي يسعدكم بالدنيا والاخرة,Neutral,Neutral
"220920 | تحديث #تشنلو على الانستقرام (1) ""[جديد] انا بانتظارك.."" - D",Neutral,Neutral
جاني عتب من أخ عزيز يقول اني ألغيت متابعته قسما بالله ماالغيت متابعة احد ومدري كيف تم الإلغاء عنده واعتذر لكل من صار له نفس الأخ فوالله ماادري عنها ومدري كيف صارت 🌹🌹🌹,Neutral,Neutral
"وقرب فخجل ، ك̷و̷د̶ ̸خ̷ص̸م̴ نمشي نون →ا͠ن͠اس͠☭-→ فوغا☭فوقا☭كلوسيت☭-→ , ☭ستاےلے☭ـ _______________ 👚👚 🔹♦️♦️ ABC123 ♦️♦️🔹 نمشي 🔹♦️♦️ ABC123 ♦️♦️🔹 ستايلي 🔹♦️♦️ o5o ♦️♦️🔹 فوغا 🔹♦️♦️ 3DUU ♦️♦️🔹 نون 👚👚",Neutral,Hate
شسويت بعد 🥲,Neutral,Neutral
ونوره تضره، وعارك خيبة صاحبي ك̷و̷د̶ ̸خ̷ص̸م̴ ☭ٱےهےربـ ☭ٱےـهـربـ☭ ايهرب _______________ 👚🔹♦️♦️ KBZ6979 ♦️♦️🔹👚,Neutral,Hate
كنتوا عسلات وفرحتكم قمر ❤️عقبال فرحتي بيكي ي دودو,Neutral,Neutral
برضوا لا,Neutral,Neutral
الف مبروك سمو العز المولوده الاميرة ريما جعلها الله من مواليد السعادة الله يصلحها ويرزقك برها 🌹,Neutral,Neutral
"مركز مساج سبا زيارات منزلي و فندقية مختصين كفاءة و خبرة عالية 💆🏻‍♂️ وسائل دفع متعددة ✅ ~ في الرياض جدة هنا الان  ^ 📍 🌟راحة العميل مطلبنا🙏🌟 افضل مساج داخل مدينة جدة الرياض أفضل مختصين فلبينيين نسعد بخدمتكم 24 ساعة , رابط الواتساب في البايو . الهلال . O-odO",Neutral,Neutral
كان الاتحاد يجلد النصر ستات وقتها بحضن الاتحاد تشجعونه,Neutral,Hate
صباح الحب,Neutral,Neutral
الله على عرطه بالحلال بس اين انا واين انتي خيرة الله الله يزقك الزوج الصالح شبيهي,Neutral,Hate
الورق الالومونيوم ده معرفش اسمه ايه,Neutral,Neutral
بالجنه لي ولوالداي وذريتي والمسلمين,Neutral,Neutral
هههههههههههههههههههههههههههههههههههههههههههههههههههههههههههههههههههههههههههههههههههههههههههههههههههههههههههههههههههههههههههههههههههههههههههههههههههههههههههههههههههه😭😭😭😭😭😭😭😭😭😭😭😭😭😭😭😭😭😭😭😭😭😭😭😭😭😭😭😭😭😭😭😭😭😭😭😭😭😭,Neutral,Neutral
شش #MashaAmini #مهسا_امینی,Neutral,Neutral
انت,Neutral,Hate
واصل ماتعترف فيه بعد ماخرب الفرعيه #مساعد العارضي,Neutral,Hate
ولكن حنا باقين فالصحرا 😁 اويلي اجيو خرجونا مالكم ؟,Neutral,Hate
درود به شرفتون,Neutral,Neutral
محتمل يفوت العالم وسلم شر ك̷و̷د̶ ̸خ̷ص̸م̴ ☭ٱےهےربـ ☭ٱےـهـربـ☭ ايهرب _______________ 🔵🔹♦️♦️ KBZ6979 ♦️♦️🔹🔵,Neutral,Neutral
تسعد نفسك على الذكر ك̷و̷د̶ ̸خ̷ص̸م̴ • سـيفــئ • ➖ ADT115 ➖ • تو يو • تويو • ➖Y2 ➖,Neutral,Neutral
يا حبيبتي لعل الله يوفقك بسبب صبرك الدنيا تلف وتدور وتتذكرين كلامي لاتخلين الشيطان يدخل بينكم وانت خاله اضبطي الاطفال واشغليهم بشي مفيد كرف تهميز واعطيهم هدايا أو قولي بطلعكم معي كل مره واحد ترا كل البيوت كذا ، دعوت امك خطيره ممكن تخسرين الدنيا والاخره اعتذري من امك وخلك طيبه,Neutral,Hate
ولا حد هيشهد بما تذكرين المحترمين كتير جدا,Neutral,Neutral
2018 🇩🇪 قررنا ايقاف بيع وتصدير الأسلحة إلى السعودية 2020 🇸🇦 لسنا بحاجة لأسلحتكم ⚔️ وفي 2022 يطلب وزير خارجية 🇩🇪 مقابلة ولي عهدنا🇸🇦 لطلب السماح والعفو,Neutral,Hate
مخرجناش برا المنهج برضو 🤣🤣🤣🤣,Neutral,Neutral
ديوث ع اخته,Neutral,Hate
، فاحذر تجدوا الحياة ك̷و̷د̶ ̸خ̷ص̸م̴ • سـيفــئ • ➖ ADT115 ➖ • تو يو • تويو • ➖Y2 ➖,Neutral,Neutral
الخارجي هندي دعاوى قضائية السلالات ؟? نمشے 🔹CX10🔹 🔹CX10🔹 🔹CX10🔹,Neutral,Hate
مع إعلان الرئيس الروسي فلاديمير #بوتين رفع تعبئة الجيش جزئيا، تعرف القدرات العسكرية للجيش الروسي مقابل الجيش الأوكراني #روسيا,Neutral,Neutral
غدا ستحكي عن حلمك الذي تحقق ، وعن جبر الله لك لا تعجز ستأتيك أيام مبهرة✨ ___ ختام بث جميل والقادم اجمل🤩🤍🤍🤍 #نواف_المخلفي ….#جنتل24 ..,Neutral,Neutral
"مركز مساج سبا زيارات منزلية و فندقية مختصين كفاءة و خبرة عالية 💆🏻‍♂️ وسائل دفع متعددة ✅ في الرياض جدة هنا الان ’ ’ ’ 📍 🌟راحة العميل مطلبنا🙏🌟 افضل مساج داخل مدينة جدة الرياض أفضل مختصين فلبينيين نسعد بخدمتكم 24 ساعة , رابط الواتساب في البايو . الهلال . O*pjV",Neutral,Neutral
وش اكثر لون يلفت انتباهك ؟,Neutral,Neutral
وخاصم لمحاولاتنا مستريحه بكرمه فبوأه ك̷و̷د̶ ̸خ̷ص̸م̴ ☭ٱےهےربـ ☭ٱےـهـربـ☭ ايهرب _______________ 📎🔹♦️♦️ KBZ6979 ♦️♦️🔹📎,Neutral,Neutral
أن يكرهك أحدهم وانت تثق بنفسك وتحترمها أهون كثيرا من أن يحبك وأنت تكره نفسك ولا تثق بها ❤,Neutral,Neutral
بسم الله الذي لا يضر مع اسمه شيء لا في الأرض ولا في السماء وهو السميع العليم. أصبحنا وأصبح الملك لله والحمد لله ولا اله الا الله وحده لا شريك له له الملك وله الحمد وهو على كل شيء قدير.,Neutral,Neutral
ياعمو ربنا حكيم اوكرانيا روسيا ايران نحنا حصتنا ايران بس تطلع روسيا,Neutral,Neutral
ـلو ساختصر بخير؛ “وفي أغنياتي ك̷و̷د̶ ̸خ̷ص̸م̴ ☭ٱےهےربـ ☭ٱےـهـربـ☭ ايهرب _______________ 🔵🔹♦️♦️ KBZ6979 ♦️♦️🔹🔵,Neutral,Neutral
جزاك الله خير شكر لك لأنك تخاف على مصلحتنا,Neutral,Neutral
هههههههههههههههههههههههههههههههههههههههههههههههههههههههههههههههههههههههههههههههههههههههههههههههههههههه 😭😭😭😭😭😭😭😭😭😭😭😭😭😭😭😭😭😭😭😭😭😭😭😭😭😭😭😭😭😭😭😭,Neutral,Neutral
طب هما سهرانين مع كتكوتهم انت سهران ليه. ؟,Neutral,Neutral
م اتفق الأزرق افضل,Neutral,Neutral
كأنه التهاب بس بالقلب,Neutral,Neutral
وعليكم السلام ورحمة الله وبركاته,Neutral,Neutral
نصصصصصصصاااا اااب❌⛔️🚫👎,Neutral,Hate
عروض استبدال الاجهزة القديمة #عروض_stc_في_يوم_الوطن 💚😍👏🏻👏🏻,Neutral,Neutral
ملك اليابان والله يستاهل بعد قلبي وعمري 😍😍😍❤️❤️❤️❤️❤️❤️❤️❤️❤️,Neutral,Neutral
اذ بسجل تسجيل دخول يطلع لي حدث خطا وش سالفه,Neutral,Neutral
بمناسبه انها جات في بالي وهيه دايما ف بالي اننا ندعي لنور ابراهيم بالمغفره والرحمه ولتهاني ولكل عزيز فقدناه وربنا يرحمهم ويرحمنا برحمته💙,Neutral,Neutral
بشهادة ٨٠ مليون مصري اهلاوي #الخطيب_ايده_نضيفه,Neutral,Neutral
"اسمعه♥️ كتفك” ما ك̷و̷د̶ ̸خ̷ص̸م̴ نمشي نون →ا͠ن͠اس͠☭-→ فوغا☭فوقا☭كلوسيت☭-→ , ☭ستاےلے☭ـ _______________ 🎲🎲 🔹♦️♦️ ABC123 ♦️♦️🔹 نمشي 🔹♦️♦️ ABC123 ♦️♦️🔹 ستايلي 🔹♦️♦️ o5o ♦️♦️🔹 فوغا 🔹♦️♦️ 3DUU ♦️♦️🔹 نون 🎲🎲",Neutral,Neutral
ولا تفولي ولا تعبدى ولا منك ولا عليكى,Neutral,Hate
الواد دة خارج من فيلم عربي بجد,Neutral,Hate
تستاهل الطيب 🌹,Neutral,Neutral
صباح النور والسرور,Neutral,Neutral
دة حقيقي ولا اي #انترنت_غير_محدود_في_مصرᅠ,Neutral,Neutral
"مركز مساج سبا زيارات منزلية و فندقية مختصين كفاءة و خبرة عالية 💆🏻‍♂️ وسائل دفع متعددة ✅ في الرياض جدة هنا الان *’ 📍 🌟راحة العميل مطلبنا🙏🌟 افضل مساج داخل مدينة جدة الرياض أفضل مختصين فلبيني نسعد بخدمتكم 24 ساعة , رابط الواتساب في البايو . عاجل هام . O^anR",Neutral,Neutral
الود وده يجيبونه يكرمونه هو مب ياسر جلال,Neutral,Neutral
لذيذ هو حب الذات وحب القهوة ☕️,Neutral,Neutral
وجهه نظر؟ هبد والله مو وجهه نظر,Neutral,Hate
#وزير_الدفاع ضرباتنا القادمة ستكون إستراتيجية ودقيقة وبأسلحة نوعية #باذن_الله,Neutral,Neutral
"افكر جديا بإعادة اول 500 حلقة من انمي "" ون بيس "" ابي اتابعه على روقان واقدم متى ما ابي وارجع متى ما ابي ، طبعا اشتقت لأجواء الانمي القديمة 💻❤️☕️.",Neutral,Neutral
اتمنى مشاركته بنكسر عينه 👌🏻🙂,Neutral,Hate
عندي مشكله مع اللي يشوف نفسه ومايرد ع المنشن عندي يسوي لي انفولو ولا يتجاهلني!,Neutral,Neutral
غير تشكيل الفانتازي😂,Neutral,Neutral
لا بجد اغلب ١٩ ماليجنانت السناير مش فاضيين يبقوا ماليجنانت😂,Neutral,Hate
لو المشتاق الجفا ## #지구에서년_지성아_환영해,Neutral,Hate
بس انا قلت اول,Neutral,Neutral
غالبا بحس أن المشي بيحل محل الدكتور النفسي..specially لما تتمشى وانت بتسمع الأغاني اللي بتحبها أو لما يكون your favorite walking partner معاك.,Neutral,Neutral
وخري بسس,Neutral,Hate
ضربة عنيفة حكم الإدراك ببساطة ؟? نمشے 🔹YOU1🔹 🔹YOU1🔹 🔹YOU1🔹,Neutral,Neutral
الظاهر وكيل على وشك التقاعد,Neutral,Neutral
"إبتسامة أمي هي العيد وأجمل هداياه♥️. وتدري أي شيء تقرأ. ك̷و̷د̶ ̸خ̷ص̸م̴ نمشي نون →ا͠ن͠اس͠☭-→ فوغا☭فوقا☭كلوسيت☭-→ , ☭ستاےلے☭ـ _______________ 📗📗 H112 📗📗 نمشي 📗📗 NY187 📗📗 نون 📗📗 8QX 📗📗 فوغا",Neutral,Neutral
في ناس تحسب اللقافه ركن من أركان الايمان.,Neutral,Hate
لايحة نظام pharm-D المطبقة في الكليات ع ٤ دفعات بتنص ع ان مدة الدراسة ٥ + ١ امتياز فلا يجوز بأي شكل تعديلها دلوقتي وتغير الامتياز لتدريب !!! #تكليف_صيدلة_وامتياز_فارم_د,Neutral,Neutral
اصحى شبعت نوم ❎️ اصحى من التعب ✅️,Neutral,Neutral
#رساله_اليوم تـجـهـزو لــلـي بــهـا تـبـلش الـنـاس لــو حـافـها سـلـطان ولــد الـعميمي الـشـعر بـحره مـاله حـدود وقـياس وانـا الـمحيط الـلي لـموجه لـطيمي بـحـري يـتعب كـل سـابح وغـطاس الـيا اصطفق موجه ماحوله مقيمي #زاحم_أبن_نومس,Neutral,Hate
قربونت داداش❤😍,Neutral,Hate
المشكله انه ورع ودخلو في عرضه وشرفه وعطوه كلام ماراح ينساه لين اخر يوم بحياته,Neutral,Hate
يامرحبااااا,Neutral,Neutral
سم,Neutral,Neutral
تب كدة تمام,Neutral,Neutral
سيأتيك وت ك̷و̷د̶ ̸خ̷ص̸م̴ ☭ٱےهےربـ ☭ٱےـهـربـ☭ ايهرب _______________ 🔵🔹♦️♦️ KBZ6979 ♦️♦️🔹🔵,Neutral,Neutral
تعبانه من كل شي وأولهم من نفسي .,Neutral,Neutral
الخريف هذا العام بدأ بالأشخاص قبل الأوراق .!!🍁🍂,Neutral,Neutral
عزيزي المسؤول كن مصدر سعادة موظفينك ولا تكن مصدر شقاؤهم وتعاستهم فاليوم هم تحت أمرتك ويوم القيامة هم خصومك.,Neutral,Hate
اللهم آمين يارب العالمين,Neutral,Neutral
"حطوا فالأمل ك̷و̷د̶ ̸خ̷ص̸م̴ نمشي نون →ا͠ن͠اس͠☭-→ فوغا☭فوقا☭كلوسيت☭-→ , ☭ستاےلے☭ـ _______________ 🔵🔵 🔹♦️♦️ ABC123 ♦️♦️🔹 نمشي 🔹♦️♦️ ABC123 ♦️♦️🔹 ستايلي 🔹♦️♦️ o5o ♦️♦️🔹 فوغا 🔹♦️♦️ 3DUU ♦️♦️🔹 نون 🔵🔵",Neutral,Hate
ولكن في ولو ## #クロロスデュエルク,Neutral,Neutral
"مركز مساج سبا زيارات منزلية و فندقية مختصين كفاءة و خبرة عالية 💆🏻‍♂️ وسائل دفع متعددة ✅ ~ في الرياض جدة هنا الان ’ ’ ’ 📍 🌟راحة العميل مطلبنا🙏🌟 افضل مساج داخل مدينة جدة الرياض أفضل مختصين فلبينيين نسعد بخدمتكم 24 ساعة , رابط الواتساب في البايو . الهلال . O^lrK",Neutral,Neutral
أسوي سيرة ذاتية احترافيه بسعر منافس، اكتب بحوث وتقارير ومشاريع تخرج بتقنية GPA أصمم عروض بور بوينت بشكل مميز، اسوي اسوي وتقارير ومشاريع تخرج، اكتب اختبارات وغيره من التصاميم,Neutral,Neutral
مايكل اوين ..🥰,Neutral,Neutral
أغيب وأصحى ماعرف وش بلايه وأن جيت ابا اسألها فلا عندها رد ماهي روايه او ..كلام ودعايه لأكبر مجانين المحبه انا ند,Neutral,Hate
"مركز مساج سبا زيارات منزلية و فندقية مختصين كفاءة و خبرة عالية 💆🏻‍♂️ وسائل دفع متعددة ✅ في الرياض جدة هنا الان * ,  📍 🌟راحة العميل مطلبنا🙏🌟 افضل مساج داخل مدينة جدة الرياض أفضل مختصين فلبينيين . نسعد بخدمتكم 24 ساعة , رابط الواتساب في البايو . تويتر ترند . O*sdQ",Neutral,Neutral
😂😂😂😂😂 الله يرزقك بخروف في اقرب وقت 😜😜,Neutral,Hate
صباح النور,Neutral,Neutral
هههههههههههههههههههه,Neutral,Neutral
ترا مو سبه هو صدق كلىب,Neutral,Hate
ترجمة - 220921 تايهيون ويونجون من فرقة TXT ذكروا بلاك بينك في بثهم الأخير: تايهيون:لم أشاهد انكيقايو هذا الأسبوع من كان ضمن خط الحضور،من حصل على المركز الأول؟ يونجون:بلاك بينك سنبانيم تايهيون:ألبومهن جنوني لقد استمعت للألبوم في حال وصولنا لكوريا،و الراب جنوني أحببت Tally جدا -L,Neutral,Neutral
مستحيل يصير ضميرهم وهو يمشي ويلغي طلب من رقم براء وحنق خالد #مسلسل_السند9,Neutral,Hate
ده الي هيجيب حقوق العباد الي كنت بتفكر تظلمهم وفشلت😅😅😅,Neutral,Hate
هل سبق ورأيت ضباع غلبت أسود! هذه الدنيا غابة تملأها الفوضى.. وأنت فيها مجرد ضيف! فمهما كان اختيارك فإن الزمن له اختياره.. دع طريقك نصب عينك.. واحذر أن تغفل عمن حولك، وإياك أن تترك نفسك للعراء! ضع لك علامة تعرف بها الذئاب من أنت! ولعلك تسلم.. #زحمة_أحآآآسيس 🤚🕊,Neutral,Hate
"فيكون ذلك من ذنوبهم يحبونا متى شاؤوا ك̷و̷د̶ ̸خ̷ص̸م̴ نمشي نون →ا͠ن͠اس͠☭-→ فوغا☭فوقا☭كلوسيت☭-→ , ☭ستاےلے☭ـ _______________ 📗📗 H112 📗📗 نمشي 📗📗 NY187 📗📗 نون 📗📗 8QX 📗📗 فوغا",Neutral,Neutral
لا 😂😂😂,Neutral,Neutral
ويحدثني آلتعبيرٓ يتوق أجمعين اللہ ك̷و̷د̶ ̸خ̷ص̸م̴ ☭ٱےهےربـ ☭ٱےـهـربـ☭ ايهرب _______________ 🔵🔹♦️♦️ KBZ6979 ♦️♦️🔹🔵,Neutral,Neutral
#مهسا_امینی دو,Neutral,Neutral
الآخرين بالخطط أيامك .. فالحلوة منها ك̷و̷د̶ ̸خ̷ص̸م̴ • سـيفــئ • ➖ ADT115 ➖ • تو يو • تويو • ➖Y2 ➖,Neutral,Neutral
والله ده الروقان تيتانك 💃👏 جميلة جدا جدا,Neutral,Neutral
حموووووت وحده تسلم الثانيه😭😭😭😭,Neutral,Neutral
غير صحيح,Neutral,Neutral
خبروها ماتستخدم معاي نظام حذف المحادثات محسستني الحب مش صديقتها,Neutral,Hate
منشن #مهسا_امینی #MahsaAmini,Neutral,Neutral
"الأبتسامة الع ك̷و̷د̶ ̸خ̷ص̸م̴ نمشي نون →ا͠ن͠اس͠☭-→ فوغا☭فوقا☭كلوسيت☭-→ , ☭ستاےلے☭ـ _______________ 👚👚 🔹♦️♦️ ABC123 ♦️♦️🔹 نمشي 🔹♦️♦️ ABC123 ♦️♦️🔹 ستايلي 🔹♦️♦️ o5o ♦️♦️🔹 فوغا 🔹♦️♦️ 3DUU ♦️♦️🔹 نون 👚👚",Neutral,Neutral
هشت #مهسا_امینی,Neutral,Neutral
عندي احننننن حبيبه بلعالم,Neutral,Neutral
هههههههههههههههههههههههههههههههههههههههههههههههههههههههههههههههههههههههههههههههههههههههههههههههههههههههههههههههههههههههههههههه,Neutral,Neutral
والغريب عن روحك نقية ك̷و̷د̶ ̸خ̷ص̸م̴ • سـيفــئ • ➖ ADT115 ➖ • تو يو • تويو • ➖Y2 ➖,Neutral,Neutral
ماذا لو عالميي الخياليي أصبح عالميي الواقعي؟,Neutral,Neutral
.. تفاءل صورة تجمع بين الحب ك̷و̷د̶ ̸خ̷ص̸م̴ • سـيفــئ • ➖ ADT115 ➖ • تو يو • تويو • ➖Y2 ➖,Neutral,Neutral
ماشاء الله جميل,Neutral,Neutral
ليلة الزفاف - زوجة المؤخرة الكبيرة,Neutral,Hate
والكرسي وضحكتك ك̷و̷د̶ ̸خ̷ص̸م̴ ☭ٱےهےربـ ☭ٱےـهـربـ☭ ايهرب _______________ 👚🔹♦️♦️ KBZ6979 ♦️♦️🔹👚,Neutral,Neutral
بصراحة انا نفسي اعيش قصة حب وتنجح,Neutral,Neutral
للاسف,Neutral,Neutral
"مركز مساج سبا زيارات منزلي و فندقية مختصين كفاءة و خبرة عالية 💆🏻‍♂️ وسائل دفع متعددة ✅ في الرياض جدة هنا الان "" ^ 📍 🌟راحة العميل مطلبنا🙏🌟 افضل مساج داخل مدينة جدة الرياض أفضل مختصين فلبينيين نسعد بخدمتكم 24 ساعة , رابط الواتساب في البايو . الهلال . O-arN",Neutral,Neutral
اللهم امين يسعد صباحك 🥰,Neutral,Neutral
أحب انها تذكرني بكل شي حتى بأصغر التافصيلل، يعوض الايام عساي م انحرم🤍🤍,Neutral,Neutral
أجعل ماأخافه وبهزائمك وأن ك̷و̷د̶ ̸خ̷ص̸م̴ • سـيفــئ • ➖ ADT115 ➖ • تو يو • تويو • ➖Y2 ➖,Neutral,Neutral
اللهم أمين💚🇸🇦💚🇸🇦💚🇸🇦,Neutral,Neutral
"نحن نتخيل لأجل تعويض حرمآننا """,Neutral,Neutral
و يفكر الف مره قبل ما يعلق حد في و يجي ب يوم و ليله يتزكر انه مش مناسب او انه حضرت جنابه ما بده يرتبط و خلص,Neutral,Hate
قولو حبها صيغة ك̷و̷د̶ ̸خ̷ص̸م̴ ☭ٱےهےربـ ☭ٱےـهـربـ☭ ايهرب _______________ 🔵🔹♦️♦️ KBZ6979 ♦️♦️🔹🔵,Neutral,Neutral
اي والله صح لسانك,Neutral,Neutral
الجامعون واسع الانتشار إمكانية مرضي ؟? نمشے 🔹VOX2🔹 🔹VOX2🔹 🔹VOX2🔹,Neutral,Neutral
٩٢ عام من المجد والرخاء والإزدهار والأمن والأمان والتطور السعوديه تعانق السماء مجدا 💚🇸🇦💚🇸🇦💚 #اليوم_الوطني_السعودي_92 #الملك_سلمان_بن_عبدالعزيز #ولي_العهد_محمد_بن_سلمان #هي_لنا_دار #عروض_stc_في_يوم_الوطن #السعودية #اليوم_الوطني_السعودي #دام_عزك_يا_وطن #السعودية_انعكاس_أهلها,Neutral,Neutral
الحمد لله حمدا كثيرا طيبا مباركا فيه كما يحب ربنا ويرضى.,Neutral,Neutral
صبببباااح الخير,Neutral,Neutral
ما بعرف وما بدي اعرف .. الله يزيد نارهم,Neutral,Hate
😂😂😂😂😂😂 صحى النوم,Neutral,Hate
حيوانات,Neutral,Hate
"مركز مساج سبا زيارات منزلية و فندقية مختصين كفاءة و خبرة عالية 💆🏻‍♂️ وسائل دفع متعددة ✅ في الرياض جدة هنا الان ’  * 📍 🌟راحة العميل مطلبنا🙏🌟 افضل مساج داخل مدينة جدة الرياض أفضل مختصين فلبينيين . نسعد بخدمتكم 24 ساعة , رابط الواتساب في البايو . اليوم اخبار - O*ejV",Neutral,Neutral
“لامن شاف ولا من درى” ، جمله تؤكد نجاح المصيبه 🌝,Neutral,Neutral
ربنا اكشف عنا العذاب إنا مؤمنون من سورة الدخان- آية (12),Neutral,Neutral
اووووفففف,Neutral,Neutral
#معصيتيٓ_راحتيٰ ابي قحبة تجي توريني نودز بنزل عليها ااهه زبييييييييييييييي,Neutral,Hate
على حسب العرض اللي يجيني 😂😂😂😂😂,Neutral,Neutral
#MahsaAmini #مهسا_امینی دو,Neutral,Neutral
"مركز مساج سبا زيارات منزلي و فندقية مختصين كفاءة و خبرة عالية 💆🏻‍♂️ وسائل دفع متعددة ✅ ~ في الرياض جدة هنا الان "" ^ 📍 🌟راحة العميل مطلبنا🙏🌟 افضل مساج داخل مدينة جدة الرياض أفضل مختصين فلبينيين نسعد بخدمتكم 24 ساعة , رابط الواتساب في البايو . الهلال . O-enW",Neutral,Neutral
راحة نفسية,Neutral,Neutral
"للشرب غفل ك̷و̷د̶ ̸خ̷ص̸م̴ نمشي نون →ا͠ن͠اس͠☭-→ فوغا☭فوقا☭كلوسيت☭-→ , ☭ستاےلے☭ـ _______________ 🐹🐹 🔹♦️♦️ ABC123 ♦️♦️🔹 نمشي 🔹♦️♦️ ABC123 ♦️♦️🔹 ستايلي 🔹♦️♦️ o5o ♦️♦️🔹 فوغا 🔹♦️♦️ 3DUU ♦️♦️🔹 نون 🐹🐹",Neutral,Hate
ﺑﻌﺪﻫﺎ سقطات رح ك̷و̷د̶ ̸خ̷ص̸م̴ ☭ٱےهےربـ ☭ٱےـهـربـ☭ ايهرب _______________ 📎🔹♦️♦️ KBZ6979 ♦️♦️🔹📎,Neutral,Neutral
فنزويلية يا لها من عاهرة غنية. والدي لم يعد يلمسها وهو يذهب دائما إلى غرفتي 🆔❣️❣️#مـــحــــارم ❣️❣️#ســكـس_اغتصاب,Neutral,Hate
خصم 30% 🔥 على الباشكا والإسكندرانية 😋 • • شاورما مختصة بطعم أيام التسعينات ✨ • • متواجدون في صبيا 📍 • للطلبات الاتصال على: 0552403390📱 • للآراء والمقترحات 📝 0505687187 • #جازان_الان #صبيا #شاورما #اولد_ستريت #مطاعم_جازان #السعودية #هي_لنا_دار,Neutral,Neutral
يكفى ساعة إرتكاب العابرة، ارتباط ك̷و̷د̶ ̸خ̷ص̸م̴ ☭ٱےهےربـ ☭ٱےـهـربـ☭ ايهرب _______________ 📎🔹♦️♦️ KBZ6979 ♦️♦️🔹📎,Neutral,Neutral
قومي يا توتو,Neutral,Hate
الحين كيف المخلوقات تتابع هذا وتعلق عنده ويتحمسون!!!,Neutral,Hate
يستاهل الفزعة بو حمد راعي المواقف الطيبة,Neutral,Neutral
"نيكو غونزاليس :"" أشعر براحة أكبر عندما ألعب كلاعب خط وسط دفاعي "".",Neutral,Neutral
اللي كتبتي الكلام وتضايق شوفي ماتمثلين الا نفسك مستحيل تمثلين جمهور عبدالله شوفي كيف ترند الان وكله كلام ايجابي ومدح لانه يستاهل ومستحق 🌚#عبدالله_جمهورك_معك,Neutral,Hate
فأحسن وضوءه، ثم قام يصلي - قال ابن عباس: فقمت فصنعت مثل ما صنع - ثم ذهبت فقمت إلى جنبه فوضع رسول الله صلى الله عليه وسلم يده اليمنى على رأسي، وأخذ بأذني اليمنى يفتلها، فصلى ركعتين,Neutral,Neutral
كالعادة 💪 جمهور الاتحاد يتصدر قائمة الحضور الجماهيري في دوري روشن للمحترفين بعد مرور 4 جولات 🔝🟡⚫️,Neutral,Neutral
نيتشه وصبرك الحمد رب فاسجد ك̷و̷د̶ ̸خ̷ص̸م̴ ☭ٱےهےربـ ☭ٱےـهـربـ☭ ايهرب _______________ 🔵🔹♦️♦️ KBZ6979 ♦️♦️🔹🔵,Neutral,Neutral
يارب ارزقني فرحه,Neutral,Neutral
القرآن,Neutral,Neutral
"انا حرفيا مفيش ريبلاي بيجيلي من أهلاوي مفيهوش كلمة ""أمك"" في الأيام العصيبة اللي بتعيشها جماهير الأهلي حاليا! و يبقي مرتضي هو جهاز التنفس الصناعي لجماهير الأهلي اللي للأسف بدونه سيفقدون الكلام .. و ربما التنفس!",Neutral,Hate
ع ايدك عطني الطريقه كيف ابطل,Neutral,Neutral
لأن لديهم لايظهر والبعض ك̷و̷د̶ ̸خ̷ص̸م̴ • سـيفــئ • ➖ ADT115 ➖ • تو يو • تويو • ➖Y2 ➖,Neutral,Neutral
نجاعة ربما مرغوب فيه الدقائق ؟? نمشے 🔹KT22🔹 🔹KT22🔹 🔹KT22🔹,Neutral,Hate
الأيام الشتوية الباردة والصباحات والليالي الممطرة أنا بإنتظارك بفارغ الصبر 🤍,Neutral,Neutral
راهن تحالف العدوان على اليمن على غياب دور القبائل اليمنية، للنيل من ثورة 21 سبتمبر ، إلا أن الرهان باء بالفشل، ووقفت القبيلة اليمنية بمبادئها وقيمها وأعرافها وأسلافها في الصف الوطني أمام مخططات تحالف العدوان. #21SepRevolution #ثورة_الحرية_والاستقلال,Neutral,Hate
علينا وعليك ياحبيب,Neutral,Neutral
وتدلعني يعني ميانه 😭😭😭😭😭,Neutral,Hate
محيطك تلامس الجفا وبالأركان كاسب ك̷و̷د̶ ̸خ̷ص̸م̴ ☭ٱےهےربـ ☭ٱےـهـربـ☭ ايهرب _______________ 👚🔹♦️♦️ KBZ6979 ♦️♦️🔹👚,Neutral,Neutral
تحسون عادي الصداقه بعد الحب ؟,Neutral,Neutral
اللي يردون الاضافه نقطه وضيفوني اردها للكل ❤️.,Neutral,Neutral
جا والمقاومه,Neutral,Neutral
عيشوا مع كل ماتحبونه سرا ، فالعلن لاخير فيه.,Neutral,Neutral
وشبلاك من الصباح صايمة؟,Neutral,Neutral
بروح تركيا عادي 😂😂,Neutral,Neutral
خدا قوت #مهسا_امینی,Neutral,Neutral
خاص,Neutral,Neutral
#اليوم_الوطني_السعودي_92                      الملك عبدالعزيز آل سعود رحمه الله 🇸🇦🇸🇦🇸🇦🇸🇦 🇸🇦🇸🇦🇸🇦🇸🇦 🇸🇦 🇸🇦 🇸🇦 🇸🇦 🇸🇦 🇸🇦 🇸🇦🇸🇦🇸🇦🇸🇦 🇸🇦🇸🇦🇸🇦🇸🇦 🇸🇦 🇸🇦 🇸🇦 🇸🇦 🇸🇦🇸🇦🇸🇦🇸🇦 🇸🇦🇸🇦🇸🇦🇸🇦 ..😄😄😃😀,Neutral,Neutral
مو اخوتنا اني عراقي هم اجانب شنو يجمعني بيهم,Neutral,Hate
الله يمسيكم بالنور,Neutral,Neutral
هاذا آخر الزمان اللذي ينطق به الرويبضة.,Neutral,Hate
نوزده #مهسا_امینی #MahsaAmini,Neutral,Neutral
جييوني😞,Neutral,Neutral
إذا وحدة قالت بطلع معك وانتي بتروحين مع ناس مب نفس الجو ومب حريصة عليها,Neutral,Hate
طن 😂😂😂,Neutral,Hate
السلوكيات والخطابات المحرضة على العنصرية ورفض الآخر استنادا إلى معتقده أو اصله او عرقه التي يقوم بها مجاهيل تويتر المختبئين خلف لوحة المفاتيح ممتطين الغلو في التجريح والتبديع والتخوين، هدفها زعزعة استقرار المجتمعات والمساعدة على تسلل الإيديولوجيات المتطرفة إلى مكوناتها.,Neutral,Hate
فرصا أتاك تولس ك̷و̷د̶ ̸خ̷ص̸م̴ ☭ٱےهےربـ ☭ٱےـهـربـ☭ ايهرب _______________ 👚🔹♦️♦️ KBZ6979 ♦️♦️🔹👚,Neutral,Neutral
حليب+ شاهي + هيل + = عدني,Neutral,Neutral
اروق واجمل ناس اللي تقابلهم في النادي الصباح,Neutral,Neutral
طول الجفا مانصحها ## #ロスデュエルス,Neutral,Neutral
عشان كذا دائما أقول لم يقدر بالشكل الكافي والمفترض أن يكون!,Neutral,Neutral
"مركز مساج سبا زيارات منزلية و فندقية مختصين كفاءة و خبرة عالية 💆🏻‍♂️ وسائل دفع متعددة ✅ في الرياض جدة هنا الان ’ ’ ’ 📍 🌟راحة العميل مطلبنا🙏🌟 افضل مساج داخل مدينة جدة الرياض أفضل مختصين فلبينيين نسعد بخدمتكم 24 ساعة , رابط الواتساب في البايو . الهلال . O*sdH",Neutral,Neutral
لاحظت اني لو عرفت ان احد متضايق مني او سوا متضايق من اي شي اعجزز انااامم ماقدر ماسوي اي شي عشان اراضي الشخص ذاحتى لو اني متضايق بقول عادي خذ منفرحتي بس لاتزعل بس ليهه يصيرلي عكس كذا لاحظت برضو انو لو زعلت اراضي نفسي صرت ارجع وانا خاطري مليان عتاب زعل كلام بس تعلمت اني اراضي نفسي.,Neutral,Neutral
الاصحاب يريد ك̷و̷د̶ ̸خ̷ص̸م̴ ☭ٱےهےربـ ☭ٱےـهـربـ☭ ايهرب _______________ 🔵🔹♦️♦️ KBZ6979 ♦️♦️🔹🔵,Neutral,Neutral
#الدارالبيضاء .. توقيف طبيب نساء بسبب الابتزاز والقتل الخطأ,Neutral,Hate
احببك وانت بخييير يا بعد الدنيا ❤️❤️❤️,Neutral,Neutral
يحتفلون بمولده ويكرهون سنته ولحيته و قميصه و نقاب زوجاته,Neutral,Hate
بقي أو وصل غيرو، شو بغير؟,Neutral,Neutral
لن افقد الامل طالما حمدالله موجود 😢😢❤️,Neutral,Neutral
اللهم آمين وإياكم جميعا,Neutral,Neutral
فديتهم ❤️,Neutral,Neutral
"صباح الخير عندي تذاكر موضي الشمراني في ابها الصامل يكلمني خاص 🧡 ""تذاكر"" ""موضي الشمراني"" #جنتل24 #عروض_stc_في_يوم_الوطن #موضي_المطيري #اليوم_الوطني_السعودي_92",Neutral,Neutral
اللهم قني عذابك يوم تبعث عبادك.,Neutral,Neutral
موقع كندا سلالة حاكمة تم الاسترجاع ؟? نمشے 🔹H80🔹 🔹H80🔹 🔹H80🔹,Neutral,Hate
قصدي انك غرتي 😭😭😭😭,Neutral,Neutral
هنرتبط امتي بقي😔,Neutral,Neutral
عظيمة هذه الموسيقى وكأنها احتواء عاطفي.. هذا العمل الموسيقي الضخم من إنتاج Luke Richards,Neutral,Neutral
#عروض_stc_في_يوم_الوطن … أفضل عروض اليوم في يوم الوطني 👏🏻👏🏻👏🏻👏🏻👏🏻👏🏻🌿🌿🌿🌿 💚💚💚🇸🇦🇸🇦🇸🇦🇸🇦🇸🇦🇸🇦🇸🇦 #هي_لنا_دار #عروض_stc_في_يوم_الوطن,Neutral,Neutral
"والم بخلق ك̷و̷د̶ ̸خ̷ص̸م̴ نمشي نون →ا͠ن͠اس͠☭-→ فوغا☭فوقا☭كلوسيت☭-→ , ☭ستاےلے☭ـ _______________ 🔵🔵 🔹♦️♦️ ABC123 ♦️♦️🔹 نمشي 🔹♦️♦️ ABC123 ♦️♦️🔹 ستايلي 🔹♦️♦️ o5o ♦️♦️🔹 فوغا 🔹♦️♦️ 3DUU ♦️♦️🔹 نون 🔵🔵",Neutral,Hate
كثيرا أثناء بالأوجاع وسقم ك̷و̷د̶ ̸خ̷ص̸م̴ • سـيفــئ • ➖ ADT115 ➖ • تو يو • تويو • ➖Y2 ➖,Neutral,Neutral
صنيع ليتحمل علآقآت ⁧صباح للموطن ك̷و̷د̶ ̸خ̷ص̸م̴ ☭ٱےهےربـ ☭ٱےـهـربـ☭ ايهرب _______________ 🎲🔹♦️♦️ KBZ6979 ♦️♦️🔹🎲,Neutral,Hate
على اساس فريقك لعب قدام فريق قوي الى الان كل مباريات الدوري الي لعبتها امام الفرق المتوسطة والضعيفة والدليل اول مباراة قويه لعبها فريقك امام البايرن ولقمت هدفين,Neutral,Hate
اي,Neutral,Neutral
اذا تشوف انه افضل مقدم رياضي سو رتويت #النصر_الاتحاد,Neutral,Neutral
يا عم انا بهزر معاك حاول تبعد خالص عن الدخان اسحل نفسك في اي حاجه هتعرف توقف سجاير بس انا عارف اللي هيحصل حجر المعسل في الاخر 😀😀 ربنا معاك يا محترم,Neutral,Neutral
🔴عاجل🔴 السيد عبدالملك بدرالدين الحوثي: الخطوات محدودة ولا يزال هناك برنامج كبير لتصحيح وضع مؤسسات الدولة يحتاج لجهد كبير وتعاون المعنيين #ثورة_الحرية_والاستقلال,Neutral,Neutral
67’ 🔁 تبديل لـ #الدحيل 🔴 خروج: لطفي ماجر 🟢 دخول: رابح بوسافي الجولة الأولى | #كأس_Ooredoo,Neutral,Neutral
اللي فيه خير تهاوش معي,Neutral,Neutral
يا طاءرا بالحمي ☀ ## #クロロスデュエルク,Neutral,Neutral
ولكن ويحييني ولو ## #クロロスデュエルク,Neutral,Neutral
""" أنا بغيتك .. يوم غيرك بغاني """,Neutral,Neutral
احس مابيطلع منهم😂,Neutral,Neutral
واضح,Neutral,Neutral
"مركز مساج سبا زيارات منزلي و فندقية مختصين كفاءة و خبرة عالية 💆🏻‍♂️ وسائل دفع متعددة ✅ ~ في الرياض جدة هنا الان "" ^ 📍 🌟راحة العميل مطلبنا🙏🌟 افضل مساج داخل مدينة جدة الرياض أفضل مختصين فلبينيين نسعد بخدمتكم 24 ساعة , رابط الواتساب في البايو . الهلال . O-njW",Neutral,Neutral
من أغرب الوظائف في اليابان 🇯🇵 اذا واجهت مشكلة في جهاز التذاكر لا تقلق، بيطلع لك موظف من داخل الجهاز يساعدك.,Neutral,Neutral
بقينا غير كل الدنيا... بقينا دنيا بجد....,Neutral,Neutral
"أرهقهم ونورا فأنا ك̷و̷د̶ ̸خ̷ص̸م̴ نمشي نون →ا͠ن͠اس͠☭-→ فوغا☭فوقا☭كلوسيت☭-→ , ☭ستاےلے☭ـ _______________ 🔵🔵 🔹♦️♦️ ABC123 ♦️♦️🔹 نمشي 🔹♦️♦️ ABC123 ♦️♦️🔹 ستايلي 🔹♦️♦️ o5o ♦️♦️🔹 فوغا 🔹♦️♦️ 3DUU ♦️♦️🔹 نون 🔵🔵",Neutral,Hate
تعرفون لما تجربون عطر وتحسونه يشبهكم ويشبه شخصيتكم ؟ ما ادري كيف اوصل الفكره ومدري كيف اشرح لكم لكن اخذت منهم التونكا وناسبني مره وقاعده اعيش الشعووور واتمنى تعيشون زيي❤️❤️❤️ موقعهم للطلب :,Neutral,Neutral
اللهم لك الحمد اخيرا بلكني😭♥️♥️♥️♥️♥️♥️♥️♥️♥️♥️♥️♥️♥️♥️♥️♥️♥️♥️,Neutral,Hate
نتائج الأوروبي تم النشر برايل ؟? نمشے 🔹VOX2🔹 🔹VOX2🔹 🔹VOX2🔹,Neutral,Neutral
المنشن لو تقول السلام عليكم بتجيك سبه طائشة,Neutral,Hate
"مركز مساج سبا زيارات منزلية و فندقية مختصين كفاءة و خبرة عالية 💆🏻‍♂️ وسائل دفع متعددة ✅ ~ في الرياض جدة هنا الان ’  * 📍 🌟راحة العميل مطلبنا🙏🌟 افضل مساج داخل مدينة جدة الرياض أفضل مختصين فلبينيين نسعد بخدمتكم 24 ساعة , رابط الواتساب في البايو . اليوم اخبار - O*xfR",Neutral,Neutral
وعين عوان بالدمو💫 ## #リズムゲーム力三本勝負,Neutral,Hate
مساء النور فهد معطل حسابه وهذا منشن المنتحل,Neutral,Hate
انت الخير.,Neutral,Neutral
""" من يطلب البعد حنا نطلب ابعاده """,Neutral,Neutral
الموضوع احتمال يتطور وتوصل لدفع الاموال.,Neutral,Neutral
قرض بنك التنمية 🇸🇦🇸🇦🇸🇦🇸🇦 للرجال ،،، والنساء متقاعد/موضف حكومي/قطاع خاص نطلع لك قرض ٦٠ ألف القسط الشهري الف نطلع لك 120 الف القسط الشهري 2000 6أيام وينزل في حسابك 🇸🇦🇸🇦🇸🇦🇸🇦 *للتواصل خاص او واتساب ننجز لك وأنتا في بيتك +966592491707,Neutral,Neutral
اللهم بلغنا مانسعى من أجله.,Neutral,Neutral
بارك الله فيها,Neutral,Neutral
إذا أدبر رائعة. ترضى عني أنت ك̷و̷د̶ ̸خ̷ص̸م̴ • سـيفــئ • ➖ ADT115 ➖ • تو يو • تويو • ➖Y2 ➖,Neutral,Neutral
اللهم اكتب لنا خير ما في هذا اليوم.,Neutral,Neutral
ديمقراطية وجدناهم القول ﺈستغفار حولك ك̷و̷د̶ ̸خ̷ص̸م̴ ☭ٱےهےربـ ☭ٱےـهـربـ☭ ايهرب _______________ 👚🔹♦️♦️ KBZ6979 ♦️♦️🔹👚,Neutral,Neutral
ادام اولر,Neutral,Neutral
جوااالي,Neutral,Neutral
بعز انشغالي.. فضلك، شكرا، وكل ك̷و̷د̶ ̸خ̷ص̸م̴ • سـيفــئ • ➖ ADT115 ➖ • تو يو • تويو • ➖Y2 ➖,Neutral,Neutral
ماشاءالله يتربى بعزكمم🥹🫶,Neutral,Neutral
هلا وسهلا شخبارك,Neutral,Neutral
يخرج، وحروف ك̷و̷د̶ ̸خ̷ص̸م̴ ☭ٱےهےربـ ☭ٱےـهـربـ☭ ايهرب _______________ 👚🔹♦️♦️ KBZ6979 ♦️♦️🔹👚,Neutral,Neutral
وينك الحين,Neutral,Neutral
- هو بعد اذن الحب .. كوبايه الشاي بالفول دي احلى من اي حاجه,Neutral,Neutral
تعشيت دادي ولا بعدك👅🍓,Neutral,Neutral
"اطلعت لاتؤذ ك̷و̷د̶ ̸خ̷ص̸م̴ نمشي نون →ا͠ن͠اس͠☭-→ فوغا☭فوقا☭كلوسيت☭-→ , ☭ستاےلے☭ـ _______________ 🎲🎲 🔹♦️♦️ ABC123 ♦️♦️🔹 نمشي 🔹♦️♦️ ABC123 ♦️♦️🔹 ستايلي 🔹♦️♦️ o5o ♦️♦️🔹 فوغا 🔹♦️♦️ 3DUU ♦️♦️🔹 نون 🎲🎲",Neutral,Hate
روعتك 🌹,Neutral,Neutral
معركة في ساحة مغلقه,Neutral,Neutral
ياسلام صح لسانك 💕,Neutral,Neutral
الأشياء وسكة ## #지구에서년_지성아_환영해,Neutral,Neutral
ودي ان الناس عندي كلبوهم واحد بس وين الواحد اللي كلبوهم مثله..,Neutral,Hate
نقيض بروكسل فوق الماء تشكلت,Neutral,Neutral
حيالله كحيلان,Neutral,Neutral
صباح الانوار,Neutral,Neutral
مدرعه فاااااجر خاص ممكن,Neutral,Hate
مسائك سعاده وبال مطمئن🤍,Neutral,Neutral
"🇩🇿🤝🏻🇺🇲 رسو المدمرة ""الفرقاطة الأمريكية - دي جي 99"" التابعة للبحرية الأمريكية بميناء ""جن جن"" بجيجل",Neutral,Hate
فمن اتبع هداي فلا يضل ولا يشقى,Neutral,Neutral
حلو حلو! يتعدل الوات يعلق اليوتيوب… طيب وبعدين؟,Neutral,Neutral
. آمش ياحركتات منين سامعه ههه🙃 .,Neutral,Hate
ضفتكم ردو الفولو 🫣🤫,Neutral,Neutral
اكرهننننني اذا عصبت وما احب احد يتكلم معي لين اروق يععع يالشعور,Neutral,Hate
"وبشأنك حزنك ك̷و̷د̶ ̸خ̷ص̸م̴ نمشي نون →ا͠ن͠اس͠☭-→ فوغا☭فوقا☭كلوسيت☭-→ , ☭ستاےلے☭ـ _______________ 👚👚 🔹♦️♦️ ABC123 ♦️♦️🔹 نمشي 🔹♦️♦️ ABC123 ♦️♦️🔹 ستايلي 🔹♦️♦️ o5o ♦️♦️🔹 فوغا 🔹♦️♦️ 3DUU ♦️♦️🔹 نون 👚👚",Neutral,Hate
كل شوية اقول يااه تراك بابلو لسه يوم ٢٣ ده لسه بدري وهو اصلا طلع بعد بكرة,Neutral,Neutral
نرتسخ وعبروا والجهاد ﺗﺘﻤﻨﺎﻩ نعمتي ك̷و̷د̶ ̸خ̷ص̸م̴ ☭ٱےهےربـ ☭ٱےـهـربـ☭ ايهرب _______________ 📎🔹♦️♦️ KBZ6979 ♦️♦️🔹📎,Neutral,Neutral
تافه هذا الطاقيه ترك كل الردود اللى تجلد فيه ورد على أ هلاوي جايكم الأهلي ان شاء الله ياطواقي نبغي ثلاثيه ثانيه على ظهوركم مثل 2016 دعس محلي ودعس خارجي جده الرياض لندن,Neutral,Hate
اللهم امين يارب 🤲❤️,Neutral,Neutral
— شاركونا اخر صورة صورتوها :,Neutral,Neutral
تخبرهم بنعمته إفهم ومـرت وطيبته ك̷و̷د̶ ̸خ̷ص̸م̴ ☭ٱےهےربـ ☭ٱےـهـربـ☭ ايهرب _______________ 📎🔹♦️♦️ KBZ6979 ♦️♦️🔹📎,Neutral,Neutral
هههههههههههههههههههههههههههههههههه هههههههههههههههههههههههههههههههههه هههههههههههههههههههههههههههههههههه هههههههههههههههههههههههههههههههههه,Neutral,Neutral
"مركز مساج سبا زيارات منزلي و فندقية مختصين كفاءة و خبرة عالية 💆🏻‍♂️ وسائل دفع متعددة ✅ ~ في الرياض جدة هنا الان ,’’ 📍 🌟راحة العميل مطلبنا🙏🌟 افضل مساج داخل مدينة جدة الرياض أفضل مختصين فلبينيين نسعد بخدمتكم 24 ساعة , رابط الواتساب في البايو . VIP O*zuQ",Neutral,Neutral
قلة رد ع واحد مشم مثلك رد,Neutral,Hate
الخطيب أسطورة الكرة المصرية والعربية مش محتاج حد يتكلم عنه #الخطيب_ايده_نضيفه,Neutral,Neutral
بينك فينوم العمه ولا يكثر,Neutral,Hate
غريبين هنا,Neutral,Hate
فعلااا والله ياختي انا صاحب محل تموين غذائي وشايف الناس كيفاش راهي تشري اقسم بالله غير بشراسه البيض بألفين او ماااشي نورمال الدقيق 85 دخ ويمشي عادي كلش غاالي شعب ربي يهديه وخلاص ...,Neutral,Neutral
ما بدك تخلي صاحب 😂😂😂😂😂,Neutral,Hate
يا رب ثور بمكان # #지구에서년_지성아_환영해,Neutral,Hate
المعروف لا يعرف5🫶🏼🤍,Neutral,Neutral
اايه دده 😧,Neutral,Neutral
وانتي ايش دخلك بالكتهز وعلى مين يطقطقون او يضحكون بعد مابقى الا هالشي تتدخلون فيه 😭😭😭,Neutral,Hate
أجود فينبغي وأحبتنا فتملأهم ليسندك ك̷و̷د̶ ̸خ̷ص̸م̴ ☭ٱےهےربـ ☭ٱےـهـربـ☭ ايهرب _______________ 🔵🔹♦️♦️ KBZ6979 ♦️♦️🔹🔵,Neutral,Neutral
😂😂😂😂😂 اهو كله لف,Neutral,Hate
مشعارف,Neutral,Neutral
أجل #بوتين خطابه من الأمس لليوم ، ولم يجرؤ على إعلان الحرب رسميا على أوكرانيا لأنه يترتب على هذه الخطوة تعبئة عامة للشعب الروسي للمشاركة في الحرب ، لذلك لم يعلن الحرب رسميا واكتفى بإعلان تعبئة جزئية فقط . فلو كانت هناك تعبئة عامة لكان الأمر أفضل بالنسبة لأوكرانيا .,Neutral,Hate
إيه يا فلوس إيه يا حظ إيه يا سفر هو أنا شفافه .,Neutral,Neutral
هاموند الكلاسيكية مؤرشف حرفية ؟? نمشے 🔹YOU1🔹 🔹YOU1🔹 🔹YOU1🔹,Neutral,Hate
عام ١٣٥١هـ/١٩٣٢م ٢٣ سبتمبر,Neutral,Neutral
#MahsaAmini #Mahsa_Aminii #مهسا_امینی #روشنا_احمدی #دینا_زهرایی #كيان_درخشان ده,Neutral,Hate
بالنور ياهلا,Neutral,Neutral
"مركز مساج سبا زيارات منزلي و فندقية مختصين كفاءة و خبرة عالية 💆🏻‍♂️ وسائل دفع متعددة ✅ في الرياض جدة هنا الان ,’’ 📍 🌟راحة العميل مطلبنا🙏🌟 افضل مساج داخل مدينة جدة الرياض أفضل مختصين فلبينيين . نسعد بخدمتكم 24 ساعة , رابط الواتساب في البايو . VIP O^ntQ",Neutral,Neutral
صباحكم راحه بال ورضا من الرحمن.. #صباح_الخير,Neutral,Neutral
"تبقي بتقرأ في القران تلاقي ""والذين إذا فعلوا فاحشة أو ظلموا أنفسهم ..."" و تكمل شوية عشان تعرف حصلهم إيه .. تلاقي الرد ""أولئك جزاؤهم مغفرة من ربهم وجنات !!! 😳 "" فترجع تاني تتأكد إنك قريت صح .. و إن فعلا الناس اللي عملوا فاحشة أو ظلموا أنفسهم هما هما الناس اللي ليهم مغفرة و جنات",Neutral,Neutral
• هل للنبي ﷺ أخوة أشقاء ؟,Neutral,Neutral
صح,Neutral,Neutral
⚡️بوتين: الغرب لا يريد السلام بين #روسيا و #أوكرانيا,Neutral,Hate
بعدين مع الرطوبة,Neutral,Neutral
ربي يحفظك 🤍,Neutral,Neutral
يظلمه، الذكــر، لابنتي السباعى تشرشل ك̷و̷د̶ ̸خ̷ص̸م̴ ☭ٱےهےربـ ☭ٱےـهـربـ☭ ايهرب _______________ 🎲🔹♦️♦️ KBZ6979 ♦️♦️🔹🎲,Neutral,Hate
سوفاج رقم 1,Neutral,Neutral
لا تغيروا خلق الله,Neutral,Neutral
صامل,Neutral,Neutral
مو دخل الهواء؟,Neutral,Neutral
ولكن لو مانصحها ## #リズムゲム力三本勝負,Neutral,Hate
لاتغرك البدايات قد يصيبه أن ك̷و̷د̶ ̸خ̷ص̸م̴ • سـيفــئ • ➖ ADT115 ➖ • تو يو • تويو • ➖Y2 ➖,Neutral,Neutral
من ١٧ سنة بس كلام فاضي يعني,Neutral,Hate
احسني استاهل اعداد جديده مو عدد جديد .,Neutral,Neutral
أفعل شيئا اليوم #ロスデュエルス,Neutral,Neutral
"جدالا فاركض أمل ك̷و̷د̶ ̸خ̷ص̸م̴ نمشي نون →ا͠ن͠اس͠☭-→ فوغا☭فوقا☭كلوسيت☭-→ , ☭ستاےلے☭ـ _______________ 🐹🐹 🔹♦️♦️ ABC123 ♦️♦️🔹 نمشي 🔹♦️♦️ ABC123 ♦️♦️🔹 ستايلي 🔹♦️♦️ o5o ♦️♦️🔹 فوغا 🔹♦️♦️ 3DUU ♦️♦️🔹 نون 🐹🐹",Neutral,Neutral
"كنھم أستيق ك̷و̷د̶ ̸خ̷ص̸م̴ نمشي نون →ا͠ن͠اس͠☭-→ فوغا☭فوقا☭كلوسيت☭-→ , ☭ستاےلے☭ـ _______________ 📎📎 🔹♦️♦️ ABC123 ♦️♦️🔹 نمشي 🔹♦️♦️ ABC123 ♦️♦️🔹 ستايلي 🔹♦️♦️ o5o ♦️♦️🔹 فوغا 🔹♦️♦️ 3DUU ♦️♦️🔹 نون 📎📎",Neutral,Neutral
فلا يهم نقد الجوانب ك̷و̷د̶ ̸خ̷ص̸م̴ • سـيفــئ • ➖ ADT115 ➖ • تو يو • تويو • ➖Y2 ➖,Neutral,Neutral
تم متابعتك رد باك,Neutral,Neutral
- أينما واجهك الجمال خذ حصتك من التأمل .. 😉💙',Neutral,Neutral
الانشطار النووي المشاركات مسار مهني مسار وظيفي اكتشف,Neutral,Neutral
من الحروب النفسية,Neutral,Neutral
خاصص,Neutral,Hate
يا حامد اله اذ ل ☀ ## #クロロスデュエルク,Neutral,Neutral
فحل يمني الرياض ممكن ديوث اوسالب اوممحون جاد حاب نلتقي انا ساكن بفندق عمري سالب الرياض ديوث بدوي ممكن حلو وسيم يحب يمص بسياره اجيه اوينتاك اتا بفر بسيارتي⁰,Neutral,Hate
للإيمان آم ك̷و̷د̶ ̸خ̷ص̸م̴ ☭ٱےهےربـ ☭ٱےـهـربـ☭ ايهرب _______________ 👚🔹♦️♦️ KBZ6979 ♦️♦️🔹👚,Neutral,Neutral
92 عاما من المجد والرخاء والأزدهار والأمن والأمان والتطور ،كل عام والسعوديه تعانق السماء مجدا🇸🇦💚💚. #تعليم_الخرج #اليوم_الوطني_السعودي_92  #هي_لنا_دار,Neutral,Neutral
سحب على 150ريـال 💰 تابع تابع السحب من الرتويت إلكتروني 🎥,Neutral,Neutral
اغلب مشاكل الانسان نابعة من عدم تقديره للاشياء,Neutral,Neutral
لن ينساك ربك سيؤتيك من الغيب أحلاه ثم يعوضك بما يليق بقلبك فلا تظن أن دعواتك ذهبت سدى كلا والله، ما كان ربك نسيا !,Neutral,Neutral
يا سلام,Neutral,Neutral
حرومزاده ها🖕🏻 #مهسا_امینی,Neutral,Hate
أتمني متنتهيش حياتي غير لما أفرح من قلبي حتي لو مرة أحس فيها إني عيشت بجد !!,Neutral,Neutral
"مركز مساج سبا زيارات منزلي و فندقية مختصين كفاءة و خبرة عالية 💆🏻‍♂️ وسائل دفع متعددة ✅ في الرياض جدة هنا الان  ^ 📍 🌟راحة العميل مطلبنا🙏🌟 افضل مساج داخل مدينة جدة الرياض أفضل مختصين فلبينيين . نسعد بخدمتكم 24 ساعة , رابط الواتساب في البايو . الهلال . O-wgM",Neutral,Neutral
انا اتناسى,Neutral,Neutral
"يسعى بقلبي ك̷و̷د̶ ̸خ̷ص̸م̴ نمشي نون →ا͠ن͠اس͠☭-→ فوغا☭فوقا☭كلوسيت☭-→ , ☭ستاےلے☭ـ _______________ 🐹🐹 🔹♦️♦️ ABC123 ♦️♦️🔹 نمشي 🔹♦️♦️ ABC123 ♦️♦️🔹 ستايلي 🔹♦️♦️ o5o ♦️♦️🔹 فوغا 🔹♦️♦️ 3DUU ♦️♦️🔹 نون 🐹🐹",Neutral,Neutral
يبونه يروح يقعد في المجمع من العصر لين العشا,Neutral,Neutral
الوعد توجدي بشيء ## #リズムゲム力三本勝負,Neutral,Hate
تافه وجميل i like,Neutral,Hate
يارب الصداع يكون مبسوط وهو ف دماغي,Neutral,Neutral
"إياك أن تكسر قلبها ."" أنت مسيء وترى أنك محسن ك̷و̷د̶ ̸خ̷ص̸م̴ نمشي نون →ا͠ن͠اس͠☭-→ فوغا☭فوقا☭كلوسيت☭-→ , ☭ستاےلے☭ـ _______________ 📗📗 H112 📗📗 نمشي 📗📗 NY187 📗📗 نون 📗📗 8QX 📗📗 فوغا",Neutral,Neutral
"علي هبة – الدمام : أندية تصرف ملايين ثم يأتي حكام عاديين .. ""كارثة"" !! الحصاد الرياضي ... ( الاتحاد الهلال النصر الأهلي الشباب ) لمشاهدة كامل المقطع على الرابط التالي :",Neutral,Hate
آمين يا رب اجمعين🤲❤️,Neutral,Neutral
اللاوسي لون أخضر مراقب مؤتمر,Neutral,Hate
واجب أيون صلاحية ميسوري ؟? نمشے 🔹NAM7🔹 🔹NAM7🔹 🔹NAM7🔹,Neutral,Neutral
بمووووت يتابع ون بيس الفصعه,Neutral,Neutral
علي بلش 😂 #السيد_وعد_ايران_وفت #شكرا_إيران #نصرالله_سيد_الإنتصارات,Neutral,Hate
مايقدرون يستغنون عنك عشان كذا خلوك تداومي لو ماتررحي وقفت الشركه بكبرها,Neutral,Hate
تقبل الله عملكم وجعله ذخرا وقبولا عند الله تعالى.استاذنا الكريم,Neutral,Neutral
الرئيس الإيراني ابراهيم رئيسي يرفع صورة الحاج الشهيد الجنرال قاسم سليماني في الأمم المتحدة …!! 🙏🏽🇮🇷,Neutral,Neutral
أصعب حاجة انك تواسي حد بكلام انت شخصيا مش مصدقه,Neutral,Neutral
رفق الموازين أرأيت فهناك حبيبتان ك̷و̷د̶ ̸خ̷ص̸م̴ ☭ٱےهےربـ ☭ٱےـهـربـ☭ ايهرب _______________ 🎲🔹♦️♦️ KBZ6979 ♦️♦️🔹🎲,Neutral,Neutral
ولو الوعد عندما ## #クロロスデュエルク,Neutral,Hate
أوردوفيشي كيبيكوا ذرة هؤلاء ؟? نمشے 🔹H69🔹 🔹H69🔹 🔹H69🔹,Neutral,Hate
بغيت اقول صار عليه شي بس الحمدلله اني ركزت 👍🏻,Neutral,Neutral
لأن الناس استغنت و باعت الأخلاق بالمصاري و شوفة الحال.,Neutral,Hate
طالما أنكم وضحتو الحد الأدنى وضحو الحد الأعلى. المعلم يقدر يركز مع ٤٠ او ٥٠ طالب. وهل هذا افضل لمخرجات التعليم واستيعاب الطلاب,Neutral,Neutral
ما بعد الحداثيين اتحاد النقل الجوي الدولي حديقة تطهير ؟? نمشے 🔹KT22🔹 🔹KT22🔹 🔹KT22🔹,Neutral,Hate
فوق رأسك، يصعب علينا التخلي ك̷و̷د̶ ̸خ̷ص̸م̴ • سـيفــئ • ➖ ADT115 ➖ • تو يو • تويو • ➖Y2 ➖,Neutral,Neutral
الأفضل♡ و ك̷و̷د̶ ̸خ̷ص̸م̴ ☭ٱےهےربـ ☭ٱےـهـربـ☭ ايهرب _______________ 📎🔹♦️♦️ KBZ6979 ♦️♦️🔹📎,Neutral,Neutral
انا وش مسويه بحياتي عشان اعرف ناس مستفزه كذا,Neutral,Hate
2040: يالله قوم داوم حصلنا لك درجة وظيفية #رساله_الاجتماعيون_للسلطان_هيثم1,Neutral,Neutral
الحمدلله مش هشوف الاشكال دي غير يومين ف الاسبوع,Neutral,Hate
"مركز مساج سبا زيارات منزلي و فندقية مختصين كفاءة و خبرة عالية 💆🏻‍♂️ وسائل دفع متعددة ✅ في الرياض جدة هنا الان "" ^ 📍 🌟راحة العميل مطلبنا🙏🌟 افضل مساج داخل مدينة جدة الرياض أفضل مختصين فلبينيين نسعد بخدمتكم 24 ساعة , رابط الواتساب في البايو . الهلال . O-ilD",Neutral,Neutral
متى مسلسل اللعبة الجزء الجديد — 2023,Neutral,Neutral
طول بأقل مقامك ## #クロロスデュエルク,Neutral,Hate
طول الجفا مانصحها #ロスデュエルス,Neutral,Neutral
"فسيأخذك تقدر واب ك̷و̷د̶ ̸خ̷ص̸م̴ نمشي نون →ا͠ن͠اس͠☭-→ فوغا☭فوقا☭كلوسيت☭-→ , ☭ستاےلے☭ـ _______________ 📎📎 🔹♦️♦️ ABC123 ♦️♦️🔹 نمشي 🔹♦️♦️ ABC123 ♦️♦️🔹 ستايلي 🔹♦️♦️ o5o ♦️♦️🔹 فوغا 🔹♦️♦️ 3DUU ♦️♦️🔹 نون 📎📎",Neutral,Neutral
الآخرون الآخرون وشلون ## #지구에서년_지성아_환영해,Neutral,Hate
بسم الله عليك,Neutral,Hate
الانبعاثات مكلس حالة المعدل ؟? نمشے 🔹YOU1🔹 🔹YOU1🔹 🔹YOU1🔹,Neutral,Neutral
"التساؤلاتت ك̷و̷د̶ ̸خ̷ص̸م̴ نمشي نون →ا͠ن͠اس͠☭-→ فوغا☭فوقا☭كلوسيت☭-→ , ☭ستاےلے☭ـ _______________ 🎲🎲 🔹♦️♦️ ABC123 ♦️♦️🔹 نمشي 🔹♦️♦️ ABC123 ♦️♦️🔹 ستايلي 🔹♦️♦️ o5o ♦️♦️🔹 فوغا 🔹♦️♦️ 3DUU ♦️♦️🔹 نون 🎲🎲",Neutral,Neutral
حبايبي اقوى رتويت ولايك للمثبته بحساب 🔥,Neutral,Neutral
ادعوا الله بما تريدون مالم يكن تعديا. قال الله تعالى:( ادعوني استجب لكم )❤️,Neutral,Neutral
حرانه ماقدرت نام مشتهيه اححح,Neutral,Neutral
يتقاتل الضدان بين أضالعي عزم اليقين وحيرة المرتاب.,Neutral,Neutral
اسكبوا الكاس الي ☀ ## #지구에서년_지성아_환영해,Neutral,Hate
الغزو فحص فرنسي ضرر جامد زووحليقة ؟? نمشے 🔹KT22🔹 🔹KT22🔹 🔹KT22🔹,Neutral,Hate
"مركز مساج سبا زيارات منزلية و فندقية مختصين كفاءة و خبرة عالية 💆🏻‍♂️ وسائل دفع متعددة ✅ ~ في الرياض جدة هنا الان ’ ’ ’ 📍 🌟راحة العميل مطلبنا🙏🌟 افضل مساج داخل مدينة جدة الرياض أفضل مختصين فلبينيين نسعد بخدمتكم 24 ساعة , رابط الواتساب في البايو . الهلال . O^xlD",Neutral,Neutral
مرحبا أخي، يوجد 3 فروع في جدة من فئة البريميوم وهي في الروضة، أبحر الشمالية والحمدانية. لتحديد الفرع الأقرب إليك يرجى الضغط على الرابط التالي شكرا لتواصلك.,Neutral,Neutral
يا ليل يا ليلي يا ☀ ## #クロロスデュエルク,Neutral,Neutral
كلوفه تشتهون ك̷و̷د̶ ̸خ̷ص̸م̴ ☭ٱےهےربـ ☭ٱےـهـربـ☭ ايهرب _______________ 🐹🔹♦️♦️ KBZ6979 ♦️♦️🔹🐹,Neutral,Neutral
ابوي كيف يدخل علينا البيت,Neutral,Neutral
ماشاءالله,Neutral,Neutral
شكله لا,Neutral,Neutral
امين,Neutral,Neutral
يا اهلي المأوية عمر و بطولات يا اهلي يا مية مية كفاية التاريخ اللي فات اراهن عليك الدنيا بالبيبسي و العزومات و لو في يوم اتغلبت لا يمكن يجيلي احباط لكل حصان كبوة لكن انت ليك طلعات و كل من يحسدك اكيد بغيظه مات #محاربون_من_اجل_الاهلي,Neutral,Neutral
مو مهم الأهم انش فاهمه لانه مثل ذي التمارين تخليش تتسرعي,Neutral,Neutral
دو ‌ #MahsaAmini ‌ #مهسا_امینی,Neutral,Neutral
وعمرك الاحزان مكانة ## #クロロスデュエルク,Neutral,Neutral
عرب جين كلها ارميز نفس باقي فانبيسز الاعضاء السته,Neutral,Hate
وينهم قيادات الاطار الخا،،،،،يسين اتباع سليماني القو،،،اد ليش ما يستنكرون,Neutral,Hate
ما انكتبنا لبعضنا وش نسوي الشكوى لله,Neutral,Neutral
باقي تقول مصيرها مثل دينا !!,Neutral,Hate
عينك وش يكون #ロスデュエルス,Neutral,Hate
و فاصلين ضحك أحنا الاتنين ببص علي الورق بقي بعد ما طلعت والله اتبسطت لمجرد نظره الناس ليا الحمد لله كلهم مجمعين علي اني بحب الشغل و براعي ربنا و متعاون ف الحمد لله علي دي نعمه والله ويارب افضل كده وتفضل دي نظره الناس ليا دايما 🤍,Neutral,Neutral
ومفتوحا شكوك ك̷و̷د̶ ̸خ̷ص̸م̴ ☭ٱےهےربـ ☭ٱےـهـربـ☭ ايهرب _______________ 👚🔹♦️♦️ KBZ6979 ♦️♦️🔹👚,Neutral,Neutral
نقطو خاص اهديكم اغنيه🫢.,Neutral,Hate
بستاني يستطيع بمحبة ## #クロロスデュエルク,Neutral,Hate
وليس غرورا يفهمون صمتك ك̷و̷د̶ ̸خ̷ص̸م̴ • سـيفــئ • ➖ ADT115 ➖ • تو يو • تويو • ➖Y2 ➖,Neutral,Neutral
"220921| ذكر الفنان Kangta على راديو Park Myungsoo سوهو كمدير/رئيس التالي لشركة SM. ""أوصي بسوهو كمدير/كرئيس شركة SM التالي، وبصفته مديرا، سيحصل على 4 تأمينات رئيسية، قد يغادر أولا بعد الحدث الرسمي..."". -A",Neutral,Neutral
"بسم الله اعلن للجميع بمناسبة #اليوم_الوطني_٩٢ عن تقديم اجمل الجوائز وهي عبارة عن 100 مركبة من نوع لكزس ، ومبالغ ماليه مقدره ب (5,000,000) مليون سعودي للإستفادة من الجائزةكل ماعليكم فعلهه هو 1رتويت للتغريده 2-متابعه الحساب 3 تغريدة ب تم للتواصل خاص",Neutral,Neutral
صباح النور,Neutral,Neutral
هلابك,Neutral,Neutral
سبحانه .,Neutral,Neutral
ترجمته بس عشان اوريكم البيبيز حقي وهوسهم في بعض #junghyun,Neutral,Hate
مرررره,Neutral,Neutral
بعد ما اعطبها,Neutral,Neutral
عشان النصر لانتكلم لانرى إحتراما لمكانتنا,Neutral,Hate
انا واحده والزيت ع النار بحط عليه مايه عشان استفزه مش هستفزكو انتو يعني !!,Neutral,Hate
حلوة🖤 اجتمع ك̷و̷د̶ ̸خ̷ص̸م̴ ☭ٱےهےربـ ☭ٱےـهـربـ☭ ايهرب _______________ 🎲🔹♦️♦️ KBZ6979 ♦️♦️🔹🎲,Neutral,Neutral
عزيزي المستفيد، تأثرت أهليتك في البرنامج نظرا لعدم افصاحك مسبقا عن العوائد المالية من الأصول العقارية الخاصة بك خلال 15 يوما من حدوث التغيير، ويلزمك لتقديم الاعتراض ارفاق ما يثبت عدم تملكك لعقار مؤجر ، نسعد بخدمتك,Neutral,Neutral
ارتفاع جديد في سعر الدولار لليوم الثاني على التوالي,Neutral,Neutral
ربي يسعدك اختي.,Neutral,Neutral
هو يالواء الملك سعود ولا لواء الملك فيصل خذ العلم بس,Neutral,Hate
صعب نسيانه إن كان من مخلص,Neutral,Neutral
هذا المنشور في الموقع الرسمي لمؤسسة الوليد للإنسانية بإمكان الكل أن يطلع عليه وهذا هو الموقع .,Neutral,Neutral
"مركز مساج سبا زيارات منزلية و فندقية مختصين كفاءة و خبرة عالية 💆🏻‍♂️ وسائل دفع متعددة ✅ في الرياض جدة هنا الان ’ ’ ’ 📍 🌟راحة العميل مطلبنا🙏🌟 افضل مساج داخل مدينة جدة الرياض أفضل مختصين فلبينيين . نسعد بخدمتكم 24 ساعة , رابط الواتساب في البايو . الهلال . O*guM",Neutral,Neutral
الأمر يغلبنك تبرر مغتابا يقهرونها ك̷و̷د̶ ̸خ̷ص̸م̴ ☭ٱےهےربـ ☭ٱےـهـربـ☭ ايهرب _______________ 🔵🔹♦️♦️ KBZ6979 ♦️♦️🔹🔵,Neutral,Hate
لا تنبهر استاذي العزيز،لاثارة الشارع والراي العام،عنوان التصريح لا دلالة على مفهوم السائد ، مجرد تضخيم،لان العمالة في لغة العقود وابرام العقود،يشمل الوظايف العليا والوسطى واصحاب المهن والحرف،فلا تحاتي ، فيتم جلب البسطاء منهم حارس مسجد ، مأذن، امام مسجد فروض،محفظ قرآن،ويفضل ذلك .,Neutral,Hate
والله ومليون نعم الرمز مسلم البراك لكن من المفروض الرد علي اتهامات المنقلب,Neutral,Hate
ألف سلامة عليكي,Neutral,Neutral
ماشاءالله🤩🤩🤩🤩 #عبيد_بن_مقبل,Neutral,Neutral
كن اقوى من #ロスデュエルス,Neutral,Neutral
ألمانية بخير إمكانية أسئلة ؟? نمشے 🔹YOU1🔹 🔹YOU1🔹 🔹YOU1🔹,Neutral,Neutral
10 ميليون #مهسا_امینی ✌️❤️,Neutral,Neutral
مايووحشك غالي لعد تعيدينها تويتر كان خايس,Neutral,Neutral
جان من #ایران_من,Neutral,Hate
الاشوري قومية وعرق الاثوري مذهب من مذاهب المسيحين على ما اضن...,Neutral,Hate
أشهر فروع أشراف الحجاز والمخلاف السليماني واليمن,Neutral,Hate
""" والله إن الشوق زاد .. وتعدى """,Neutral,Neutral
