text,label,Camelbert-MSA,AraBert
: وصلنا لاقتصاد اسوء من سوريا والعراق ومن غير حربانجاز ده ولا مش انجاز يا متعلمين يا بتوع المدا…,negative,negative,Negative
كاني ويست، دريك، نيكي، بيونسيه، قاقا,neutral,neutral,Neutral
على فكره شركة محترمه حداعطوني كيبل كهديه ويوم قتله انه شحنه بيكلفني اكثر من قيمته قال دش امازون واختار اي شي قيمته ٣٠ دولار,positive,positive,Negative
: المتعه افضل من الزواج لهتك اعراض عامة #الشيعهعبث باسم الاسلام,negative,negative,Negative
القوات البرية السعودية والقوات الفرنسية الخاصة تؤديان التمرين المشترك «سانتول»,neutral,neutral,Neutral
اي علمي هاشم الي عنده بيونسيه افضل وحده وهي اغانيها,positive,positive,Positive
: يحرقون حلب ثم يبكون اليمن .. #أحقر_الناس,negative,negative,Negative
اهيه الي مسويه اكونت غوتشي امس اتوقع!,neutral,neutral,Negative
راح يشلخونكم الساحر ميسي والمجنون سواريز ونيمار11ي ططططححححااااالللبب🐸🐸🐸🐸🐸🐸وبتشوف👈🐸🐸🐸🐸😂😂😂,positive,positive,Negative
"#القرموطي لـ""#المملكة"":حذاري من محاولة الحديث عن #مصر وموقفكم في مصلحة لـ #إسرائيل#السعودية…",negative,negative,Negative
: الاسلام دين الرحمة وإكرام النفس ولم يأمر بهذه الأفعال التي لايفعلها إلا مجنون#شرك_الرافضه_في_عاشورا,neutral,neutral,Negative
اسمع اغنية halo ل بيونسيه واغنية pillow talk ل زين مالك فخمين وكمان flashlight ل جيسي,positive,positive,Positive
": ""اذا فزت فسأرمي بمنافستي في السجن "" ليس السيسي او بشار الأسد بل المرشح لرئاسة الولايات المتحدة الأميركية دونالد ترامب.",negative,negative,Negative
كمال خلف#سورية: #امريكا (تشويح) لا احتكاك عسكري.. والعودة إلى الطاولة قريبا#بوابة_الشرق_الأوسط_الجديدة…,neutral,neutral,Neutral
: الزمالك هيلعب يوم ١٥-١٠ ودى هتبقي الذكرى الاولي لوقفه رمضان التانيه ع الكورة 😂,positive,positive,Positive
هههه الطائي قلب علينا وصار كومدياااني...يقطع شرك روح وتحمم وادخل الاسلام من جديد,negative,negative,Negative
المشد الرياضي سويت سوت النسائيعرض مؤقت في امازون #مشدات #تمارين #حرق #دهون,neutral,neutral,Neutral
: بلومبيرج الأمريكية: السعودية تملك احتياطات نفطية تكفيها 70 عاما Via,positive,positive,Neutral
: ويقولون الوهابيه شوهوا الاسلام، انتم الكافر لاشاف فعايلكم حمد ربه بأنه كافر.,negative,negative,Negative
: فيديو - جانب من تدريبات ريال مدريد اليوم .,neutral,neutral,Neutral
: الاتحاد الكبير لعب في البرنابيو أمام ريال مدريد بدون واسطة ولاراعي..الحدث قبل 6 او7 سنوات..لاحظوا بدون راعي واحد للطرفين..…,positive,positive,Positive
: اردوغان وروسيا تطبيع اتفاقيات وسمن على عسل ،، والاخوان اذ فجأءة،، وضوعوا كل انواع الاحذيه ف بؤهم ،، ولا جابوا سيرة سوريا ولا…,negative,negative,Negative
: سبحان اللهصيام رمضان غصب تصومونه لكن بصيام عاشوراء يزيد ايمانكم الله يتقبل,neutral,positive,Positive
: نولي ونادال استراليا 2012 نولي ونادال نهائي مدريد2011 نولي وموراي نصف نهائي روما2011نولي فيدرر امريكا2011 #افضل_مباراة_تن…,positive,neutral,Neutral
#اردوغان وعصابتة توعدوا وهددوا بأن عدم تسليم #غولن سيلقي امريكا ثبورا ...!!! كدااااب ياخيشة هلفوت😂😂😂,negative,negative,Negative
: زعلانيين على التصويت المصري ضد الارهاب .. يعنى تبونهم يحاربون الارهاب في سيناء ويأيدونه في سوريا .. !!هذا منطق الاع…,neutral,negative,Negative
: أسطوره يشجع أسطوره 👏🏻مايكل جوردان يبتسم ويصفق ل روجر 😩❤️كانت ايام حلوه 😔💔.#روجر_فيدرر .,positive,positive,Positive
": عفوا؟ ""اوباما سحب هيلاري كلنتون معاه""؟! هههههه هيلاري لم تذهب لجنازة بيريز. عن جد كاذب و مضلل",negative,negative,Negative
: #شي_ما_يتكرر-❗️❕تسديد القروض ❕❗️-🌟 نسدادالقرض القديم 🌟واستخراج قرض جديد-0556346105-,neutral,neutral,Neutral
: وصلت لعبة Faily Rider لمتجر #جوجل_بلاي بعد أن تم طرحها لمستخدمي نظام #آي_أو_إس في شهر سبتمبر الماضي#نصائح_تقنية,positive,neutral,Neutral
نقول للرئيس التركي ... #اردوغان_الزم_حدودك#العبادي_يمثل_العراق....,negative,neutral,Negative
وش افضل سماعة سبيكر بلوتوث في امازون؟,neutral,neutral,Neutral
: أبل تفوز على سامسونج.. كيف؟!,positive,positive,Neutral
سيسى 😠😠 خلاااص هاتركع المرة ادى #مصر_لن_تركع,negative,negative,Negative
تطبيق GIPHY CAM# متوفر الآن لنظام أندرويد عبر #giphy #gif,neutral,neutral,Neutral
* لغات وترجمه * تنكر بيل - بيتر بان * ديمي لافاتو *هاري بوتر * موهبه كتابيه خلابه ✨,positive,positive,Positive
: إيران تلوث بيئة الأحواز ، وإصابة ٢٧ الف بالسرطان خلال شهرين -...,negative,negative,Negative
و فجآه تقفل كل شي عن بوكيمون قوو😂,neutral,neutral,Negative
كان رسول الله ﷺ أجود الناس وكان أجود ما يكون فى رمضان حين يلقاه جبريل وكان يلقاه في كل ليلة من رمضان #تويت_حديث,positive,positive,Positive
تقول هيلاري كلنتون: إسقاط الأسد اولوية لي.,negative,neutral,Negative
بوكيمون,neutral,neutral,Neutral
: قيل لأعرابي : أتحسن أن تدعو ربك ؟فقال : نعم ، قيل : فادع، ،فقال :اللهم أعطيتنا الإسلام من غير أن نسألك ،فلا تحرمنا الجنة ونح…,positive,positive,Positive
: احس جستن بيبر ريحته صنان,negative,negative,Negative
سولانج شقيقة بيونسيه تتصدر «بيلبورد» الأميركية,neutral,neutral,Neutral
طفت 7اطلة ولاجامعه ولاوضيفة ولاشي ابي ايفون اتونس بهه,positive,negative,Negative
سلبياته السعر مرتفع عن السابق (نفس أسعار سامسونج وايفون) والإضافات والمميزات قليله نظام أندرويد الخام (سياسة جوجل),negative,negative,Negative
أمازون بدأت بتحويل كثير من المنتجات إلى منتجات حصرية لمشتركي خدمة برايم (خدمة ب99$ للسنة),neutral,positive,Neutral
"#فيدرر:"" حماسي وحبي للعبة يقوى أكثر وأكثر وأتطلع للمشاركة في بطولة استراليا المفتوحة""",positive,positive,Positive
بس بصراحة نفسي دونالد ترامب كان يبقى في مصر ويعمل في شوية ستات لذاذ اللي عمله في أمريكا,negative,negative,Negative
الحياة كئيبة من غير تنس فيدرر,neutral,negative,Negative
كيفية تحسين أداء بطارية هواتف أندرويد,positive,neutral,Neutral
: #إيران تصفي ضابطا أهوازيا رفض القتال في #سوريا.#التدخلات_الايرانيه #الشرق_الاوسط #الخليج,negative,negative,Neutral
اتقي الله ياشيخه😂😂😂 ده كفايه كليب بيونسيه لوحده يدخل النار حدف😂😂😈😈,neutral,negative,Negative
أول مرة أعرف ان أمازون ممكن أشتري من عليها حاجة مستعملة زي أولكس,positive,positive,Negative
الرئيس اليمني السابق علي عبد الله صالح يدعو اليمنيين إلى القتال على الحدود مع السعودية,negative,neutral,Neutral
الممثل الاستثنائي روبرت دينيرو بأسلوبه الخاص يغسل شراع دونالد ترامب,neutral,neutral,Neutral
: قالها جستن بيبر 😪احبكـ يا نظـر عيني غنااتي و احب الارض لي تمشـي عليـها 🎶,positive,positive,Positive
: قيس الخزعلي أمين عام مليشيا العصائب الشيعية التكفيرية:معركة استعادة #الموصل⁩ هي معركة الانتقام والثأر من قتلة الحسين وأحفاد…,negative,negative,Neutral
": #المرصد_الايراني#الأخبار | هل الزواج في إيران خلال شهر محرم يعتبر مرفوضا؟""ترجمة خاصة""",neutral,neutral,Neutral
قال الرئيس الأميركي باراك أوباما إنه بحاجة للاستماع لأفكار بشأن إنهاء الحرب في سوريا عبر,positive,neutral,Neutral
أعادت أمازون تهيئة كلمات المرور للعديد من مستخدميها بعد تسرب قائمة على الإنترنت تضم بريدا إلكترونيا وكلمات مرور، و,negative,neutral,Neutral
..كوريا وديبالا. أغويرو دعه يعتزل ياخي واذا رفض ميسي ومانع تخلص من ميسي . لكن الاتحاد يمنعه لان ميسي يتحكم بهم كلنا نعرف ذلك.يتبع,neutral,negative,Negative
: صلوات جماعية في إسرائيل تضامنا مع سكان حلب,positive,neutral,Neutral
شركة فرنسية تقاضي #أبل لاستخدامها لغة برمجة خاصة بها,negative,neutral,Neutral
في حدا نازل على حلب في ورق ضروري لازم ابعته و شكرا,neutral,neutral,Positive
"""سامسونج"" تنافس أبل وتستحوذ على الشركة المطورة لسيرى #البحرين #الكويت #السعودية #الإمارات #قطر #عمان #المنامة #تكن…",positive,neutral,Neutral
: هل حرضت (#إسرائيل) صناع القرار في أمريكا على إصدار «جاستا» ضد #السعودية؟في حالة الحجب:,negative,negative,Neutral
: ثلاثي برنامج السيارات الشهير ( Top Gear ) ، يعودون مجددا في برنامج جديد تحت رعاية شركة أمازون وبمسمىThe Grand Tour',neutral,neutral,Neutral
#بوكيمون جو يحصل على تحديثات جديدة لجذب المستخدمين اكثر#PokemonGO #تطبيقات,positive,positive,Neutral
: خله يدخل بيتنا يدور بوكيمون !عشان اخليه يدور جواله في مكان ما .,negative,neutral,Negative
لا يفوتكم لعبة ألغاز عربية على أندرويد,neutral,neutral,Neutral
فعلا بوكيمون تطور 😂,positive,positive,Positive
برشلونة يتلقى ضربة موجعة من أسبوع الفيفا - يوروسبورت عربية #برشلونة,negative,negative,Negative
روسيا تستخدم “الفيتو” في مجلس الأمن ضد مشروع القرار الفرنسي حول سورية,neutral,neutral,Neutral
“بلاي ستيشن4” يدعم اللعب باستخدام كمبيوتر ويندوز… #ريال_مدريد #برشلونة,positive,neutral,Neutral
لانكم كلكم خونه ومتأمرين السعوديه من ساعد السيسي بنقلابه حكام الخليج هم رأس الفتنه العراق ليبيا سورياوتحالفاتهم الق…,negative,negative,Negative
#السعووديات_مرهلاتساعات نسائيه ماركة غوتشي،مع الاساور والخواتم وكرت الضمان فقط بـ250 ريال,neutral,neutral,Neutral
في وحدة نظاراتها و عيونها مثل هاري بوتر بالزبط و غرتها متله بس لو تقص شعرها و تصبغه اسود وااااااال,positive,positive,Negative
: ٢-من الذي دخل مع السيد الأمريكي القادم على الدبابة إلى العراق في طائفة عمهم بريمرثم الآن بحسب شيخهم القديم يعدون أحذية…,negative,negative,Negative
إذاعة سورية “مؤيدة” تنافس قناة الجزيرة القطرية وتسبق محطات عالمية.. من هي ؟,neutral,neutral,Neutral
يارب يكون لي نصيب معك ايفون يا ملاك والله حلم حلم الله يسعدك,positive,positive,Positive
الواد لمــا يكبر ح يبقى سيسي .... شوية البزازات دي أنا عاوزها ...,negative,negative,Negative
: بوكيمون فوق صفيح ساخن😂😂 #حط_بوكيمون_فاسم_فيلم,neutral,neutral,Negative
: احب فيلم هاري بوتربكل شخصياته 😍,positive,positive,Positive
نصيحه اشرب لتربول بعيرمملكة داعش اعترفت بان احدى طائراتهاقصفت الصاله وهذا المعتوه لازال يتوهم بان العالم حميرمثله,negative,negative,Negative
مرحبا أخي أنا مارس الجنس الكلبة الخاص في بعض الوجه يتخبط غوتشي,neutral,neutral,Neutral
أنا بقعد أسأل جوجل أسئلة في منتهي الغباء وساعات بكتبله موضوع تعبير وبردو بلاقي إجابة وبلاقي ناس سألت نفس الأسئلة فبحمد ربنا والله #جوجل_الحب,positive,positive,Negative
: سيسي إيه اللي انت جاي تقول عليه دة الدولار ب14 جنية😂😂,negative,negative,Negative
أوباما يشارك في بدفن بيريس بسرائيل: حريتي نيوز / متابعة وصل الرئيس الأمريكي باراك أوباما وزعماء آخرون إلى إسر...,neutral,neutral,Neutral
: غوميز : قادة الفريق (ميسي وإنييستا و بوسكيتس) ساعدوني كثيرا منذ يومي الأول في التدريبات، و فهم التكتيك و ايضا التقرب الي باق…,positive,positive,Positive
لا يحق لعاهر متلك ان يذكر اسم حلب انا ابن حلب ومن قلب حلب بقلك القافلة تسير والكلاب امثالك تعوي,negative,negative,Negative
: آية قالت إنها كانت في البيت عندما انهار جزء من السقف عليهم نتيجة القصف#العربية #سوريا,neutral,neutral,Neutral
احس انا م انشاف 😭يارب تختاريني م ابي أيفون بس هديه احس بطعم الفوز 💔,positive,positive,Positive
معقول يا داعش يا خوارج جند الافعى,negative,negative,Negative
لما تكبري يا كتكوتة شوية هتيجبي اضعافهم غوتشي غوتشي غوتشي,neutral,positive,Negative
بيونسيه بالروج الغامق تطلع من بعد اخر حلوة مرة م تقدر عيوننا البشرية استيعاب جمالها نقوم م نشوف,positive,positive,Positive
: #مصر_لن_تركعياخسارة كنت فاكرها ال 200 جنيةتسلم يا سيسي انى الدولار ب 15 جنية وبهايمك لسة بيقولوا مصر بتفرح,negative,negative,Negative
«أبل» من ستيف جوبز إلى تيم كوك,neutral,neutral,Neutral
من يتفرج معايا ع هاري بوتر,positive,positive,Positive
: أنا عارفه بوكيمون أيه ده إلي بيدورو عليه 😏دنا بمسح إيدي في الكنبه عشان مكسله أقوم اغسلها 😂,negative,neutral,Negative
: هناك حوالي 1.7 بليون مسلم في العالم.اذا كان الأسلام فعلا يدعم الأرهاب لكنتم كلكم ميتون الآن.,neutral,negative,Negative
“أنستجرام” تطلق تحديثا جديدا لتطبيقها على منصة ويندوز 10 موبايل,positive,neutral,Neutral
: سلاح جديد من اختراع ثوار سوريا . وطز بكل الداعمين للثورة السورية .شام 3 فخر الصناعة السورية 😊,negative,negative,Mixed
: اردوغان يعمل اتفاقيات مع ايران 30ملياراردوغان قال بيتي الثاني ايرانوزيره يقول امن واستقرار ايران من امن واستقرار تر…,neutral,neutral,Negative
أبل، أمازون وجوجل أكثر الشركات إثارة للإعجاب في العالم,positive,positive,Positive
: بعد عاصفة الحزم تغيير تخطيط امريكا لإسقاط الدول صغيرة فأصبح هدفها اسقاط السعوديه منبع الارهاب..اضرب رأس الرهاب..يموت الجسم..,negative,negative,Negative
ملاك تكفين ابي اسدد لجامعه قميته ١٩٠٠ 😭😭💔 م ابي ايفون لا شيء بس ابي اكمل دراستي,neutral,positive,Negative
: رافقت النائب فلاح الصواغ ومجموعة من النواب إلى حلبووجدت في أبو سعود وبقية الأخوة صدق المشاعر وعظم الشعور بالمسؤولية لنص…,positive,positive,Positive
: والعراقي يلي بلا شرف هربان من قتال داعش في وطنه حتى يفطس في قتال أهل حلب,negative,negative,Negative
: تطبيق Whisky16 لإضافة أساليب فنية على الكاميرا لأجهزة آيفون#تطبيقات #آيفون,neutral,neutral,Neutral
: #افضل_منتجات_جربتها من امازون للرووس السوداء شوفو ريفيوهات عنه باليوتيوب ينظف من قلب 💗,positive,positive,Positive
: لقد قالوا للعديد من المسلمين بأن العزاء على الحسين بدعة، كي يبقوا عليهم في سجن الإسلام الأموي الوهابي#السعودية #الحسين…,negative,negative,Negative
: لمحبين التسوق من الأنترنتلايطوفكم ها الموقع أسعار جميله وبضاعه راقيه وشحن مباشر منه اليوم افضل من أ…,neutral,neutral,Positive
اليوم يمكن اجاني نوتفكيشن حسيت حالي بحساب جستن بيبر يعمي,positive,negative,Negative
لا جديد هذا مستوى الأرجنتين بلاد الفالصو بدون الذهبي ميسي,negative,negative,Negative
: شارك و#أربح معنا 📱🎁 ايفون 7 الشروط :1. رتويت 2. متابعة حساب مقدم الهدية 3.المشاركة بكلمة تم 4.منشن صديقال…,neutral,neutral,Neutral
: #افضل_طقم_لروجر_فيدرر رولان غاروس 2008استراليا 2011,positive,positive,Neutral
#شهر_محرم #عباس #واقاسماه #العراق #EHS #عاشوراء #ياحسين#الى_اخويه_العراقي لهذا السبب تجد نهود الشيعيات واصل طولها…,negative,negative,Positive
: السبت 3 ديسمبر ان شاء الله برشلونة × ريال مدريد السيتي × تشيلسي تبدأ بنفس التوقيت 6 !!!!بموت قهر من الحين الله يلعن الجد…,neutral,negative,Neutral
فيدرر سيعود بقوه #توقع,positive,positive,Positive
مشكلة نسيان كلمة السر فى iPhone #ايفون #ابل_والجيلبريك,negative,neutral,Neutral
: طب حضرتك في بوكيمون جوا ممكن ادخل امسكه؟لو راجل ادخل خده 😂😂........,neutral,neutral,Negative
امازون يستعد للصعود,positive,positive,Neutral
بمناسبة انتخابات الرئاسة الامريكية  معظم الناس كارهين ( دونالد ترامب),negative,negative,Negative
هذا الارجنتين الي وصل ثلاث نهائيات ورا بعض ميسي ساتر عليهم,neutral,neutral,Negative
: عاجل: مصر تصوت لصالح المشروع الروسي بشأن سورية إلى جانب الصين وروسيا,positive,neutral,Neutral
شكرا دونالد ترامب لاجتهادك العالي وهمتك الواضحة لضمان نجاح هيلاريولأدائك التمثيلي العالي الذي يوضحبرنامجك الانتخابي في الصعود الى الأسفل,negative,neutral,Positive
: جوني ديب يقلد دونالد ترامب 😂😂,neutral,neutral,Neutral
الى كل مشجعي المايسترو روجير فيدرر في شتى بقاع الأرض الي ما صوته إلى الآن رجاء يصوت له على الرابط في التغريدة السابقة و شكرا ❤️,positive,positive,Positive
: اسمعوا هذا الكلام عن حلقات تحفيظ القرآن التي اتهمت من إعلامنا بكل أنواعه وصوره بتفريخ الإرهاب والذي جنينا بسببه #قانون_جاس…,negative,negative,Negative
: الى اهلنا في الدول العربيه من اهل الخير يوجد 20 طالب مهجرين من العراق في تركيا لم يدخلو المدارس لانهم حالهم صعب ولا يم…,neutral,negative,Negative
"#90دقيقة | ""معتز بالله عبدالفتاح""المناظرة الاخيرة فى صالح #هيلاري_كلنتون...",positive,neutral,Neutral
الرئيس أردوغان: على أمريكا أن تعرف حدودها .,negative,neutral,Neutral
مافي ماركة اسمها غوتشي غابانا 🌚دولتشي اند غابانا يا جوليانو الموضة 😂,neutral,positive,Negative
#beINmatchpoint ما أحب اغرد خارج عن ميلان بس يأخي والله مفتقدين #فيدرر ومفتقدين تعليقك على مبارياته يالشطي ما نقدر نتخيل التنس بدونكم,positive,negative,Positive
: جيش الكبت العالمي فهمنا ليش زعل طيب جستن بيبر ايش اللي زعله لايكون كان عنده امل انها تطالع فيه #SouhilaBenLachhab,negative,negative,Negative
شاهدي أبرز تساريح الشعر في عرض غوتشي لربيع وصيف 2017بالصور,neutral,neutral,Neutral
: البرنامج العملاق لتسريع وصيانه ويندوز 10 الجديد واصلاح اخطاؤه ' Windows 10 Manager 1. - لايف,positive,neutral,Neutral
: نصرﺍﻟﻠﻪ : ﺃﻣﺮﻳﻜﺎ ﻭﺍﻟﺴﻌﻮﺩﻳﺔ ﻭﺑﻌﺾ ﺩﻭﻝ ﺍﻟﻤﻨﻄﻘﺔ ﻳﺼﺮﻭﻥ ﻋﻠﻰ ﺇﻓﺸﺎﻝ ﺍﻟﺤﻞ ﺍﻟﺴﻴﺎﺳﻲ ﻓﻲ ﺳﻮﺭﻳﺔ ﺧﺪﻣﺔ ﻟﺤﻠﻴﻔﻬﻢ ﻛﻴﺎﻥ ﺍﻻﺣﺘﻼﻝ ﺍﻹﺳﺮﺍﺋﻴﻠﻲ,negative,neutral,Neutral
يصير اقول فلم 🙊 توايلايت -هاري بوتر -قراصنة الكاريبي 🚶,neutral,negative,Negative
: كاسيميرو : ريال مدريد أكثر بكثير مما كنت أتوقعه ، سعيد جدا لكوني في هذا النادي.,positive,positive,Positive
"#بلحه_نيته_سوده هآرتس: كلنا مع الجنرالات ومع السيسي ""بطل إسرائيل""",negative,negative,Negative
فى كل دول العالم الاغنياء يطعمون الفقراء الا فى العراق فى عاشوراء الفقراء هم من يطعمون الاغنياء عظم الله اجركم…,neutral,positive,Negative
فيدرر vs نوفاك رولان 2011فيدرر vs مورى ويمبلدون 2012 #افضل_مباراة_تنس_شاهدتها,positive,positive,Neutral
ملاااااك والله من اول يوم اعلنتي عن المسابقه اشتركت 😭😭😭😭😭 لاشنطة ولا ايفون ولا حتى امنيتك مع ملاك 💔💔💔,negative,negative,Negative
: وضع اللي مدمنين لعبة بوكيمون هالأيام 😂,neutral,neutral,Negative
مصر التاريخ مصر الرياده لن تركع الا لله وربنا معاك يا سيسى وان شاء الله مصر هتعدى #مصر_لن_تركع,positive,positive,Positive
: #erdogan_is_isisتاريخ اجداد اردوغان هو القتل والسبي والمجازر بحق الشعوب الحرة.وابادة الارمن والفرمانات ضد الاقليات اكبر د…,negative,negative,Negative
برشلونة رفض التخلي عن توران مقابل مبلغ كبير من الصين,neutral,neutral,Neutral
- هاتف #جوجل يحتوي على أفضل كاميرا صنعت على الإطلاق إل #قولي,positive,positive,Neutral
: #سجن_برج_العرب سجن برج العرب يعذب المعتقلين فى نهار رمضان,negative,negative,Negative
اه انا وقتها لقيت واحده من فانز هايدي عامله بيونسيه حاجه نضيفه كده 😂,neutral,negative,Positive
هدف رائع من لاعب ريال مدريد ماركو أسينسيو على أشبيلية | كأس السوبر الأوروبي2016,positive,neutral,Positive
على خطى أيفون.. هواتف أندرويد قد تخلو من منفذ سماعات الرأس,negative,negative,Neutral
: قبل قانون #جاستاقبل وجود الارهابقبل وجود شئ اسمه كونغرسقبل أمريكاقبل أن يبحر كولمبوس ويكتشفها#السعودية موجودة وباقي…,neutral,neutral,Negative
فيديو: نظرة سريعة على إصدار أندرويد الأخير نوغا Android Nougat 7.0 الجديد -,positive,neutral,Neutral
: وكلما قرر الرعاه تبديل سيسى عسكرى بسيسى مدنىارعبهم قيام نزاع يفجر الثورة _فتراجعو وتحملوه,negative,negative,Negative
: تخفيض على ساعة ذكية من هواوي لاجهزة الايفون والاندرويد البائع امازون والشحن المباشر متاحالسعر بعد الخصم 208$,neutral,neutral,Neutral
أفضل أجهزة الكمبيوتر المحمولة التي تعمل بنظام ويندوز 10,positive,positive,Neutral
: #المهدي_المنتظر_وصل_سورياالمهدي المنتظر وصل سوريا طيب والي وراه منو يكون هرقل فعلا انكم متخلفين والمتخلف الي يصدق مذهبك…,negative,negative,Negative
للزواج ارمــــــلة مقيمة جاده تقبل التعدد,neutral,neutral,Neutral
": أمنيتنا 100 ألف متابع لهذا الحساب حتى نهاية شهر رمضان القادم 1438هـساهموا معنا أحبتي الكرام بنشر الحساب""أ…",positive,positive,Positive
كيري من استلم الخارجيه لامريكا وهو قالب راس العبد الغبي اوباما ، وصار تعجيل اجتماع 5+1وكان كيري نشط مستعجل لفك الحصار عن طهران والتقرب اليها,negative,negative,Negative
": وائل الفخراني: لماذا تركت ""جوجل"" لأنضم إلى ""كريم""؟ | مقال مترجم",neutral,neutral,Neutral
ابو جستن وش الإبداع في صياغة المشاعر غطيت على جستن بيبر,positive,positive,Positive
: #بتكره_نفسك_لماريال مدريد يتغلب 😔😔,negative,negative,Neutral
برشلونة يسعى لصفقتينن نار ياحبيبيبى نار!,neutral,neutral,Negative
": كان ﷺ يبشر أصحابه بقدوم رمضان ويقول""أتاكم رمضان شهر مبارك فرض الله عليكم صيامهتفتح فيه أبواب السماء وتغلق فيه أبواب ال…",positive,positive,Positive
أردوغان المصلحة قبل كل شيء ووقوفه من قبل مع الثورة السورية وقوف تجاري محض فلما رأى المصلحة مع الرروس باع الثوار وثورتهم,negative,negative,Negative
4 عروض فلكية رفضها نيمار خلال الصيف أحدها من ريال مدريدالتفاصيل:,neutral,neutral,Neutral
"عطر ""غوتشي بامبو"" الجديد يحاكي الطيور",positive,positive,Neutral
#اردوغان قال لروتانا لااستطيع تأيد الانقلاب فى #مصر والا اكون متناقض مع نفسي و #السيسي لايستطيع تاييد الثورة فى #سوريا والا سيتناقض مع نفسه,negative,negative,Negative
": الاغنيه الي الهمت بيونسيه لاغنيه ""run the world """,neutral,neutral,Neutral
: ﴿ أنت تلگ ألنبضه التي تشعرني /بالسعادة 💜 #غرام #شوق #اشتياق #غزل #شعر #احساس #بوح #رمضان #سيلفي #الصدمة #العرا…,positive,positive,Positive
جهازي ويندوز 10 كانت فيفا تشتغل لكن بعد ما فرمت الجهاز معاد اشتغلت العاب الستيم تشتغل لكن فيفا 16 و17 ما يشتغلن وش الحل,negative,negative,Negative
الحاسب اللوحي Cube بنظامي وويندوز 10 وأندرويد و 4Gb ذاكرة الوصول العشوائي مع تخفيض مغري,neutral,neutral,Neutral
(إن الأبرار لفي نعيم) [المطففين:22] #ريال_مدريد,positive,positive,Positive
: يدفعون مليارات لتدمير اقتصاد #مصروايضا يدفعون مليارات لتمويل وتدربب الارهاب ويصدره لنا لعن…,negative,negative,Negative
: #خدمات_إعلانية_متكاملة بجميع مواقع التواصل #تسويق_إعلانات#حملات_إعلانية#فيسبوك #غوغل #أنستغرام #نشر_إعلانك #قروبات_وات…,neutral,neutral,Neutral
": شركة #غوغل تسجل دخولا قويا في عالم الهواتف الذكية بإطلاقها ""بكسل"" الذي تفرد بكاميرته الأفضل بالمقارنة مع منافسيه",positive,positive,Positive
"شبح ""البياسجي"" يلاحق برشلونة مرة أخرى ويهدده في الصيف: يبدو أن نادي العاصمة الفرنسية باريس سان جيرمان سيبقى ش...",negative,negative,Neutral
أضفت فيديو إلى قائمة تشغيل على فيلم صابر جوجل كامل جوده,neutral,neutral,Neutral
قالها جستن بيبر يا منعنع يا منعنع 🌿,positive,positive,Positive
: من #فلسطين | إسرائيل تعتقل عشرات الفلسطينيين في القدس الشرقية المحتلة,negative,negative,Neutral
: الملخص للمناظرة الاولى... #كلنتون #ترامب #هيلاري_كلينتون #دونالد_ترامب #المناظرة…,neutral,neutral,Neutral
: اللهم تقبل منا صيامنا وخالص دعائنا وأجعلنا من عبادك الصالحين .#اليوم_الثلاثاء #يوم_عاشوراء #العراق,positive,positive,Positive
إذا تصفحت موقع أمازون يجيني أرق أمر بحالة نفسية صعبة قسم بالله ، ياربي متى أشتري الموقع هذا🙍🏽؟,negative,negative,Negative
: يا…أبا سعودليس نحن فقط من يبكيك في يوم وداعك الثقيل…يا…أبا سعودأهل #سوريا الذين خبروا مواقفكحزنهم أثقل وأمر…#فلاح_ا…,neutral,negative,Negative
: إيزكويل غاراي : لتقييم مدى توفيقي بقرار خروجي من ريال مدريد ما عليك سوى رؤية الثلاث مواسم التي قضيتها في بنفيكا كانت لا تصدق.,positive,positive,Neutral
والله محد ورع الا انت امريكا هي من جاب الاخوان يحكمون مصر وارجع لمذكرات هيلاري كلنتون وشوف ايش قالت يا حمار,negative,negative,Negative
: بشهر 12 كريستيانو يلعب في كاس العالم للانديه ضد ابطال القاراتميسي في مباراه ناريه ضد عقيل بلغيث ومحمد امان 🔥🔥اختلاف ط…,neutral,neutral,Neutral
متش ناااااااااااار..... فينك يا ميسى 󾍀 - يشاهد مباراة الارجنتين وباراجواي,positive,positive,Negative
: #ايقاف_امداد_مصر_بالنفطالسعودية هددت اوبامابسحب اموالها من امريكامن تكون ياسيسي حتى نهتم فيك,negative,negative,Negative
سيانوجين تتخلى عن تطوير رومات أندرويد كاملة: سيانوجين مود الذي نعرفه لن يستمر، تغيير كبير في استراتيجية الشرك...,neutral,neutral,Neutral
صراع شرس بين ريال مدريد و برشلونة على ثنائي اتليتكو مدريدالتفاصيل:,positive,neutral,Neutral
: قيادة التحالف: أحد الصاروخين اللذين أطلقتهما قوات علي عبد الله صالح ومليشيا الحوثي كان يستهدف مدينة الطائف السعودية,negative,negative,Neutral
: صوم #عاشوراء لمن عليه قضاء رمضان,neutral,neutral,Neutral
مع فيدرر يا آجا والكبار 😍,positive,positive,Positive
سمعة «أبل» على المحك.. مشكلة حقيقية في «آيفون 7»,negative,negative,Negative
: استعراض لتطبيق الرسام الجديد لنظام ويندوز 10تقدر تسوي صور ثلاثية الابعاد فيه وبسهولة بعد 👌🏼,neutral,neutral,Neutral
إذا كنت تقضي ساعات طويلة على الحاسوب لديك فرصة للعمل مع جوجل بغض النظر عن درجاتك الدراسية,positive,positive,Neutral
كيف يمكن أن تتدخل الولايات المتحدة والاتحاد الأوروبي في صفقة الغاز بين ⁧#الأردن⁩ و ⁧#الاحتلال⁩ ؟من هنا : ⁦,negative,negative,Neutral
للــــــــــــــــزواج المــــــسيار ارمـــــــلة سورية,neutral,neutral,Neutral
فيدرر عمك,positive,positive,Negative
: Shia militias crimes عاجل من العراق #الشيعه يقذفون عرض النبي ويلعنون الفاروق عمر لايذائنا ويتوعدون بقتل كل العوائل السنيه…,negative,negative,Negative
مين أسرع روجر ولا فيدرر؟؟,neutral,neutral,Neutral
: فيدرر × نادال ،، ويمبلدون 2008 #افضل_مباراة_تنس_شاهدتها,positive,positive,Neutral
": سيدرا.. طفلة سورية في سن التاسعة ""مربية لطفلين""",negative,negative,Neutral
اطقم نسائي ماركة غوتشي مع 3 اساور و 3 دبل مع علبة وكرت الماركة السعر 260ريال.,neutral,neutral,Neutral
تطبيق يقوم بتحويل هاتفك الاندرويد الى جهاز كمبيوتر يعمل بنظام تشغيل ويندوز,positive,positive,Neutral
"أزمة دبلوماسية حادة بين موسكو وباريس بسبب ""سورية""",negative,negative,Neutral
فرص دي بروينه تزداد للمشاركة أمام برشلونة: النجم البلجيكي الواعد قضى بعضا من الوقت للراحة في ملقة..,neutral,neutral,Neutral
الخارجية الامريكية القوات الأجنبية في العراق يجب أن تكون بموافقة #بغداد#تركيا #العبادي #اردوغان,positive,neutral,Neutral
#الاتحاد_برس بشار الأسد يربح الانتخابات وجيشه في لبنان ودمار للخليج.. هذا ما ... #سوريا #مصر #أخبار,negative,neutral,Negative
: كيوت وانتم متحمسين لمناظرات دونالد ترامب و هيلاري كلينتون.,neutral,neutral,Positive
ياعم صحف ريال مدريد هتشيلك من ع الارض شيل,positive,positive,Negative
يادلخ منتخب الارجنتين اللي يلعب فيه ميسي بيلعب في كأس العالم 2018 بروسيا واذا تقابلت السعوديه مع الارجنتين ياحمار المولد ب,negative,negative,Negative
أرمـــــلة سورية شابه ب الرياض تـــــــبحث عن زوج وتـــــقبل التعدد,neutral,neutral,Neutral
: مورينيو - بيليه مارادونا ميسي الافضل بالتاريخ- كنت ادرب رونالدو ليس هذا بل الحقيقي البرازيلي.المصدر قناة الريال⬇,positive,positive,Neutral
يلا يا استاذه إحسان امسح علم أردوغان كم قلنا لك يا امرأه .. دخلت عالم السياسه اترك عواطفك بالخارج نصيحه.. لا تغر…,negative,negative,Negative
"ابراهيم عيسى | لماذا انضم "" وائل الفخرانى "" رئيس شركة جوجل سابقا لشركة ك... via",neutral,neutral,Neutral
حركات بيونسيه,positive,neutral,Negative
: قائد في الحرس يعترف بفقدان السيطرة الأمنية في شرقي وغربي إيران - أحوازنا#الأحواز #السعودية,negative,negative,Neutral
: فيه بعض الطلبات أتتني لترجمة مناظرة هيلاري كلنتون وترامب اللي كانت اليوم وصعب ترجمتها كاملة لكن هل تؤيد ترجمة بعض المقاطع منه…,neutral,neutral,Neutral
السعودية تعترض صاروخين للحوثيين وترسل تعزيزات: أعلنت قوات التحالف العربي اعتراضها صاروخي... #عاجل_الصحف,positive,neutral,Neutral
هاذو حمير ما حبوش يتحولو لسمكات ففضلو الانسحاب هذا السؤال جاوبني عليه غوغل,negative,negative,Negative
: البنت في رمضان vs البنت في العيد 😂😂,neutral,neutral,Neutral
: الحمدلله على نعمة الاسلام الصحيح❤️! #عاشوراء,positive,positive,Positive
سيسي مايع اكترمني.. اناسوريه ولكن تمنيناان ينقذناجيش مصر. انماجيش مصرطلع بالمعتوه رئيس,negative,negative,Negative
"أنجلينا جولي تهرب من ""غوغل""!",neutral,neutral,Negative
عمليات الأنبار تحرر جزيرة هيت بالكامل من مجرمي داعش إذاعة #البيان :,positive,positive,Neutral
ياسيدتي مستر غوغل لا يترجم كل شيء بدقة,negative,negative,Negative
نجم برشلونة كان السبب في رحيل مورينيو عن ريال مدريد !التفاصيل:,neutral,neutral,Neutral
اييي و توني اجيك امازون عندهم شغلات بعد 😍😍 ثانك يوو 😘,positive,positive,Positive
لوعطيتك آيفون بدل سامسونج…!!عندما يستفحل الغباء😂😂💦💦💦,negative,negative,Negative
تحميل جوجل كروم النسخة العربي – Download Googel Chrome – رابط تحميل غوغل كروم 2016 – تنزيل…,neutral,neutral,Neutral
: والله لن ولن أنساها ولو أزدادت السنين عن ذكرى المباراة ف ذكراها للأمد وللأبد باقية في الذاكرة، لا لمحيها بوجود ريال مدريد…,positive,positive,Positive
: حارب كلينتون #طالبان .. وحارب بوش #القاعدة .. أما أوباما فحارب #داعش .. يا ترى من التالي وماذا ينتظر شرقنا الأوسط . htt…,negative,negative,Negative
هل ساهم #باراك_أوباما بتأخير #الحل في #سوريا؟ #المعارضة_السورية…,neutral,neutral,Neutral
غمضت، طلعت تشبه بيونسيه 😂,positive,positive,Negative
: عندما يفوز دونالد ترامب كيف ستتأثر أمريكا والعالم #ساسة_بوست,negative,negative,Neutral
انت خلك قلق يا بوكيمون وخلنا نصفي امورنا لوحدنا,neutral,negative,Negative
ثاني احلى شي بالحياه هو ان هاري يلبس بدل من ماركه غوتشي😍,positive,positive,Positive
: #أيران #السعودية #الكويت القبض على أيراني تابع للحرس الثوري حاول تفجير حسينية في #العراقحقيقة #داعش المجوسية,negative,negative,Negative
داكشي اللي كاين.. تشك إت أون غوغل! حنى تنسميوه هرمى.. داك لي تيديروه ف العيد الكبير!,neutral,negative,Negative
: #حملة_امن_وطني_امني_انا من الحقوق الشرعية للمواطنة تجاه وطنناالحبيب نشرالخيروالتكاتف بين أفراده والدفاع عنه ضدأعداء الإسلام…,positive,positive,Positive
مافيه اي عذر لمايكرو ويندوز 10 معرب وفي الاكسبوكس لا عربوا فورزا 6 كتسكيته لنا 4 الى 5 حصريات نزلت وماتعربت,negative,negative,Negative
إسرائيل تطلق اسم “شيمون بيريز” على مفاعلها النووي,neutral,neutral,Neutral
: مشاعر الختام تبكينا والتلويحات الأخيرة حقا موجعه اللهم أصلح أقدارنا وحالنا فيما تبقى لنا من رمضان .•,positive,positive,Negative
علي الأمين يكتب: موسكو أسقطت هدنة حلب: تريد سوريا كلها لا ‘المفيدة’ فقط,negative,negative,Negative
: امسك #بوكيمون مش قدر امشى والنعمه دى هتبقى مسخره اه والنعمه 😂😂,neutral,neutral,Negative
كيف تحمي #هاتفك الذكي بنظام أندرويد من #القرصنة؟رابط الموقع الجديد:,positive,neutral,Neutral
هيلارى كلنتون شنب😂هي سبب فوز زوجها بيل بالرئاسة الامريكيه.الانتخابات حاليا صراع الجهل والثقافهلكنها كلاهما نتن,negative,negative,Negative
السلام عليكم ورحمة الله وبركاتة، انا وسيط للشراء من موقع امازون عمولتي هي 60ريال على الطلبية كاملة ، تنبيه : العمولة لاتشمل الشحن.,neutral,neutral,Neutral
: فيدرر ما زال متربعا على عرش التنس,positive,positive,Positive
: انت يا سلمانو يا راعي الإرهاب العالمي✔✔ وارهابك على اليمن وشعبه 😠😠😠😠😠سنرده لك بأذنه تعالى ✌ ✌ ✌#من_دمشق_هنا_صنعاء,negative,negative,Negative
: #السعودية | «العدل» السعودية.. «المحاكمة عن بعد» الأسبوع المقبل,neutral,neutral,Neutral
جنها جستن بيبر,positive,positive,Positive
هاكر يخترق ويندوز 10 ويشغله على شاشة السيارة #أخبار_الخلافة #إصدارات_الخلافة,negative,negative,Neutral
: التلميذ ليونيل ميسي يتابع اسطورته فهد المولد,neutral,neutral,Positive
وتدري ان خاطري بجنطة شانيل معاها جنطة غوتشي مع جوتيها وبوك من لويس فيتون ...,positive,positive,Negative
هجوم مضاد لـ«داعش» على بلدات سورية قرب الحدود التركية,negative,neutral,Neutral
أراهن أن مجلس الحكماء في امريكا وإعلامهم اسقط دونالد ترامب وأوصل هيلاري كلنتون لسدة البيت الأبيض.وبتوقيت جيد معد له مسبقا.,neutral,negative,Mixed
ان التفاؤل هو الايمان الذي يقود الى النجاح .. ولا شيء يمكن تحقيقه بدون الامل و الثقة .. هيلن كيلر. #ريال_مدريد,positive,positive,Positive
: وقف الاقتتال في سورية من دون حل سياسيمركز حرمون للدراسات المعاصرة#مقالات البديل:,negative,negative,Neutral
ارمــــــــــــلة سورية مقيمـــــــــــــــــــــــة تـــبحث عن ابن الحلال,neutral,neutral,Positive
: جماعة في الهند تناصر دونالد ترامب واحتفلت بعيد ميلاده الـ 70 قبل اشهر وقدموا له الكعك متمنين له الفوز في الإنتخابات,positive,positive,Neutral
في عاهات بالانستقرام فولورزه 5 الاف مو مشهور ولا احد يعرفه ، ينزل بوست معرض و يحط صورته عليه و يكتب حياكم انا ضيف شرف 🙇شفيك جستن بيبر😂,negative,negative,Negative
ارملة سورية فى جدة تقبل بـــــــــــزواج مســـــــــــــيار لظروف خاصة,neutral,neutral,Neutral
تجربتي من الشراء من امازون البريطاني مقارنة بالامريكي اقل ب ٢٠ الى ٣٠٪لنفس السلع,positive,neutral,Neutral
فيروس الفيفا يضرب لاعب جديد من برشلونة - كورابيا #برشلونة,negative,negative,Neutral
: #فتاه_تضرب_متحرش موقع امازون يوفر رشة الفلفل للحماية من التحرش 👌🏻👌🏻 يفي بالغرض,neutral,neutral,Neutral
: صباح يشبه صباح شهر رمضان ، تملئه الطمآنينه وتغشآه رحمة البآرئ ، صباح العاشر من عآمنآ الجديد صباح عاشوراء اللهم ارح قلوبنا…,positive,positive,Positive
: واطفال سوريا الذين يقتلون بسبب القصف السوري الروسي مالهم نصيب من تغريداتك؟اذا كنت فعلا الامم المتحدة فلعنة الله عليكم…,negative,negative,Negative
: بالفيديو.. الجماهير السعودية تتناول فطور عاشوراء أمام ملعب الجوهرة #المواطن,neutral,neutral,Neutral
شاهد *غرفة سحب* اشبه بفندق عشر نجوم .. لن تصدق كل هذا في غرفة #ريال_مدريد #برشلونة,positive,positive,Negative
": #المرصد_الايراني#المرصد_الايراني | منافسات الشطرنج تجعل إيران خصما للاعبين عوضا عن البطولة""ترجمة خاصة""",negative,neutral,Neutral
كيف يمكن تثبيت نظام أندرويد على اللابتوب ؟,neutral,neutral,Neutral
: الكاسير : الاتلتيكو في الفترة الأخيرة يؤدي بشكل أفضل من ريال مدريد ، ومن الصعب الفوز على طريقة لعبهم,positive,neutral,Neutral
الأمين العام للأمم المتحدة: بشار الأسد قتل 300 ألف شخص فى سوريا,negative,negative,Neutral
مظاهرة بباريس لطرد إسرائيل من الفيفا,neutral,neutral,Neutral
Nexus 9 LTE يحصل على تحديث #أندرويد نوجا 7.0,positive,neutral,Neutral
"""التجارة"": إحالة الشركة العقارية المتورطة بغسل الأموال إلى ""تحريات الإرهاب""..",negative,neutral,Neutral
: الاتصالات ترد على حملة المقاطعة ببيان جديدوتقول نحن الوحيدوون التفاصيل #اليوم_الثاني_عشـر_راح_…,neutral,neutral,Neutral
: افتخر اني عشت زمن ميسي وكريستيانو وفهد المولد,positive,positive,Positive
: 📹 شاهد.. هذا ما تبقى من «حلب» #حلب #سوريا,negative,neutral,Neutral
: البنات اللي م صامو بقولكم ترا رمضان قرب و الوقت قليل ف اللي ناسيين حبيت اذكرهم,neutral,neutral,Negative
: #افضل_طقم_لروجر_فيدررككل طقم ينافس الثاني😌👑بس الاسود والأبيض فخاامه ما بعدها فخامه👑❤😌👌,positive,positive,Positive
هل تعلمون أكثر شئ تلمسته أن #عاصفة_الحزم و #السعودية جعلت الروافض في #العراق يلطمون على الحوثي و عفاش و قبلهم #أمريكا و #أيران و رمم المتحدة,negative,negative,Mixed
: متحدث الرئاسة التركية: التطبيع مع #إسرائيل و #روسيا هام للسلام والاستقرار الإقليمي,neutral,neutral,Neutral
أبل تكسب معركة ضد سامسونغ بشأن براءات.,positive,neutral,Neutral
الله يعينكم على حكومتكم طلعتو من مرسي طلع لكم سيسي,negative,negative,Negative
ما يدور في رأس دونالد ترامب -,neutral,neutral,Neutral
ماعليك بسويلك جو بخليك بيونسيه العرب,positive,positive,Positive
: قرقاش يقول: الإخوان وراء الضجة على #مصرونشطاء يردون: هل #السعودية منهم؟يكاد بعض القوم يفقدون صوابهم😂 😂 😂اقرأ👇🏻,negative,negative,Negative
: #إتش_بي توقف اعتمادها على نظام #أندرويد وتتحول إلى ويندوز 10#الاخبار_التقنية,neutral,neutral,Neutral
: صباح الخير :دويتو بين بيونسيه و ندى القلعة على هامش إجتماعات رفع العقوبات الأمريكية عن السودان و بدأ التطبيع..,positive,positive,Neutral
الناس تجيب العيد واحنا بنخليها شيرة لقيمات رمضان.راعي سواليف انت بس,negative,negative,Negative
"برشلونة يريد التعاقد مع ""بيكيه الجديد""",neutral,neutral,Neutral
مستحيل تتغير قناعتيان #ميسي اسطورة بس م راح يوصل ل #كريستيانو ابدا #كريستيانو الافضل على الاطلاق,positive,positive,Positive
: شيعة يلعنون عمر (رضي الله عنه) عشية حشد الميليشيات الشيعية التابعة لـ #إيران لمهاجمة مدينة #الموصل ”القلعة السنية” بـ #العراق…,negative,negative,Negative
": ""باراك أوباما"" في صور لم تروها من قبل!",neutral,neutral,Neutral
#افضل_طقم_لروجر_فيدررالطقم الأحمر والطقم الأزرق هما أفضل شي,positive,positive,Positive
ﺇﺫﺍ ﻧﻄﻖ ﺍﻟﺰﻋﻴﻢ ﻓﻼ ﺗﺠﺒﻪ ﻓﺨﻴﺮ ﻣﻦ ﺇﺟﺎﺑﺘﻪ ﺍﻟﻌﺴﻴﺮﻱﻭﻻﺗﺮﻛﻦ ﻋﻠﻰ ﺇﻳﺮﺍﻥ ﻳﻮﻣﺎ ﻭﻻﺗﻮﻧﻲ ﺑﻠﻴﺮ ﺃﻭ ﺟﻮﻥ ﻛﻴﺮﻱﺃﺭﻯ ﺍﻟﻤﺨﻠﻮﻉ ﻓﻲ ﺍﻟﺘﻠﻔﺎﺯ ﻳﻬﺬ,negative,neutral,Neutral
مكالمة افتراضية من دونالد ترامب لناخبة ...وحوار بينهما في احد برامج التوك شو,neutral,neutral,Neutral
#Pamplona باراك أوباما يشجع إبنتيه على الإلتحاق بالجيش,positive,positive,Neutral
لا هما عاوزين يقضوا علي المعارضه الحقيقيه او المندسة والمليشيات داعش الي دستها امريكا ضد نظام بشار,negative,negative,Negative
: الأول أن سقوط الأسد يعني نهاية حكم الجيش والمؤسسة العسكرية في سوريا، وهذا يسلط الضؤ على حكم الجيش في مصر، وتبدو وكأنها الوحيد…,neutral,negative,Negative
لا قلق على رمضان,positive,positive,Positive
دونالد ترامب خااااااارب الدنيا حالا😂😂جايب 4 بنات حالا واحده بتقول بيل كلينتون اغتصبها والتانيه بتقول ههدوها متتكلمش عشان هيلاريبرشاااااام,negative,negative,Negative
5 حقائق عن ابل لم يخطروا على بال أحد من قبل !,neutral,neutral,Neutral
: تعلم الذكاء الاصطناعي من أفضل جامعة تقنية بالعالم MIT بالفيديو🤓جوجل تتنبأ ان المستقبل هو لعلم AI و Data Mining🤖,positive,neutral,Neutral
: انتي ممحونه انتي .. انتي تنزلي صور ولاد وتقولي هييييح انتي 😂غوتشي غوتشي غوتشي 😁,negative,negative,Negative
إذا فتحت أي أغنية أجنبية عاليوتيوب وشغلت الأوتو بلاي حينتهي بك المطاف لأغاني جستن بيبر لامحالة.#مغص,neutral,negative,Negative
": قال شيخ الإسلام ابن تيمية رحمه الله ""تأملت أنفع الدعاء فإذا هو ؛ سؤال الله العون على مرضاته"" #الوتر يحبه الله منك ✨",positive,positive,Positive
تقدم لكلينتون بعد فضيحة ترامب ..والجمهوريون يتنصلون منه: وجد المرشح الجمهوري الى البيت الابيض دونالد ترامب نف...,negative,negative,Neutral
: سلامي للرئيس عمر البشير #السودانوسلامي للرئيس اردوغان #تركياانهم الوفاء يا سادة بلا سيسي بلا بطيخ #مليارات_العمره_علي_هوي_…,neutral,negative,Positive
(إن إلى ربك الرجعى) [العلق:8] #ريال_مدريد,positive,neutral,Positive
: ساعة أبل الذكية محظورة بالاجتماعات الوزراية,negative,negative,Neutral
: بيب غوارديولا عن ليونيل ميسي من كتابه الجديد,neutral,neutral,Neutral
: فيديو.. فرحة هيستيرية من الجماهير السعودية بعد الثلاثية في الشباك الإماراتية,positive,positive,Positive
ههههداعش لا تمثل الاسلامويزيد لايمثل السنة.الحقيقة أنه ليس هناك سنة ولا شيعةالحقيقة هناك خلاف سياسي تم اختلاق غطاء ديني له,negative,negative,Negative
ستبدأ بعد ساعه ونصف اول مناظره بين المرشحان لنائب رئيس الولايات المتحده وهما#تيم_كين نائب ل#هيلاري_كلنتون#مايك_بنس نائب ل#دونالد_ترامب,neutral,neutral,Neutral
جوجل تنافس أبل وسامسونج بهاتف جديد,positive,neutral,Neutral
: كيف وقعت قوات النظام في كمين على مدخل بلدة معان بريف #حماة وتحول النصر إلى مقتلةتقرير: سليمان عبد المولى #سوريا,negative,negative,Neutral
: كيبل آيفونضد القطع😉-شحن ونقل بيانات سريع 👍🏻من أفضل الكيابل👍يتحمل الكرف 😻 ومعتمد من قبل شركة آبل طوله ١.٢للطلب واتس…,neutral,neutral,Neutral
شفت سلسلة افلام هارى بوتر كلها ف يوم واحد وهشوفها تانى انهاردا#عااااااااش,positive,positive,Positive
": إسرائيل تتوقع ""الأسوأ"" بعد عملية القدس البديل",negative,negative,Neutral
كيف أقحمت الصدفة “دونالد ترامب” فى كرة القدم؟,neutral,neutral,Neutral
عاد آجا هتآخذ راحتها أكثر مع فيدرر ياليت هالمرة iptl يحطوها مع فريقالمايسترو بتكون وديات ديسمبر حدثكبير عندي في…,positive,positive,Positive
رعب في برشلونة و ريال مدريد من اعترافات سيميونيالتفاصيل:,negative,negative,Neutral
ماذا قالت نجمة #بوليوود #جاكلين عن #بيونسيه؟,neutral,neutral,Neutral
حلمت اني اخت جستن بيبر والبنات يجتمعون عليه واصوره بسنابي😭😭😂,positive,positive,Positive
": قالك ""السيسي هيغرقنا""!!! صح، والسيسي برضه ورا الأزمات الإقتصادية الطاحنة في تونس، الخليج، العراق، اليونان، روسيا، تركيا، ال…",negative,negative,Negative
"بريطانيا تحظر ""ساعة أبل"" في اجتماعات الوزراء",neutral,neutral,Neutral
: رسميا : ريال مدريد بطلا لـ أوروبا للمرة الـ 11 في تاريخه.,positive,positive,Neutral
: هذه #حلب التي دمرتها طائرات #الأسد و #روسياأجزاء من الدمار في حي المشهد الحلبي.,negative,negative,Negative
ختاما هذا وقت غايتان ديبالا كرانيفيتير والبقية .. التجربة والانسجام ويلعبون مع بعضهم وابعاد الديناصورات على رأسهم ميسي ولا تكرار فضيحة ٢٠٠٢,neutral,neutral,Mixed
كينيا دولة سياحية جميلة يسافر لها ملايين السياح من مختلف دول العالم .. أدخل غوغل وشوف,positive,positive,Positive
: فيديو.. دمار حي المشهد في #حلب جراء الغارات الجوية الروسية.. .#سوريا #Syria #روسيا,negative,negative,Neutral
: من الافضل وهو في افضل حالاته ؟1- نافاس = ريتويت #ريال_مدريد2- تير شتيغن = اعجاب #برشلونةصاحب الطلب :,neutral,neutral,Neutral
"""أبل"" تكسب معركة قضائية ضد ""سامسونغ"" via",positive,neutral,Neutral
: #اليمن | #الحوثي: المجازر #السعودية في اليمن ترتكب بضوء أخضر أميركي,negative,negative,Negative
كشفت صحيفة (موندو ديبورتيفو) الإسبانية عن رغبة برشلونة في ضم مدافع تشيلسي أندرياس كريستنسن المعار إلى فريق...,neutral,neutral,Neutral
«أبل» تنتصر على «سامسونج» وتستعيد 120 مليون دولار,positive,positive,Neutral
: #أمريكا صنفت #الإرهاب وسكتت عن إرهاب #إيرانلكن خوفها من المشاكل الاقتصادية جعل لعابها يسيلعلى أموال المملكة #جاستا_الع…,negative,negative,Negative
اخوي بغيت اشتري عربية أطفال و البائع امازون وحاطين وزن الشحنة 11 ونص كيلو .. وتشحن مباشر للسعودية لكن غالي شوي 600 ريال .. يتبع.,neutral,neutral,Negative
إنفوجرافيك.. أبل تتصدر قائمة أعلى الشركات قيمة#هاشتاق_عربي #إنفوجرافيك #أبل #الشركات,positive,positive,Neutral
هل كان النبي يجند الذراري كما تفعل جماعة #داعش؟,negative,neutral,Negative
"تايملاين يليق بيه فيلم ""الأرهاب والكباب"" بدخلة يسرا المفاجأة 😌😃",neutral,positive,Positive
السعودية تعترض صاروخين للحوثيين وترسل تعزيزات,positive,neutral,Neutral
غالبا كل الاخونجية والاسلاميين يؤيد هيلاري كلنتون وينقولون أخبار تفوقها بالاستطلاعات مثل منظمة كير الاخوانية@CAIRNational,negative,negative,Negative
: #erdogan_is_isis #اردوغان الأرعن لاتنسىواذا نسيت سنذكرك من نحن#الحشد_الشعبي شجاعتنا من حمزة وعلي والحسين.,neutral,negative,Negative
: حمل الأن اخر تحديث للاندرويد | أندرويد 7.0 نوجا #أندرويد_نوجا,positive,positive,Neutral
طلبته من ابل قالوا ممنوع نشحنه خارج امريكا، واضطريت أطلبه من امازون، متى يفتحون فرع ابل عندنا ونفتك من جشع هالحراميه!,negative,negative,Negative
هاري بوتر و كأس الخمر,neutral,neutral,Neutral
هو ليه مفيش ف حفلة ال graduation فقرة راقصة زي تخرج هاري بوتر و يبقوا couples و نشغل حاجة كلاسيك و كدة,positive,positive,Negative
: اذا كان الارهاب اختراع صهيوني أمريكي..فالمصنع في السعوديه والممول من قطر والسعوديه والمادة الخام من كل دول التخلف الاسلامي..,negative,negative,Negative
: #عاشوراءيارب.. في هذا اليوم أنجيت #موسى وقومه، وأهلكت #فرعون مصر وجندهنسألك أن تنجي #حلب وأهلها وتهلك #فرعون سوريا وج…,neutral,positive,Positive
السعودية: «درع الخليج1» حقق أهدافه #السعودية,positive,positive,Positive
: #المعارضة_السورية: #إيران و #روسيا دولتا احتلال.#الشرق_الاوسط #الخليج,negative,negative,Neutral
ابوي يقول اذا عجزتي بتصيرين زي هيلاري كلنتون هههه🙂💔,neutral,negative,Negative
أن شاء الله يصير اوف ب رمضان 😭,positive,positive,Positive
: #تقريرلقناة دار الإيمان منظمة أفاز تطلق حملة لمقاضاة رفعت الأسد لارتكابه جرائم حرب ومجازر في سوريا,negative,negative,Neutral
حتی بالانمي نشيت لنا هاللعبة 😂💔#جيمرز #بوكيمون_قو #جيمر,neutral,positive,Positive
اقل هديه يقدمها جماهير المايسترو روجير فيدرر له هو تصويتهم له ليضل الاعب الأكثر شعبية للمره 14 على التوالي رغم ابتعادة معظم فترات هذا الموسم,positive,positive,Positive
: الي يقول الارجنتين بدون ميسي تستطيع الفوز و منتخب يملك نجوم و لاعبين كبار؟ معقوله مباراتين ، و جميعها مستوى اسوء من السيئ ، اين…,negative,negative,Negative
: هداياكم  وصلت  14 ايفون 7 واللون اسود لانه هو المطلوب الان فقط متابعة ورتويت وتدخل السحب ومره من تويتر ومره سناب…,neutral,neutral,Positive
: المندوب المصري وجه نداء للقوي الدولية والإقليمية والداخلية في سوريا بتجنب الصراعات والمطامع السياسية والنعرات الطائفية لا…,positive,neutral,Neutral
: ميسي عنده منتخب قوي وعناصر خرافيه بس هو يخذلهم ….. -,negative,negative,Negative
لو شخصية اطلبها من امازون . . . لكن كنت اوفرها للمتاجر سواء الكترونية او محلات بالاسواق وعندي متجري الخاص . . . لكن حاليا متوقفة,neutral,neutral,Negative
اخبار برشلونة اليوم Sunday 9/10/2016 : توستاو: “نيمار أفضل لاعب في تاريخ البرازيل بعد بيليه”,positive,positive,Neutral
: #داعش الله يحط حيلهم بينهم#صنعاء,negative,negative,Negative
: Sky Sports هدف نادي توتنهام الانجليزي في يناير القادم هو اللاعب الاسباني ايسكو لاعب ريال مدريد,neutral,neutral,Neutral
مترجم: غوغل تعتزم بناء حاسوب خارق يفوق قدرات الحواسيب الحالية 100 مليون مرة #ساسة_بوست,positive,neutral,Neutral
يوسف الحسينى يسب السعودية لقطعها المساعدات عن سيسى: يا شحاتين ياارهابيين احنا يا ما اديناكم رز ومحدش حماكم غيرنا,negative,negative,Negative
ليلي 💕 ، امبيه بيونسيه شتحس فيه ؟,neutral,neutral,Neutral
مصدقية من جوجل ونسبة الربح كبيرة أانا حبيت افيدكم اكتبو في جوجل🌱 رب,positive,positive,Positive
فكو طيزكم من داعش,negative,negative,Negative
: عـام 2016كرستيانوهداف تصفيات كأس العالم 2018 هداف وبطل دوري الابطالهداف وبطل امم اوروبا 2016ميسيهداف كأس غامبرمتخاذل وخ…,neutral,negative,Neutral
LifeTahrir: #لايف | منها خاصية طال انتظارها.. 8 مميزات حصرية في نظام تشغيل «#أندرويد نوجا»,positive,positive,Neutral
: هذا الدمية له سنين ماغير يعبر عن قلقه هالحين طلع له لسان !.كل يوم مجزرة في حلب والحين عشان حادثة القاعة جا يستعرض انس…,negative,negative,Negative
حاسب ArtPC Pulse يظهر الآن في أمازون بسعر يبدأ من 1200$,neutral,neutral,Neutral
: اللهم بلغنا رمضان بروح انقـى و قلب اتقى و عمل ارقى مبارك عليكم الشهر 🌙#خروج_لبعد_رمضان,positive,positive,Positive
: مؤسس ويكيليكس سيقوم باعلان مهم اليوم من لندن ويخص بالذكر هيلاري كلنتون ويقول انها ستنتهي بعد هذا الاعلان طبقا لموقع ويكي…,negative,negative,Neutral
كريس وزين مالك يرتدون نفس الجاكيت من غوتشي، من ارتداه بشكل افضل؟,neutral,neutral,Neutral
مايا دياب بهديك اغنية الفنان الجزائري دي جي سنايك و جستن بيبر و عليك و علي حلاوتك,positive,positive,Positive
: #اليوم_السابع: المدرسة الأمريكية بالمعادى تزور انتصار أكتوبر لصالح إسرائيل,negative,negative,Neutral
وزير إعلام الاحتلال يدعو لضم الضفة الغربية إلى (إسرائيل)في حالة الحجب:,neutral,neutral,Neutral
ماذا تفعل يا #فيدرر :Oحرام حرام و الله حرام :Pنقطة من النقاط التي يعجز اللسان عن وصفها <3 كوكب التنس نفتقدك :'(,positive,positive,Negative
: الساده الخبراء السياسيين اللي بيقولوا مصر والسعوديه مصير واحد أحب أقول لك يا حبيبي قلب الماما اللي شارك ودعم وصدر ومول الإر…,negative,negative,Negative
تذكرت بيونسيه لماو,neutral,neutral,Positive
: 💔👌خوي السعد وافي وانا للخوي معكاز وانا محزمه كان الزمن عقد احجاجه #نبض_العراق🍃اخوي الغالي عازف ربي يطول ب عمره..👌…,positive,positive,Positive
: شاهد | #أردوغان للعبادي: أنت لست من مستواي ولا من قيمتي.. الزم حدودك!,negative,negative,Negative
(رب السماوات والأرض وما بينهما الرحمن لا يملكون منه خطابا) [النبإ:37] #ريال_مدريد,neutral,neutral,Positive
تحديث جديد لـOpera Max على منصة أندرويد يوفر تحسينات للخصوصية #البحرين #الكويت #السعودية #الإمارات #قطر #عمان #الم…,positive,positive,Neutral
: والعبادى نسى انه مجرد موظف لدى امريكاحتى اوباما مابيسلمش عليه مثل السيسى😁فكان رد اردغان عليه باختصار(ياهذا انت مجرد حشره),negative,negative,Negative
من قايل لجراح الهبيده انك حلو ؟ والله يا معطي نفسه وضعيه جستن بيبر بسنابه 😂,neutral,positive,Negative
تطبيق لتحويل الاندرويد بالكامل الى جهاز كمبيوتر لتحكم مثل ويندوز ولينكس,positive,positive,Neutral
#محمد_ناصر يتسائل عن مصير 3 مليون شجرة : طب هتحطهم فين يا سيسي ؟ :D :D,negative,negative,Negative
: - يا فندم بقول لحضرتك دا حمام رجالي != وأنا بقولك فيه بوكيمون جوه ولازم اجيبه,neutral,neutral,Negative
قال رسول الله ﷺ(من قام رمضان إيمانا واحتسابا غفر له ما تقدم من ذنبه) صحيح البخاري,positive,positive,Positive
: السيسي يصف الاسلام بالارهاب المتطرف ويدعوا لمحاربته تحت مظلة الإرهاب وذلك على قناة CNN ليرضي أعداء الإسلام خيانه عظمى.!! #مصر…,negative,negative,Negative
تركيا في سورية بعد درع الفرات,neutral,neutral,Neutral
: حديقة لا سيوتاديلا parque de la ciudadela من أكثر الحدائق شعبية في #برشلونة. #موسوعة_المسافر ht…,positive,positive,Neutral
: المحللة السياسية الروسية إيلينا سوبونينا: خطاب #أردوغان غريب ويعكس طبيعته الأوتوقراطية,negative,negative,Neutral
: فيديو| #المناظرة الثانية بين مرشحي الرئاسة #الأمريكية هيلاري #كلينتون و دونالد #ترامب,neutral,neutral,Neutral
"وانا ابي ايفون )""",positive,positive,Negative
: عملية #القدس.. #إسرائيل تفشل بامتياز في الاختبار الأمنيرابط الموقع الجديد:,negative,negative,Negative
تغير ترتيب أشهر الشخصيات ليكون باراك أوباما فى الصدارة بدلا من خادم الحرمين الشريفين والذي إحتل رأس القائمة لمدة ...,neutral,neutral,Neutral
#مشهور_يستاهل_الشهره بيونسيه ✋,positive,positive,Positive
": #المرصد_الايراني#حقوق_وحريات | أفغانستان تدين بشدة تعامل إيران تجاه المهاجرين""ترجمة خاصة""",negative,negative,Neutral
: #مميز جدا #امرأة مسنة تروي معاناتها وأسرتها لحافهم السماء وفراشهم الارض دمار وقتل وجوع ارادت ايصال #رسالتها الى من شبع وا…,neutral,neutral,Negative
أبل تنشئ أكاديمية لتعليم تطوير تطبيقات iOS #iOS10TH,positive,neutral,Neutral
: #العبادي يرسل مرتزقة #الحشد_الشعبي (النجباء وأبو الفضل وحزب الله) إلى #سورية ليرتكبوا مجازر في #حلب! لم تسكت...,negative,negative,Negative
: بين #نوت7 و #آيفون7 عنصر مشترك!! #تكنولوجيا,neutral,neutral,Neutral
: سيم سيم هاري بوتر ,positive,neutral,Neutral
": وامعتصماه!رب ""وامعتصماه"" انطلقتملئ أفواه البنات اليتم.لامست أسماعهم لكنهالم تلامس نخوة المعتصم!#سوريا#أراكان#ال…",negative,negative,Negative
ينصح بتناول عصير الجرير يوميا فهو يمنع تساقط الشعر وينقي الدم كما انه دهن الشعر به يوميا يساعد على نمو الشعر المتساقط #ريال_مدريد,neutral,neutral,Neutral
"عطر ""غوتشي بامبو"" الجديد يحاكي الطيور: عطر غوتشي بامبو باطلالة جديدة. بعد أن قامت النجمة غال غادوت، بطلة ""وند...",positive,positive,Positive
: قـنــا | إسرائيل تعلن عن إغلاق شامل للأراضي الفلسطينية,negative,negative,Neutral
: #واي_فاي_بيدور_عالبوكيمون امين انت ممكن تزعل منى عشان بوكيمون,neutral,neutral,Negative
نفسي في هيدر و كافر فيه ( الاهلي - مانشستر يونايتد - ريال مدريد - اسي ميلان )وهكون شاكر للي هيعملة بجد ❤,positive,positive,Positive
وجهان لعملة واحدة اسمها #امريكاسواء هيلاري كلنتون او ترامب فكلاهما يعملون بخطة واحدة وهي دمار #العالم,negative,negative,Negative
: #سوريالك اللي بيحب #الله بيبعت مؤازرات!! لك يااللهنداءات استغاثة المسلحين في #ريف_حماة الشمالي#حماه #حلب #كفريا_والفوعة…,neutral,positive,Negative
ما هو أفضل فلم شاهدته على الأطلاق؟ - سلسة أفلام هاري بوتر,positive,positive,Neutral
سيناتور أميركي: على أوباما الانتقام من الحوثيين وإيران سريعا.. جعلتهم كابوسا بالمنطقة,negative,negative,Negative
"هل تدق بغداد طبول الحرب ضد أنقرة؟: تناول برنامج ""ما وراء الخبر"" دلالات التصعيد الدبلوماسي بين العراق وتركيا، ...",neutral,neutral,Neutral
: أحسنت وأجدت أخ الاسلام,positive,positive,Positive
: ياروافض بلا كلام وإلا سوف أخرج♦️♦️#العراق #بغداد #البصره #كربلاء #النجف #لبنان #البحرين #الكويت #قطر #سوريا #عمان #الأردن ht…,negative,negative,Negative
"ميزة في هاتف ""بيكسل"" الجديد تحرج ""أبل""",neutral,neutral,Neutral
بالصور: أطرف اللقطات التي قام بها باراك أوباما طوال 8 سنين في الرئاسة,positive,positive,Neutral
بوكيمون مو قيمة 😂😂😂,negative,negative,Negative
اصل داشت ويندوز 10,neutral,negative,Negative
يعني حيكون زي اللورد دارث فيدرر ههههههههههههههههه,positive,positive,Negative
": يربط الغرب الإرهاب بالإسلام كما نربطه في شرقنا الأوسط باليهودية، يعممون على المسلمين ونعمم على اليهود، كلنا في قصر النظر ""هو…",negative,negative,Negative
: اعلان غوغل #GoogleMaps دليلك لحرب المناطق والشوارع والأحياء في #ليبيا,neutral,neutral,Neutral
: سيتم الإعلان عن أهم المزايا القادمة في تحديثين مهمة لويندوز 10 السنة القادمة، وبعض هذه المزايا خاصة بانسجام اللعب بين حواسي…,positive,neutral,Neutral
بعد قطع إمدادات النفط عن سيسي مصر بدأيلعب لعبه قذره مع أسياده في السعوديه,negative,negative,Negative
"بنك ""أرقام"" الإماراتي: الوديعة السعودية لم تصل مصر على الأرجح",neutral,neutral,Neutral
: #عاشوراءيوم للتفكر .. يوم للتأمليوم للخروج من حالة الإحباط التي نعيشهامن نصر موسى ورفع راية الاسلام وهزم كيان الكفر وال…,positive,positive,Positive
هيلاري كلنتون:منافسي ترامب معجب بالطغاة مثل فلادمير بوتين...#روسيا,negative,negative,Neutral
ارمــــــلة سورية مقيـــــمه للـــــــــــــــــــــزواااج,neutral,neutral,Neutral
تستاهل الحب واغانيها حلوه بس بيونسيه,positive,positive,Positive
: “الحياة” السعودية تهاجم السيسي: مصر تعيش أوهام قيادة العالم العربي,negative,negative,Negative
"#باباراتزى وائل الفخرانى يكشف لإبراهيم عيسى سر تركه لمنصبه فى ""جوجل العالمية"": حل اليوم المهندس و... #paparazzi",neutral,neutral,Neutral
ويندوز 10 ياتى باصدار جديد من برنامج الرسام: ويندوز 10 ياتى باصدار جديد من برنامج الرسام في اصدار [...]هذا المقال ويندوز 10 ياتى باص...,positive,neutral,Neutral
إيران: الإصلاحيون والمحافظون يتعايرون بـ «غرين كارد»,negative,negative,Neutral
اخبار الكرة السعودية : إيران تفوز بصعوبة على كوريا وتتصدر مجموعتها,neutral,neutral,Neutral
: فرحه مصري لدخول رجل الى الأسلام ! ما شاء الله عليه :),positive,positive,Positive
خاطري اعرف ليش كل الشباب يكرهو جستن بيبر 😂! يعني حتى انا ما يعجبني بس احس عادي,negative,negative,Negative
كيف نفهم الحراك الشعبي في #الأردن مؤخرا ضد اتفاق استيراد الغاز من إسرائيل؟,neutral,neutral,Neutral
: ريال مدريد لم ينهزم في أخر 19 مباراة على التوالي ، أطول سلسلة دون هزائم حاليا من بين فرق الدوريات الخمسة الكبرى,positive,positive,Positive
لازلت في محاربة جستن بيبر واي اغنيه تعجبني اشوف سومو اذا منزلها بصوته💓,negative,negative,Positive
: إطلاق حواسيب Dell XPS 13 بنظام #ويندوز_10 ونسخة بنظام Ubuntu 16.04 LTS#الاخبار_التقنية,neutral,neutral,Neutral
#بالفيديوعروس ترقص بفستان الفنانة العالمية بيونسيه وتقدم عرض أكثر من مذهل .. شاهدها,positive,positive,Neutral
: عاوز اتصل بالسفارات اسألهم انزل بقى من البيت ولا لسه المخاطر الأمنية موجودة؟#ام_خاطر_تبقي_امك_يا_اوباما.#بغدادي,negative,neutral,Negative
من تجارب عملائنا الاعزاء .. نسعد بارائكم وهدفنا ثقتكم ورضاكم 🌼#وسيط_امازون,neutral,neutral,Positive
طريقة تشغيل هاتف أندرويد في الوضع الآمن Safe Mode,positive,neutral,Neutral
الدعاية التجارية ترفع الكتاب ولو كان المضمون تافه او غير مفيد، مثل سلسلة هاري بوتر وغيرها،فبعض الناس تبحث عن ما لا يجعله يفكر,negative,negative,Mixed
": #خالد_المهاوش عن دعم #مصر لـ ""#الأسد"": من يقول غير ذلك كمن يغطي الشمس بغربال"" #سوريا…",neutral,neutral,Neutral
#تويتسو_خبر | برنامج قياس سرعة الإنترنت أصبح متاح على نظام ويندوز 10,positive,neutral,Neutral
ميسي قاعد بيسب دين في البيت.,negative,negative,Negative
: دانيال رادكليف (هاري بوتر) مع كلابه.,neutral,neutral,Negative
: عالم الكرة الصفراء كان يتيما حتى جاء فيدرر و اخرج جمال هذه الرياضة للعالم,positive,positive,Positive
: اغبى هجمه ضايعه في التصفيات 4 مهاجمين وضاعت العراق امام تايلند😂😂#النصر,negative,negative,Negative
استعادة جهات الاتصال المحذوفة بعد التحديث إلى ويندوز 10,neutral,neutral,Neutral
“بيونسيه” وابنتها بأناقة “غوتشي” “ولوران”,positive,positive,Neutral
: حلباكثر من #35_شهيد بإذن اللهبينهم بينهم #9_تلاميذ وعشرات الجرحىبغارات #روسية بصواريخ #ارتجاجية على:(بستان القصر _ ال…,negative,negative,Neutral
: تحرك جهاز #مكافحة_الارهاب اليوم من مطار بغداد بأتجاه #الموصل للقضاء على داعش ومن انتهك #سيادة_العراق#اردوغان #السيادة…,neutral,neutral,Neutral
ساعات غوتشي تهبل شوفيهم عند الحميضي و اشكالهم بسيطه وحلوه ❤️,positive,positive,Positive
باعتبار بشار حيوان لذلك يبدو غيران من الحيوانات واتخذ قرار ازعاجها ....,negative,negative,Negative
ان #بوكيمون_3ds افضل لان الهاشتاق اللي ذكرته مستخدم من قبل,neutral,neutral,Negative
#عادل_علي_بن_علي_سعوديين_يحبونك_1@AdelAliBinAli عشان الصوره ذي ايفون,positive,positive,Positive
: #عاجل : مشكلة في #جوجل_ادسنس لايوجد تحديث بيانات الارباح اليومية#AdSense#الاخبار_التقنية,negative,neutral,Neutral
: طبعا لو حلفتلك اني بدور ع بوكيمون ف أوضه نومك مش هتصدقني,neutral,neutral,Negative
: أمازون تعتزم افتتاح أول مقر لها في الشرق الأوسطحيث اختارت دبي لتكون الوجهة الأولىالافتتاح نهاية العام,positive,positive,Neutral
مات #الرجال الذين لا يستحقون #الموت وعاش #الأنذال الذين لا يستحقون #الحياة #بوكيمون,negative,negative,Negative
جملة قالها السادات أنهت حربا كانت تعد لها إسرائيل ـ,neutral,positive,Positive
: #السعوديه_الاماراتميسي:ماذا فعلت بهم ياصديقي فهد ؟!فهدلميسي: من متى المعرفه 😂😂😂😂😂😂#عودة_بطل #فهد_المولد#منتخبنا_اولا #مع…,positive,positive,Neutral
: اللواء شلالقوى مختلفة تريد ضرب الأمن في عدن✔نحن والحزام جهاز أمني واحد✔لايوجد معتقلين دون تهم بالسجون✔وحدات خاصة لملاحقة ب…,negative,negative,Neutral
في بنت ما حطت غنية single lady بعرسها وقت بدا ترمي 💐لصديقاتها السينغلز..صار زوجها بيونسيه يهديها🌷🌹فطلقت بعد فترة وعملت divorce partyعالموضة,neutral,positive,Negative
غوغل مبدعة شي خراافي,positive,positive,Positive
: الحشد يتوعد بالرد على تركيا ..داعش ستنفذ التهديد ..تذكروا كلامي جيدا...داعش والحشد وجهين بعملة واحدة,negative,negative,Negative
ملاك ما ابي ايفون ابي بس تكملين لي المبلغ عشان اشتري لاب للجامعه تكفين مو قادره اجمع 😭💔💔,neutral,negative,Negative
أخبارنا تكنولوجيا | أبل تكسب معركة ضد سامسونغ بشأن براءات - سجلت أبل فوزا غير متوقع على سامسونغ مع إعادة محكمة...,positive,positive,Neutral
قائد ميليشيات بشار الأسد المحلية في حلب : الجيش سيتصدى لأي عدوان تشنه قوات أجنبية على سوريا: زعم اللواء...,negative,neutral,Neutral
دشت علي وحدة كورية تقول شن جق جون جوم بق بققق ترجمة غوغل تقول منو هايا من ياعرب منج لله يا شهد,neutral,negative,Negative
تأكيد المواصفات الرسمية للهاتف نوكيا D1C العامل بنظام أندرويد,positive,neutral,Neutral
: تصوير جوي عالي الجودة يظهر الدمار الهائل في مدينة #حلب نتيجة قصف الطيران الروسي والنظام السوري ...,negative,negative,Neutral
فيديو.. هوساوي يتحدث عن تحدي لاعبي السعودية في لقاء الإمارات,neutral,neutral,Neutral
الأسد يعرض عفوا عن مقاتلي المعارضة إذا استسلموا في حلب: قال رئيس النظام السوري بشار الأسد الخميس إن مقاتلي ا...,positive,neutral,Neutral
أردوغان بسياسته الغبيه بات يسقط كورق الدومينو.... #العبادي_يمثل_العراق,negative,negative,Negative
الحمدلله والشكر كل ذا عشان ايفون,neutral,positive,Positive
أمازون تنافس جوجل بخدمة جديدة مشابهة لخدمة يوتيوب - طريق النجاح,positive,positive,Neutral
يخون #الإسلام ويخذل المستضعفين من #المسلمين في #سوريا ولا يرحم الأطفال اليتامى والنساء الثكالى والعجز ويقول #مصر_لن_تركع! عمرها ما صلت 🙏🏼,negative,negative,Negative
“كيت بلانشيت” أول من ترتدي “غوتشي” 2017,neutral,neutral,Neutral
: لسان حال افراد #المقاومة_الجنوبيةحنا معك يابو فهد عز الاسلام حنا معك وانته تقود المسيرهمهما حصل قدام قدام قدام احوالنا و…,positive,positive,Positive
: أوباما سمح لبوتين بتدمير سوريا بسلبيته وضعفه.. دونالد ترامب سيكون فاعل في تدمير سوريا الى جانب بوتين انطلاقا من حقده ال…,negative,negative,Negative
#متابعات : الرئيس السوري بشار الأسد يقول إنه لا يمكن للجيش السوري أن يحارب المجمو... #الميادين #يكفي,neutral,neutral,Neutral
أوباما يخفض أحكاما بالسجن عن أكثر من 100 مدان البيت الأبيض يوم الخميس إن الرئيس الأمريكي باراك أوباما خفف أح…,positive,positive,Neutral
: بوكيمون ايه يا جدعان الى هاقوم ادور عليه. خخخ دنا مكسل أقوم اشرب بقالى ساعه وعمال ابلع ف ريقى واقنع نفسي انى شربت ... 😃😂,negative,negative,Negative
: #أمازون ترسل رسائل بريدإلكتروني للعديد من مستخدميها لإبلاغهم بأنها قامت بتغيير بعض إعدادات الحساب بسبب بعض التسريبات,neutral,neutral,Neutral
: شاهد مراحل حياة الشحنات من موقع أمازون قبل وصولها إليك.#شي_مرتب 👍,positive,positive,Neutral
#ايقاف_امداد_مصر_بالنفط تلميح واضح لمصر عبير الخليج يشتمون خير اجناد الارض بسبب موقفهم من الارهاب,negative,negative,Negative
: وزيرا نفط إيران والعراق لن يحضرا محادثات إسطنبول البديل,neutral,neutral,Neutral
حل مشاكل أندرويد بعد التحديث الأخير,positive,positive,Neutral
: #أردوغان : إذا كان المرتكب غير مسلم لا يسمونها عملية إرهابية ولا يتحدثون عن الإرهاب اليهودي والبوذي والملحد #تركيا_بوست,negative,negative,Neutral
: استشهاد أخينا أبو عبدالله غوغل من أساد #فتح_الشام في #الجنوب بعد استهدافه بعبوة ناسفة غادرة في #درعا_البلد .هنيئا لك يا اخي,neutral,negative,Positive
المايسترو روجر فيدرر,positive,positive,Positive
: #شرك_الرافضه_في_عاشورالايهمني يعذبون انفسهم حتى تخرج دماءهم فهذا شي بينهم وبين خالقهم مايهمني ان يعتقد غير المسلمين ان هذا هو…,negative,negative,Negative
داعش.,neutral,neutral,Neutral
"فافرينكا عندما سئل عن ما يتمناه لرياضةالتنس في الاعوام المقبلة ؟ رد فافرينكا :""ان يكون روجر فيدرر بصحة جيدة"" .- روجر هو كمال التنس ❤️.",positive,positive,Neutral
: تسريبات #ويكيليكس| #هيلاري_كلينتون: #قطر تدعم #داعش وهذه خطة المواجهة,negative,negative,Neutral
هو فيه واحده جديده دخلت الاسلام اسمها نورهان ابوبكر ؟,neutral,neutral,Neutral
: ضمن عملية #درع_الفرات تمكن الجيش الحر اليوم من تحرير 10 قرى في ريف حلب الشمالي بعد اشتباكات مع تنظيم #داعش وباتوا على أ…,positive,positive,Neutral
بابل // هي ارض من العراق انزل الله هاروت وماروت انزل عليهم السحر ابتلاءا من الله لعباده #مسابقات_وجوائز_سعد@ava_199,negative,negative,Neutral
: أدعى ان هيلاري كلنتون انسحبت من سباق الترشيح للرئاسة الامريكية و ان ترامب هو الرئيس القادم، فقط حتى يشوف ردة فعل الشارع الامريكي.…,neutral,neutral,Negative
أفضل الطرق لإلتقاط الصور لسطح المكتب في ويندوز 10 بدون برامج,positive,neutral,Neutral
أردوغان للعبادي: «اعرف حدودك» ولن نأخذ أوامر بشأن بعشيقة #ريال_مدريد #برشلونة,negative,negative,Neutral
: #تويتر تنزف دولارات ببورصة نيويورك بعد أنباء عن تراجع #جوجل عن «الاستحواذ»,neutral,negative,Neutral
"ألبوم المغنية الأنيقة بيونسيه ""لمونيد"" ليس مجرد ألبوم في الجماعاتاكتشفي المزيد",positive,positive,Positive
: هل يعلم #اردوغان ان العراق امضى اخر 36 عاما في قتال الكرة الارضية بكل دولها ومسمياتها وان ابناء العراق اعتادوا على رائحة البارود…,negative,negative,Negative
أحد يصفقني ويخليني انقلع أذاكر لأن باقي ٣ صفحات ما خلصتها بليز أقروها بلحن لوڤ مي حق جستن بيبر,neutral,positive,Negative
: غوميز : عن ليونيل ميسي - ماذا يمكنني أن أقول عنه؟ ليو لاعب يعرفه الجميع ، يفعل أشياء غير عادية !,positive,positive,Positive
"أبل تحذف تطبيقا شهيرا من ""آب ستور"" وغضب من المطورين #البحرين #الكويت #السعودية #الإمارات #قطر #عمان #المنامة #تكنو…",negative,negative,Neutral
(أومن ينشأ في الحلية وهو في الخصام غير مبين) [الزخرف:18] #ريال_مدريد,neutral,neutral,Negative
بالتوفيق للجميع الله يسعدكم ويرزقكم ويوفقكم 😴💜 #أيفون_البروفيسور,positive,positive,Positive
ترامب يتهم الجمهوريين بالحاق الضرر بحملته: واشنطن (أ ف ب) - اتهم دونالد ترامب الثلاثاء نظراءه الجمهوريين بقلة...,negative,negative,Neutral
: هامر محطيه جستن بيبر... طحتي من عيني,neutral,negative,Negative
: 👦: حبيبتي كلمي اهلك انا خلاص جاييكم بالباب عديل👧 : واخييرا حبيبي جايي تخطبني👦 : لالا بس في بيتكم في بوكيمون جاي اخدو#الا…,positive,neutral,Negative
": #المرصد_الايراني#اقتصاد | هجر 40 ألف قرية في إيران يهدد الأمن الغذائي المحلي""ترجمة خاصة""",negative,negative,Neutral
: #نعنبوزينهلقطة حزينة بـ لمسة خليجية من فيلم هاري بوتر,neutral,neutral,Negative
: العشر الاوائل من محرمقال أبو عثمان النهدي :كانوا يعظمون ثلاث عشراتالعشر الأخير من رمضانوالعشر الأول من ذي الحجةوالعشر…,positive,neutral,Neutral
: يا سيسي هوا انته مش مواطن مصري دي مصر حاجه كبيره خصاره في واحد زيك قد لا تفهمني باللغه العربيه الفصحى فحاولت ان اوضح ل…,negative,negative,Negative
هاري بوتر و كوبري ٦ أكتوبر,neutral,neutral,Neutral
خبر عاجل...بحسب استطلاع لشبكة CNN... هيلاري كلينتون تتفوق على دونالد ترامب في... by #cnnarabic via,positive,neutral,Neutral
برشلونة يتعرض لصدمة جديدة,negative,negative,Negative
دفعة أولى !!ماذا فعل الجند في الأحرار!!ماذا يحصل في الساحة!!هل الورع البارد هو السببكما أثخنت فيهم داعش من قبل لنفس السبب؟!,neutral,neutral,Negative
: غوميز : ما يفعله ميسي في المباريات يفعله في التدريبات بشكل طبيعي للغاية ، نحن شيئا فشيئا في الفريق تعودنا على ما يقوم به,positive,positive,Positive
#أرامكو السعودية أبلغت #مصر شفهيا بالتوقف عن إمدادها بالمواد البترولية,negative,negative,Neutral
: #أردوغان وبوتين يبحثان في #اسطنبول تفاصيل ملف #سوريا,neutral,neutral,Neutral
: ميزات حصرية لهواتف #بيكسل منها مساعد #جوجل الذكي Google Assistant,positive,positive,Neutral
: الرئيس #الروسيفلاديمير بوتين :يشرح كيف انشأ اوباما داعش,negative,neutral,Neutral
ولا تصف بيونسيه عند افخاذه,neutral,neutral,Negative
طيران التحالف والقوة الجوية والمدفعية تحرر جزيرة هيت من داعش ولاية #ديالى ',positive,positive,Neutral
ياخي ترا نفس سالفة ميسي مع ذا المنتخب ، وش ذنب المدرب إذا اللاعبين زلايب ؟؟؟!!,negative,negative,Negative
جستن بيييبر؟؟؟؟؟؟ اهاااااااااا اوكي,neutral,neutral,Neutral
#الصباح_العربيجوجل تكشف عن جهاز بث جديد بجودة عالية,positive,neutral,Neutral
: عمايلك يا سيسي .. لا تلعب مع السعودية يا عميل.. هيا روح صوت لروسيا براحتك ذحين #ايقاف_امداد_مصر_بالنفط,negative,negative,Negative
أدوات مجانية لمنع تجسس ويندوز 10 على المستخدم -,neutral,neutral,Neutral
: الفيديو بتاع فورهاند فيدرر في الجراند سلام يحببك في التنس لو انت مش بتتفرج ما بالك اللي بيحبو التنس زيينا,positive,positive,Positive
: #أردوغان يطبع مع إسرائيل التي تقتل الفلسطينيين ويتحالف مع روسيا وإيران اللتين تدمران معا سوريا وأهلها مع ذلك فهو حامي المسل…,negative,negative,Negative
: في أي دولة تقع مدينة بروج ؟بالقرعة أيفون +7موفقين.,neutral,neutral,Neutral
ابويا خد الهاند فري وخباه منى علشان مسمعش يونس 😆ميعرفش ان فى تطبيق للراديو على جوجل بلاى😂😂😁😂😘 #احمد_يونس_في_صاحبه_السعاده,positive,positive,Negative
قاتل ماجور سابق يعود الى القتل لينتقم من الذي قتل صديقه 🔥 انسخ الرابط وضعه في جوجل كروم,negative,negative,Neutral
: عودة المواجهة المسلحة بين أكراد إيران والحرس الثوري الإيرانيرابط الموقع الجديد:,neutral,neutral,Neutral
: الحمد الله وبعد مشوار طويل عن بحث #بوكيمون جارى التحميل 💪💪,positive,positive,Positive
: اتهامات لحملة كلينتون بسرقة شعار بشار الأسد,negative,negative,Neutral
: #العبادي_يمثل_العراق وكلنا سنكون معه في حالةطرد السفير التركي من بغداداصدار اوامر للجيش والحشد بضرب قاعدة بعشيقة التي يتمر…,neutral,neutral,Positive
أوباما يرفع العقوبات عن بورما - تنفيذا للالتزام الذي تعهد به الرئيس الأمريكي باراك أوباما لوزيرة خارجية ميانمار...,positive,neutral,Neutral
: #الصرخي_يكشف_زيف_المدلسينانحرف السنة والشيعة بسبب داعش والسيستانيمقتبس من بحث (السيستاني ما قبل المهد الى ما بعد الل…,negative,negative,Negative
: ما هو تقييمك لأداء دونالد #ترامب و هيلاري #كلنتون.. في #المناظرة_الثانية؟ #كلينتونvsترامب,neutral,neutral,Neutral
"تحليل المباراة بقلمي :DFilGoal | كيف نجح الفراعنة في الفوز على الكونجو بـ""اقتباس من برشلونة"" via",positive,positive,Neutral
هطف؟؟ طلع مع بيونسيه في جولتها وجاب ناز في البومه اللي صار رقم ١ وتقول هطف؟؟,negative,negative,Negative
ذاكرى من التسجيلات مع الورق اللى معاكى ....وافتحى ترجمه جوجل علشان لو فى كلام عاوزه تترجميه,neutral,neutral,Negative
: من اقـــوال الرسول:أفضل الشهور بعد رمضان شهر الله المحرم وأفضل الصلاة بعد الفريضه صلاة في جوف الليل..,positive,positive,Positive
: الخاطرة الثالثة / إقرار موضوع كفاءة النسب وتبريره شرعا يعطي مستمسكا لمن أراد الطعن على الإسلام بحيث يكون أحد الشبهات للتنفير…,negative,negative,Negative
ما لا تراه على التلفاز منافسة شديدة بين المرشحين #هيلاري_كلنتون و #دونالد_ترامب,neutral,neutral,Neutral
عن عائشة رضي الله عنها قالت: كان النبي صلى الله عليه وسلم يعجبه التيمن في تنعله وترجله وطهوره وفي شأنه كله. #ريال_مدريد,positive,positive,Positive
"شاهد بشار الأسد يسخر من ""القبعات_البيضاء"".. شاهد الرد القبعات البيضاء قصة.. شار",negative,negative,Neutral
أوباما: بيريز أكد أن العدالة هي روح الفكر الصهيوني: ألقى الرئيس الأمريكي، باراك أوباما، كلمة خلال مراسم دفن ا...,neutral,neutral,Negative
": تصريح سابق لفينغر :""ميسي لاعب بلاي ستيشن هو وحده الذي يجعل الأشياء المستحيلة ممكنة""",positive,positive,Positive
: مقالات | #مصر..والطلاق مع #السعودية بات بائنابقلم: عبد الباري عطوان,negative,negative,Negative
: هل تقاضي عائلات #ضحايا_الإرهاب شركات التواصل الاجتماعي والحكومة الأمريكية؟#قانون_جاستا #جاستا[i]نثير الأسئلة #نثري_الت…,neutral,neutral,Neutral
: اللهم لا تخرجنا من رمضان إلا وقد أصلحت حالنا ، وأسعدت حياتنا ، وغفرت ذنوبنا ، وتقبلت صلاتنا وصيامنا ، وحققت لنا ما نتمنا…,positive,positive,Positive
: مثلما ادخلت الارهاب الى سورية ودعمتهم بالمال والسلاح .لتشرعن تدخلها بسورية بحجة محاربة الارهاب وطائراتها تقصف الج…,negative,negative,Negative
: اللهم كن لإخواننا في سوريا،ستمائة ألف قتيل،وقيل مليون،بالإضافة ل ه مليون مهجر،لله كم جرت الثورات على المسلمين من فساد،دفعه…,neutral,negative,Negative
من قال بأن غـوغل ليست شركة رائعة ؟,positive,positive,Neutral
برشلونة: اللاعب جوردي البا يغيب عن الملاعب لأسبوعين,negative,negative,Neutral
: غوغل لا تعين أحدا فوق الـ40 عاما للعمل لديها,neutral,neutral,Neutral
كفو ي جستن بيبر 😂,positive,positive,Positive
: عاشت فلسطين حرة عربيةوإنها لثورة حتى تدمير حلب وعدن وصنعاء وبغداد والموصل😂😂😂بعدين نشوف فلسطين,negative,negative,Positive
ووووه❤❤❤❤❤❤❤❤' أفضل من سيسي,neutral,positive,Positive
: بالصور: أهل الأحواز يتحدون إيران ويتضامنون مع حلب -...,positive,positive,Neutral
: داعش لم ينعشها الا المال السعودي والقطري وكذلك فتاوى الاخوان والوهابيه ..قرضاوي قطر وال الشيخ مكه وبقية علماء السلطان .,negative,negative,Negative
"اتهام شركة ""أبل"" بالاحتيال على المستخدمين #اتهام_شركة_""أبل"" #بالاحتيال_على_المستخدمين",neutral,neutral,Neutral
#افضل_طقم_لروجر_فيدرر طبعا كل طقم على المآيسترو يزيده فخاآامةة.. بس هالطقمين الأجمل 💙💜,positive,positive,Positive
الخلاف حول سورية يطيح زيارة بوتين الفرنسية,negative,neutral,Neutral
مدري ليه امازون هم الوحيدين اللي عجزت احفظ الباسوورد حقي عندهم🙄حرفيا كل دخول اطلب استعادة 😂,neutral,negative,Negative
#صور: تعرف على الشركات الأعلى قيمة في العالم#اقتصاد,positive,neutral,Neutral
: هجوم بطائرة بدون طيار يصيب جنديين #فرنسيين بجراح خطيرة بــ #العراقرابط الموقع الجديد:,negative,negative,Neutral
: أنهى لاعبي ريال مدريد الدورة التدريبية الثانية لهذا الأسبوع وشهدت تدريبات اليوم مشاركة إيسكو، كيلور نافاس وكوفاسيتش في التدريب…,neutral,neutral,Neutral
: #افضل_مباراة_تنس_شاهدتهافيدرر ضد جوكوفيتش نص نهائي فرنسا ,positive,positive,Neutral
: حقهم يا علي داعش يكرهوك لان ربهم هبل و انت حرگت ربهم,negative,negative,Negative
قولوا لي انتم مين بقى ما سوا كومباك كل من هب و دب سوا كومباك عدا توني ون كأن واي جي ملبسهم عباية هاري بوتر السحريه 🔥,neutral,neutral,Negative
#افضل_طقم_لروجر_فيدرر جميع الاطقم على المايسترو فخامه ولاكن ناخذ بعضا منها,positive,positive,Positive
#السيسي يفضل سيسي وخسيس,negative,negative,Negative
مواجهة ودية مرتقبة بين برشلونة وأهلي “عبد الشافي” في الثالث عشر من ديسمبر #الأهلي,neutral,neutral,Neutral
يارب عادل علي بن علي يهديني ايفون ٧ بلس🙃😁,positive,positive,Positive
: بوكيمون ولحقتوه عيل المسيح الدجال عمياني بتتبعونه 😔😔😔😔,negative,negative,Negative
ما هي قصة “مايكل ساندفور” الذي حاول اغتيال دونالد ترامب ؟,neutral,neutral,Neutral
اقوى نسخة ويندوز فى العالم 400 نسخة فى اسطوانة واحده ويندوز 7+8+8.1+10 بجميع اللغاتمن الممكن لك ان تكون حملت...,positive,positive,Neutral
ويعمل برنامج سيسي شوووو 😂😂😂,negative,negative,Negative
: تبقت ساعة وعشر دقائق على المناظرة الرئاسية الثانية بين دونالد ترامب وهيلاري كلينتون.,neutral,neutral,Neutral
مصر صوتت لقرار وقف القتال كون امريكا عاوزه تخرج الملشيات المسلحه مصر قالت ملهمش دور في مستقبل سوريا لسه هنعيد,positive,positive,Negative
يالله الله يعين لازم نرجع الكفرات اللي شريتها من امازون والاكسسوارات اللي طلبتها 😔 .,negative,negative,Negative
: هيلاري كلنتون يوم اهي بنت في عام 1969,neutral,neutral,Neutral
لما غيرت نظارتي خليتها دائرية كان كل البيت يتطنز علي وصرت هاري بوتر وكل شي والحين كل شوي جاي عندي احد يجربها بيشترون مثلها,positive,positive,Negative
اردوغان بنى تركيا اقتصاديا وسياسيا و سياحيا وامنيا اما العبادي دمرها طائفيا وعداء لجيرانه العرب وقتلا باهله فرق بين الاثنين.,negative,negative,Negative
بالعكككس .. ماشفتي مباراة ريال مدريد وتشيلسي كيف كان الحضور ! 😃,neutral,negative,Negative
معاذ .. اخوي تعامل مع مناوله ويمدحه ياخذون 20 ريال على الطلبيه ويتعاملون مع امازون فقط .. يمكن ينفع لك,positive,negative,Mixed
ترى انت واحد بس من ضن اليمنين الشرفا اللي ما صاروا كلاب إيران ، إيران دمرت العراق سوريا والان انتم وتكذب عليكم,negative,negative,Negative
: اجابة السؤال الثاني : الرياءصاحبة الاجابة الصحيحة .. مباركالسؤال الثالث بعد قليل ( ولا يحتاج جوجل )#سؤال_وجواب,neutral,neutral,Neutral
اخر صيحات الموضة حقائب غوتشي لربيع 2017,positive,neutral,Neutral
#مليارات_العمره_علي_هوي_مصربحب مصر وشعبها وبكره السيسي وإسرائيل وهييهيا سـيـسـي يا خـايـن هيقـلـيك يـوم وتـنـدم وهييهلحن بصوت شعبولا 😜💃,negative,negative,Positive
: جهاد الخازن: هيلاري كلينتون فازت بالمناظرة التلفزيونية الثانية مع دونالد ترامب كما فازت بالمناظرة الأولى,neutral,neutral,Neutral
: أوباما قال للملك عبدالله لديكم مخزون نفطي عظيمفقال الملك عندنا أكبر من ذلك عندنا الكعبةفي إشارة إلى جيش الكعبة #جاستا_…,positive,positive,Neutral
"والان تعترف بخطأها ولكن تخطئ مرة اخرى وتقول انها ستقوم بتسليح ""الكرد"" ضد داعش وهذا سيؤدي لاستمرار الحروب الاهليه بينهم البين .",negative,negative,Negative
: MD | سيعود ميسي للتدريبات مع المجموعة يوم الخميس و من المتوقع أن يحصل على التصريح الطبي يوم السبت,neutral,neutral,Neutral
كنت ادور على هاري بوتر ولقطت😏😏,positive,positive,Negative
شاهد.. طفلة سورية مغطاة بالدماء تصرخ بحثا عن والدها بعد قصف منزلها #مصر,negative,negative,Neutral
: بعد فوز #السعودية على #الإمارات .. ترتيب المجموعةالتفاصيل:,neutral,neutral,Neutral
بشرى حل مشكلة جامع خادم الحرمين الشريفين في ويندوز 10,positive,positive,Neutral
: جاستا#مارتن ويلز خبير انتاج الأفلام في تزوير مقاطع الإرهاب ويكشف أسرار مهمته للصنداي تايمزUSAوخدمة داعش برعاية,negative,negative,Negative
انا كمان اتابعها بس في الفترة الاخيرة سارت كلها بوكيمون,neutral,neutral,Negative
حل مشكلة قيد الانتظار Waiting في iOS #ايفون_٧,positive,positive,Neutral
: عاصمة الأمويين.. طاعون اللطميات الشيعية يغزو جسدهاتقرير: ناصر عدنان #أورينت #سوريا #إيران #حزب_الله,negative,negative,Negative
هنا سيسكن #باراك_أوباما بعد مغادرته #البيت_الأبيض!,neutral,neutral,Neutral
: السعودية تدعو لخفض انبعاثات غازات الاحتباس الحراري.. وتؤكد اعتمادها العديد من الاستراتيجيات,positive,neutral,Neutral
: لماذا نستغرب من فعل #الجولاني مع #جند_الاقصى ألم يسبقه من قبل أميره في القلمون أبو مالك التلي حين آوى #داعش وحماها كذلك…,negative,negative,Negative
"وزير #الخارجية_الفرنسي إيرولت يؤكد لحجاب ضرورة انفصال #المعارضة_السورية عن ""#النصرة""",neutral,neutral,Neutral
الرئيس الأميركي باراك أوباما يكرم فرق الأولمبياد…: رحب الرئيس الأميركي باراك أوباما بفرق الأولمبياد وأولمب...,positive,positive,Neutral
اذا جالك تف علية و متخليهوش يتحمل و اوقف التحديث الآلي.نظام أندرويد 7.0 نوجا يعاني من مشكلة الاستقرار,negative,negative,Negative
اسرع من كهربا و رمضان مجتمعين و اسرع من صلاح كمان رغم كرهي ليه بس هو بيناسب الخطة الدفاعية بتاعتنا,neutral,positive,Positive
انشاء اختصارات للجمل التي تستخدمها كثيرا أثناء الكتابة في الأيفون #تطبيقات_ايفون,positive,neutral,Neutral
: لماذا يدافع الاخوان المسلمين عن المملكة ويحاولون تبرأتها من جريمة قصف قاعة عزاء صنعاءمثلهم سارع داعش بتبني الجريمةكيف ي…,negative,negative,Negative
: من ثالث يوم رمضان والسفاره والوزاره مايدرون عنه #طالب_سعودي_مصاب_بامريكا_يحتاج_امر_علاج,neutral,negative,Negative
: كل عام وبلاد التوحيد وفخر الاسلام بعز وشموخ دامت افراحكم يا الشعب السعودي 💚,positive,positive,Positive
: العاهرة الأمريكية (هيلاري كلنتون) تهدد الكويت والسعودية وقطر وتتهمهم بدعم الإرهاب وتتطاول على مساجدنا وديننا الحنيف ht…,negative,negative,Negative
: فيديو بثه إعلام الأسد..#russia#alepقوات الأسد في #حلب برفقة عناصر من جيش الاحتلال الروسي.#سوريا#تداعي_الأمم,neutral,neutral,Neutral
: #قوتنا_فى_وحدتنا تواجه بلادنا موجات خطرة ومتعددة في وقت إنشغالنا بحربنا ضد الحوثيين وحربنا ضد الارهاب فلنكن قوة موحدة ضدها…,positive,positive,Positive
: اردوغان عامل حفلة صغيرة لبوتين المتوحش اللي بيبد الشعب السوري ،بس شكله كده معزمش خاشفجي على الحفلة اتفضل يا خاشفجي المايك…,negative,negative,Negative
٤٢-حيث أن هذا القرار كان يدعو إلى الفصل بين المعارضة المسلحة والتنظيمات الإرهابية فى حلب،,neutral,neutral,Neutral
لبس الحب بيونسيه أكثر من مرة وهذا من أسباب حبي له أيضا.,positive,positive,Positive
منشن العنصريين و افضحهم ... أنا رح منشن دونالد ترامب !,negative,negative,Negative
مرسى ولا سيسي ؟,neutral,neutral,Neutral
: تحديث كبير قادم لبرنامج Paint (الرسام) لنظام ويندوز 10مقطع لإستعراض التحديث👇🏻,positive,positive,Neutral
: متطرف شيعي داعش جنبه تطلع يونيسكو!يريد إسقاط عائشة وأبو بكر وعمر والمذيع يشكره!تعال سقط ط...,negative,negative,Negative
أوباما وميركل يدينان الضربات الجوية في حلب البيت الأبيض في بيان إن الرئيس الأمريكي باراك أوباما تحدث هاتفيا …,neutral,neutral,Neutral
أفضل تطبيقات #أندرويد خلال الأسبوع,positive,positive,Neutral
: #فيتو_العار_الروسي ضد مشروع إنقاذ #حلب يغذي الإرهاب والتطرف ويفقد ثقة العالم في #مجلس_الأمن مؤسف ومخزي أن يكون موقف #مصر ضد #…,negative,negative,Negative
تحبها زي ما بتحب فيدرر و برشلونة ولا هي تحبك زي ما بتحب انت فيدرر و برشلونة ؟,neutral,positive,Negative
: #مايكروسوفت تطلق نسخة معاينة جديدة من نظام #ويندوز 10#الاخبار_التقنية,positive,neutral,Neutral
: وزير خارجية #بريطانيا يدعو للتظاهر ضد #روسيا#حلب #سوريا,negative,negative,Neutral
جوجل تستبدل هانج أوت بتطبيقها الجديد Duo على هواتف أندرويد #البحرين #الكويت #السعودية #الإمارات #قطر #عمان #المنام…,neutral,neutral,Neutral
: مساء برائحة رمضانوذكرى انتصار لسيدنا موسى عليه السلامبها انتصر الحق على الباطل فرعون ..اللهم اكفنا بحلالك عن حرامك ،، وبف…,positive,positive,Positive
باريلارو: إسرائيل أوقفت طاقم سفينة زيتونة بشكل مخالف للقانون,negative,negative,Neutral
: - ريتويت ومتابعة للتغريدة - وادخل السحب على ايفون 7 اسود لامع 128 قيقا - السحب الثلاثاء الجاي,neutral,neutral,Neutral
: Drifty Chase .. لعبة سباق سيارات ممتعة على الهواتف الذكية#ألعاب #آيفون #أندرويد,positive,positive,Neutral
سيسقط سيسي عندم يدرك العبد ان لايوجد شئ يخاف ان يخسرهسيضحي بحياته ليس للنجاه لكن لكي يسقط مسببالكارثه معه في القاعسينسي معناته ويتلذذ بذلك,negative,negative,Negative
: صور من جلسة التحضير لتصوير الأغنية المغربية الجديدة للفنان سعد رمضان مع المخرج وليد ناصيف في المغرب,neutral,neutral,Neutral
: لقد قضي الامر يا داعشفقد جائكم اصحاب البدلات السودجحافل ابطال قوات مكافحة الارهاب تنطلق الى مدينة #الموصل مع اقتراب ساعة…,positive,positive,Negative
: منظمة أوكسفام: #السعودية_ارتكبت_مذبحة بالمدنيين في #صنعاء,negative,negative,Negative
لن ياتيك ايفون ٧,neutral,neutral,Negative
"ترقبوا مفاجأة "" ويندوز 10 "" في 26 اكتوبر الجاري ... مش هتقدر تفتح عينيك !!",positive,positive,Negative
: #شاهد الصورة في حي المشهد، الغارات الجوية دمرت معظم مباني الحي، وهذا هو الحال في معظم أحياء مدينة #حلب المحاصرة.,negative,negative,Negative
: #أوباما : على المواطنين الإسراع في التسجيل في الانتخابات التمهيدية وإعطاء #ترامب درسا قويا,neutral,neutral,Neutral
: قال رسول الله صلى الله عليه وسلم: تحروا ليلة القدر في الوتر من العشر الأواخر من رمضان - صحيح البخاري ﷺ #ﷺ,positive,neutral,Neutral
دونالد ترامب من اكتر الناس الغبية والمجهزة اللي في التاريخ 😂😂😂😂,negative,negative,Negative
اشرايج ف ج-ز؟؟ انييبه بس عشان يغني ٩٩ مشكله ولا يغني مع بيونسيه !!!,neutral,neutral,Negative
: مواقف الحبيبة مصر الدولية مواقف محترمة ويفخر بها كل مواطن عربي وعلى رأسها مواقفها الشجاعة بمحاربة الإرهاب بشكل عام وفي كل…,positive,positive,Positive
ايه اقتباس من جستن بيبر الشاذ اةةة,negative,negative,Negative
#مدرب_سورية: خسارتنا أمام #المنتخب_القطري ليست مؤثرة,neutral,neutral,Neutral
منصور الموسى يكفي إنه لعب بكأس العالم مع النصر وأمام ريال مدريد,positive,positive,Positive
: نايف الشعلان إللي تشتريه بالرز يبيعك بالفول #مصر_تصوت_لصالح_المشروع_الروسي #سوريا,negative,negative,Negative
: #فرنسا وكي مون يدعوان لإحالة جرائم الحرب في #سورية إلى الجنائية الدولية,neutral,neutral,Neutral
: جوارب/دلاغات من ادفى ماشريتشريتهم للوالد والوالده السنة الماضية جدا مريحهوبعضهم فيهم ربل من تحت#امازون الامريكي,positive,positive,Negative
: إصابة جنديين فرنسيين في انفجار طائرة بدون طيار بـ #العراق,negative,negative,Neutral
راشد #الغنوشي: لم نسمع أن بشار #الأسد أعلن عن توبة وتراجع عن نهج سفك دماء السوريين | تونس الآن,neutral,neutral,Negative
يعني مش هاري بوتر زي ما الامورة دي ما بتقول 😂,positive,positive,Negative
إيران تغيير التركيبة السكانية في بلوشستان - أحوازنا العربي #الجزاير #تونس #ليبيا #المغرب #السودان #موريتانيا,negative,negative,Neutral
برشلونة مهتم بالتعاقد مع موهبة تشيلسي الدفاعية: لا مستقبل مضمون له في ستامفورد بريدج,neutral,neutral,Neutral
كنت بعيط لما حلقة بوكيمون تفوتنى ياريت نرجع اطفال تانى,positive,positive,Negative
: لا فرق بين بشار و #السيسي إلا أن أحرار مصر أبيدوا بسرعة وخدعت الأكثرية،أما السوريون فيعرفون الجزار فصبروا رغم فظاعة الإرها…,negative,negative,Negative
أوباما يلاحق محمد بن سلمان !!: via,neutral,neutral,Negative
لاغارد تتعهد بتسريع المباحثات المالية مع إيران البديل,positive,neutral,Neutral
: صحفية اسرائيلية للسيسى: تبيعلنا سينا بكام يا سيسى,negative,negative,Negative
#دولة_الخلافة القوات العراقية تفكك العبوات الناسفة التي خلفها داعش بجزيرة الرمادي `,neutral,neutral,Neutral
أبل تنتصر على سامسونغ وتربح 120 مليون دولار#موازين_نيوز,positive,positive,Neutral
: هناك ضوء اخضر امريكي لوضع عراقيل قبل تحرير #الموصل، والهدف الامريكي يرتكز على اخراج #داعش من الموصل الى #سوريا بسلام.…,negative,negative,Negative
قال رسول الله صلى الله عليه وسلم:أفضل الصيام بعد رمضان:شهر الله المحرم وأفضل الصلاة بعد الفريضة:صلاة الليل -- حديث صحيح #قيام_الليل #Hadith,neutral,neutral,Positive
اخخخ يا فيدرر ❤️❤️❤️ .... عطوني افاتارات له,positive,positive,Negative
: يتفنون في الكفر..وصول النبي نوح (حاشاه) إلى #كربلاء للتعزية بمصاب #الحسين بمناسبة #عاشوراء#العراق #الحشد_الشعبي #الس…,negative,negative,Negative
: 🔴🔴للبيع بوكيمون🔴🔴🔴🕳🕳🕳🕳🕳🕳🕳🕳🕳🕳🕳🔴,neutral,neutral,Neutral
خاصية Doze للمحافظة على شحن بطارية الهاتف لأطول مدة ممكنه,positive,positive,Neutral
: #إيران.. إعتقال الشباب من أهل #السنة في المناطق الكردية. #الاعتقال #القمع,negative,negative,Negative
قناة الشرعية : في عمق الحدث تقديم الاعلامي / عمر المرشد  … #الحوثيين #ايران #Iran #حزب_الله #yemen #عدن #العراق,neutral,neutral,Neutral
في زمنالآيفونالأنترنتبرشلونةديورهاري بوترديزنيبوينغماكدونالد نحن لسنا أمتدادا لأحدبل أمتدادا لرغباتنا وحاجاتنابالحضارة الكونية,positive,positive,Neutral
"عاجل حلب || يحدث الآن تحليق كثيف للطيران الحربي و غارات عنيفة جدا محيط حي "" الزهراء "" و حلب القديمة",negative,negative,Neutral
اخبار برشلونة اليوم Sunday 9/10/2016 : موعد الكشف عن قائمة الكرة الذهبية,neutral,neutral,Neutral
وديع اليمني-تلاوة جميلة من تراويح الليلة ١٣ من رمضان ١٤٣٧هـ بجامع الراشد... عبر,positive,positive,Neutral
هذي مو حق جستن بيبر؟ خرا الاغنيه,negative,negative,Negative
“غوغل” تتحدى “أبل” و “سامسونغ”: أعلنت جوجل يوم الثلاثاء عن هاتف ذكي جديد باسم “بيكسل” وجهاز للواقع الافتراضي...,neutral,neutral,Neutral
: #العبادي_يمثل_العراقنحن ننتقد #العبادي لكن لن نتخلى عنه عندما يكون الدفاع عن الوطن.انا معك يا ابو يسر ضد قردوغان .#العر…,positive,positive,Mixed
: الناصح الأمين ساحق الجماجم مشوه الوجوه الذي يرى ما تفعله داعش صناعة للحياة يدعو السعودية للتحالف مع هؤلاء ↓,negative,negative,Negative
: هذه الصور مهي لحظة خروج البنات من مصلى نساء بتراويح رمضانبل لحظة تجمهر بنات حول مشهور من سرابيت سناب للاسفحسبي الله #ح…,neutral,neutral,Negative
#المعلم: #سورية مصممة على تصفية الإرهاب والتوصل إلى حل سياسي للأزمة فيها ||,positive,positive,Neutral
وهل يعتقد أوباما بأن قرارته المجنونة بمثابة الكتب المنزلة من السماء ، فليخسأ هو ومن معه ، ادحروا عدوكم واخذلوه أيها العرب ، إنما هو عار .,negative,negative,Negative
أوباما يبحث مع مساعديه خيار القوة في سوريا: يلتقي اليوم الرئيس الأميركي باراك أوباما مجلسه للأمن القومي لبحث ...,neutral,neutral,Neutral
: بين لندن ونيويورك.. السعودية تبدأ مفاوضات لبيع أول سندات على المستوى الدولي Via,positive,neutral,Neutral
تغيب طفلة باكستانية ب#رأس_الخيمه #ريال_مدريد #برشلونة,negative,negative,Neutral
: سحب على ايفون 7 برعاية شركة (مكشات للرحلات)السحب بعد 3 ايامشروط السحب : رتويت+متابعة حسابنا,neutral,neutral,Neutral
: #واشنطن تخفف عقوباتها المالية ضد #إيران,positive,neutral,Neutral
": #أماني_العجلان_عار_على_السعودياتأماني العجلان ترفض اسقاط الولاية لأنها ""ترفض الجزئية التي تمس الإسلام"" اذا مره تحبين الإسلام…",negative,negative,Negative
لو كنت مكانك معالي الفريقساقترح على شيوخ الخليجارسال شاب خليجي(حليوه) ليتزوج جيلسي بنت هيلاري كلنتونمافيش حداحسن من حد,neutral,negative,Negative
أفضل تطبيقات أندرويد لهذا الأسبوع,positive,positive,Neutral
نزلت ويندوز 10 ولسه بقول هييه لقيته 32 bit والجهاز 64 ,negative,neutral,Negative
"الجزيرة: ""يوم الغفران"".. عيد يهودي يشل إسرائيل: يعد ""يوم الغفران"" أحد أهم الأعياد الدينية اليهودية، وهو اليوم...",neutral,neutral,Neutral
فيدرر ضد بينيتو في بطولة ويمبلدون 2012.. #افضل_مباراة_تنس_شاهدتها,positive,positive,Neutral
: صور مؤلمة لأطفال جرحى أصيبوا بالقصف الروسي على الأحياء السكنية في #حلب ..القهر .. الألم .. الوجع .. أضحت مفردات عاجزة…,negative,negative,Negative
تابعتي سلسلة هاري بوتر؟,neutral,neutral,Neutral
بموووووت بيونسيه,positive,positive,Positive
: أكثر من ثلاثة ملايين سوري يعملون في الخليج، وقد ساهموا في بناء سوريا من أموال الخليج. كم سوري يعمل في ايران وماذا قدمت للسوريين…,negative,negative,Negative
قروب مايمديك تختارين على كيفكالحريه بجلس اخربط فيها اكثر شيء يكتبون عنه اكتبيه في غوغل وابد أنبشي بس لايكون قروب نفسي؟,neutral,neutral,Negative
: أسرع هاتف #أندرويد في #الولايات_المتحدة#اسأل_أكثر,positive,positive,Neutral
: #أوباما : نحن أمام شخصين أحدهما مؤهل ليكون رئيسا والآخر لايمكن أن يكون رئيسا بالمرة #ترامب يفتقد المعرفة والحنكة وليس مؤهل…,negative,negative,Negative
سيناتورأمريكي:على #أوباما الرد على #إيران الحوثيين بسرعة وبشكل حاسم #إرهاب_إيران,neutral,neutral,Neutral
3 تطبيقات ويدجت مفيدة لمستخدمي أندرويد: البوابة العربية للأخبار التقنيةنستعرض معكم في هذا الموضوع 3 تطبيقات...,positive,positive,Neutral
": ملايين اليهود الأمريكيين يستعدون لاحتجاج واسع ضد ""إسرائيل""",negative,negative,Neutral
ﻫﻞ ﺗﻌﻠﻢ :-ﺃﻥ ﺷﺮﺏ الحليب ﻳﻮﻣﻴﺎ ﻳﺴﺎﻋﺪﻙ ﻋﻠﻰ ﺍﻟﺘﺨﻠﺺ ﻣﻦ الحليب ﺍﻟﻤﻮﺟﻮﺩ ﻓﻲ ﺍﻟﺒﻴﺖ ؟-ﺃﻥ ﺍﺳﻢ ﺑﺎﺭﺍﻙ ﺃﻭﺑﺎﻣﺎ ﺍﺫﺍ ﻋﻜﺴﺘﻪ...,neutral,neutral,Neutral
: ادخل عالما من الأناقة والجودة الإيطالية مع غوتشيتسوق الآن: #قوتشي #الخليج #احذية #تسوق #Mar…,positive,positive,Neutral
الاصابه حدثت من رمضان وعملت اشعه قالو تمزق واستمرت الالم لين قبل شهر كشفت بين الكسر .. الجبيره لها تقريبا ٣ اسابيع,negative,negative,Negative
#معلومة_بسيطة#التحميل من #جوجل بلاي بسهولةمعظمنا يعاني من مشكلة الحظر الذي تفرضه غوغل على بعض المزودات السورية...,neutral,neutral,Neutral
جوجل تعمل على دمج نظام أندرويد في السيارات,positive,neutral,Neutral
هؤلاء صناعة المخابرات الامريكيه كما ذكرت هيلاري كلنتون !! وداعش ايرانيه !!,negative,negative,Negative
: جوش إيرنست: العراق دولة ذات سيادة وهذه أراضي ذات سيادة والتحالف ضد داعش يعمل هناك بدعوة منهم وسنواصل العمل بالتنسيق مع ال…,neutral,neutral,Neutral
إن شاءالله قريب فتح حلب,positive,positive,Positive
: تسريبات ويكيليكس| هيلاري #كلنتون: #قطر تدعم #داعش وهذه خطة المواجهة لتفاصيل أكثر,negative,negative,Neutral
"#رياضة شقيق بوسكيتس يعمل ""بوابا"" في برشلونة",neutral,neutral,Neutral
اغنية بيونسيه who run the world ترفع الأدرينالين بشكل غير طبيعي 🔥🔥 .,positive,positive,Positive
دعوات للاحتجاج بالأردن على اتفاق الغاز مع إسرائيل: أطلق ناشطون أردنيون دعوات شعبية لإطفاء الأضواء بالمنازل وا...,negative,negative,Neutral
اقترح وزير الخارجية الأميركي جون كيري على المعارضة السورية المشاركة في انتخابات تشمل الرئيس بشار الأسد، وقال إن...,neutral,neutral,Neutral
: معلومةكان صوم يوم عاشوراء واجبا في الابتداء قبل أن يفرض رمضان فلما فرض رمضان فمن شاء صام عاشوراء ومن شاء ترك.,positive,neutral,Neutral
: سـاعـة الإشتيـاق ليس لهـا عقـارب .. ومع ذلك تلدغـك في كـل ثانيـة تعيشهـا#قروب_خواطر_للدعم#قروب_فيدرر_للدعم,negative,neutral,Neutral
توران: رفض برشلونة عرضا بقيمة 50 مليون يورو من أجلي #برشلونة #توران #تركيا,neutral,neutral,Neutral
#افضل_مباراة_تنس_شاهدتها فيدرر و نادال ويمبلدون 2008 فيدرر وجوكوفيتش ويمبلدون 2014 نادال وجوكوفيتش استراليا 2012 وفرنسا 2013,positive,positive,Neutral
يحل ف شرع مين يا امة الاسلام 🎶📣,negative,negative,Negative
كشفت شركة جوجل عن مزايا عديدة في هاتف بيكسل الذكي الذي طرحته، منذ أيام، بهدف منافسة أبل وسامسونج.إحدى هذه ا...,neutral,neutral,Neutral
: #افضل_طقم_لروجر_فيدرروفي الطقم البنك,positive,positive,Neutral
اليوم العالمي للفتاة .. سورية من سلطة العظيمات إلى حكم الغلمان,negative,neutral,Negative
جوجل بيقول اتفق مع حد يخضك أو اتفرج على فيلم رعب 😀😀أ,neutral,positive,Neutral
اغنية سوري جستن بيبر وصلتها في أسبوعين بس,positive,positive,Positive
يعني بقول اهلي و ريال مدريد و مانشستر يونايتد و القي حد عامل رتويت الزمالك اية القرف ده,negative,negative,Negative
: ياقلبي يا اسود الرافدين احسن شي في العراق يلعبون من اجل الشعار ويقاتلون عليه هاردلك من القلب #العراق_اليابان,neutral,positive,Positive
: صديقي انت : من خلال صفحتك انت تمثل الإسلام فلا تنشر إلا ما يرضي الله، وكن مفتاحا🔓 للخير، مغلاقا🔒 للشر 🌴🌴🌴 ❤,positive,positive,Positive
: بان كي مون: بشار الأسد تسبب بمقتل 300 ألف سوري,negative,negative,Negative
: #الأهلي يواجه #برشلونة.. والجماهير تزور سراج,neutral,neutral,Neutral
نستعرض معكم في هذا الموضوع 3 تطبيقات ويدجت بسيطة ومفيدة لنظام #أندرويد#نصائح_تقنية,positive,neutral,Neutral
: لأول مرة ومن ١٣ سنةروجر فيدرر و رافا نادال خارج الـ Top4 في التصنيف العالمينهاية حقبة؟,negative,negative,Neutral
إبتكار #أبل المذهل، تنفذه الشركات المنافسة #تكنولوجيا,neutral,positive,Positive
بيض الله وجهك يا شمرية العراق و الله يكثر من امثالك 💚,positive,positive,Positive
: عشرات الضحايا في #قصف_روسي عنيف على أحياء #حلب الشرقية تقرير طارق اللبان,negative,negative,Neutral
"نوكيا.. عملاق فنلندي ""حطمته"" أبل وسامسونغ",neutral,neutral,Negative
استعد لهاتف Moly X1 بنظام ويندوز 10 بدعم من منصة Indiegogo -,positive,positive,Neutral
هم يتغزلون و انتي مثل بومه هاري بوتر توصلين الكلام,negative,positive,Negative
المعارضة تسترجع مواقع في #حلب.. والمعارك تتواصل #سوريا,neutral,neutral,Neutral
أبل تفوز على سامسونج.. كيف؟!: المواطن – وكالات فوز غير متوقع سجلته “أبل” على “سامسونج”، وذلك مع إعادة محكمة ا...,positive,positive,Neutral
: #اليمن | استهداف القوات #السعودية في #جيزان والربوعة بصواريخ الكاتيوشا,negative,negative,Neutral
هاري بوتر؟,neutral,neutral,Neutral
عن أبي هريرة رضي الله عنه أن رسول الله ﷺ قال ( من قام رمضان إيمانا واحتسابا غفر له ما تقدم من ذنبه ) متفق عليه,positive,positive,Positive
: أمريكا أبادت الهنود الحمر، ودمرت السهول الخضر، ولوثت السواحل الزرق، واحتلت الأراضي الصفر، ثم تصدقون أنها تكافح الإرهاب.,negative,negative,Negative
: الثاني أن سقوط الأسد سيفتح الباب أمام الإخوان ليكونوا طرفا في حكم سوريا. الأمر الذي قد يعطي دفعة لإخوان مصر، ويشكل ضغطا على ا…,neutral,neutral,Negative
15 دقيقة لشحن هاتف غوغل الجديد ومميزات أخرى... #تكنولوجيا - #اخبار #معلومات,positive,neutral,Neutral
لاول مرة منذ 13 عام يكون روجر فيدرر و رافا نادال خارج المراكز الاربعه الاولى في تصنيف الاتحاد العالمي للتنس !!,negative,negative,Neutral
الميدان أول جريدة مصرية مستقلة - بشار الأسد : مهمتي هي السيطرة على كل سورية,neutral,neutral,Neutral
"الإعلامي #محمد_الغيطي لـ""#السعودية"": احنا الحضن بتاعكم#شاهد الفيديو عبر ◄",positive,positive,Positive
: قامت الدنيا ولم تقعد في حادثة قصف الخيمة في صنعاء، بينما حلب بأكملها تدمر على رؤوس ساكنيها بنسائهم وأطفالهم وكهولهم، ولم…,negative,negative,Negative
قياس سرعة الانترنت Speed Test متوفر الان على ويندوز 10,neutral,neutral,Neutral
اتفق معك بأن مرسي و سيسي شأن مصري و سعودي سياسيا بتأييد واضح للسيسي والدولة تعرف من معها و من ضدها,positive,positive,Mixed
انقذوا اخوكم قبل البحث عن الخطا لانكم لن تجدوه في غوغل موساد اخر زمن ألق نظرة على تغريدة,negative,negative,Negative
: 🔶 الخارجية الاميركية: جميع القوات الدولية الموجودة في العراق يجب ان تكون بموافقة الحكومة العراقية وتحت مظلة التحالف.,neutral,neutral,Neutral
: الجيش الحر السوري يرسل رساله لروافض #العراق و #إيران و #لبنان ♦️هذا مصير ونهاية من يدخل #حلب الحريه حلب الإسلام👌 #سوريا #بغ…,positive,positive,Negative
أوباما يدرس فرض عقوبات جديدة على سوريا: يدرس الرئيس الأميركي باراك أوباما عقوبات جديدة على سوريا يمكن أن تكون...,negative,neutral,Neutral
تطبيقات جوجل,neutral,neutral,Neutral
: عزاز علينا بيونسيه & ندى القلعة*بغض النظر عن عيبينا القالتها بيونسيه دي*..,positive,positive,Negative
: هيئة المفاوضات: #روسيا و #إيران دولتا احتلال وندعو الجمعية العامة للأمم المتحدة لبحث وضع #سورية,negative,negative,Neutral
إسرائيل تستعد لـ «الغفران» ورام الله تعيد المستقيلين,neutral,neutral,Neutral
تتشرف #باري_غاليري بدعوتكم لحضور ومقابلة #نجوى_محمد #خبيرة_التجميل عند نقطة بيع مستحضرات تجميل #غوتشي يوم 30 سبتمبر…,positive,positive,Neutral
: الفشل الأممي في وقف الارهاب السعودي سيؤدي لدعم وإنتشارالإرهاب وسيدفع ثمنه الغرب بأسره!,negative,negative,Negative
أزمة قاعدة بعشيقة.. لماذا ترفض إيران التدخل التركي في العراق؟ البديل:…,neutral,neutral,Neutral
: ليونيل ميسي عبر الانستغرام : هدف صديقي فهد المولد من افضل الاهداف اللتي رأيتها في حياتي سأطلب منه تعليمي الطريقه,positive,positive,Positive
: صحيفة بريطانية تكشف عن خطة #إيران «السرية» للسيطرة على #العراق و #سوريا في آن واحد#بغداد_بوست #العراق,negative,negative,Neutral
: هل يكفي حلب ان نغضب من اجلها !!,neutral,negative,Negative
: الأسطورة روناددو سجل 44 هدف مع المنتخب منذ إنضمامه الى ريال مدريد,positive,neutral,Neutral
: أردوغان استخدم الفيس تايم وليس السكايب.. ثم لماذا لست ندا له؟؟؟ هذا اعتراف منك باستعلائه وإهانته لك، خير لك لو تحذفها كما…,negative,negative,Negative
والله حال العرب يرثى له ،، المفروض كل العرب مع قضيه إخوانا في حلب ، هذا اذا كنت مسلم حقيقي ،،مش كلام بس 😩☹️️ #مليارات_العمره_علي_هوي_مصر,neutral,negative,Negative
": #المرصد_الايراني#اقتصاد | إيران توفر فرص عمل للوافدين على غرار المواطن""ترجمة خاصة""",positive,positive,Neutral
": #المرصد_الايراني#اقتصاد | تهديدات البطالة في إيران مستمرة دون توقف""ترجمة خاصة""",negative,negative,Neutral
الكتاب نازل في غوغل دور تلاقيه,neutral,neutral,Neutral
برضو نصف نهائي الرولان غاروس 2011 نولي وفيدرر لما فيدرر وقف انتصارات نولي وأشر بيده : انا الرقم واحد .. كانت مباراة بنت حرام,positive,positive,Negative
حظر الوزراء البريطانيين من ارتداء ساعة أبل الذكية خوفا من التجسس الروسى #البحرين #الكويت #السعودية #الإمارات #قطر …,negative,negative,Neutral
5 أسئلة احذر أن تسأل غوغل عنها !!!! HD,neutral,neutral,Neutral
#غوغل تضع اللمسات الأخير لمتصفح #كروم_55 لتقليل استهلاك الذاكرة بـ50% -,positive,positive,Neutral
#بلحه_نيته_سوده حاخام يهودي: لهذا السبب يعتمد السيسي على إسرائيل,negative,negative,Negative
كيفية إيقاف إعلانات التطبيقات في ويندوز 10 by #zppq123 via,neutral,neutral,Neutral
: تقارير.. ريال مدريد أفضل من دون راموس,positive,neutral,Neutral
ينادون (حسين) اوباما !!!لانه هو الذي مكنهم من ديار العرب وقد دنى رحيله,negative,negative,Negative
: لما تطلب برنامجو أسالك عن نوع جوالك..ماابيك تقولايفون سكس ذهبي مطرز بفضه قيمته عشرة الاف. ابي اعرف أندرويد ولا ايفو…,neutral,neutral,Negative
ونيكي? يمه امزح لاجد وربي بيونسيه هي الي وحيده تظبط هالشي,positive,positive,Negative
: #ترامب : لو أصبحت رئيسا #لامريكا سوف ارسل #هيلاري_كلنتون للسجن🏃🏽😂 #ثور_قادح 😅,negative,negative,Negative
: احسن له يتصل ل بكي ام شعر حلو. - الشاعره بيونسيه!,neutral,neutral,Negative
إنفوجرافيك.. أبل تتصدر قائمة أعلى الشركات قيمةهاشتاق عربي- تواصل شركة أبل تصدر الشركات ا…,positive,positive,Neutral
انا محتاج ايفون بس ي ملاك ليش حظي نحس كذا):,negative,negative,Negative
ودي البس عباءة الإخفاء حقة هاري بوتر واروح اعيش يوم مع اللي احبهم اشوف كيف يقضون يومهم واشوف ما وراء الكميرا .😩,neutral,positive,Negative
: بعام 2013 تم اختيار جونسو كاشهر فنان اجنبي بالصين عن طريق برنامجBTV المباشر للجوائز و كان جستن بيبر بالمركز الثاني. ht…,positive,neutral,Neutral
: حرام عليهم 😰 ياربي لك الحمد على نعمة الاسلام,negative,negative,Negative
#السعودية #الكويت #البحرين #اليمن #مصر #سوريا هيلاري كلنتون ستنصر التاسلمات على شيخي المجدد بوتين. هذه معركة اتمنى اني اشوفها كع كع كع,neutral,positive,Mixed
: #جمعتنا#POP_A- تدريس ألبومات #بيونسيه في الجامعات.- بعد ٦ سنوات #راشد_الفارس يرجع للجمهور.- اتهام #ليوناردو_دي_كابريو ب…,positive,neutral,Neutral
الأخ سيسي بردو😂😂,negative,negative,Negative
الرئيس السوري بشار #الأسد قريبا في #حلب,neutral,neutral,Neutral
: اللي فوق مصممة أميركية، تمنح الأحذية النايك لمسة أنثوية. هذا حسابها في انستا تقدروا توصوها. تحت غو…,positive,positive,Neutral
: #مصر_تصوت_لصالح_المشروع_الروسيده رئيس مصر اما من يدعى سيسي فهو انقلابى ايدتموه على حساب ارادة المصريين ثم انتم الان تصرخون م…,negative,negative,Negative
تقسيم #سورية في انتظار الحل؟#سوريا #سورية,neutral,neutral,Negative
: كان طائفة من السلف يصومون عاشوراء في السفر، قال الزهري: رمضان له عدة من أيام أخر، وعاشوراء يفوت، ونص أحمد على أنه يصام في السف…,positive,neutral,Neutral
شاهد صورة ولي العهد محمد بن نايف يصافح أوباما تثير ضجة على تويتر,negative,neutral,Neutral
ابنة بيونسيه على خطى والدتها! الصور والتفاصيل داخل المقال#يومياتي #بيونسيه #مشاهير,neutral,neutral,Neutral
إجبار أبل على التعاون على فك شفرة اجهزتها,positive,positive,Neutral
سبق أن كتب د.محمد الرميحيمقالا يحذر به من تدخلالخليج بـ #اليمن !وبعد بدء #عاصفة_الحزم تراجع !الأن مغالطات جديد…,negative,negative,Negative
غوتشي,neutral,neutral,Neutral
بيونسيه 😌👏🏾,positive,neutral,Neutral
ترامب في وضع حرج ويتمسك بالبقاء في سباق الرئاسة: عاش المرشح الجمهوري إلى البيت الأبيض دونالد ترامب يومين صعب...,negative,negative,Neutral
تراث باراك أوباما السياسي! - محمد الرميحي,neutral,neutral,Neutral
: اللهم انصر الاسلام وأعز المسلميناللهم إنك أنت الجبار فاجبر كسرناوأنت المعز فأعزنا بعزكوأنت المنتقم فانتقم لنا ممن عادانا…,positive,positive,Positive
#سوريا لم يعد احد بمحور الممانعه كله يتكلم عن اسرائيل صار هم و اعهتمام المحور كله هو آل سعود ، سبحوا بحمد ايران و نفط ايران يا قوم ..,negative,negative,Negative
هل تحقق روسيا النصر حقا في سورية وأوكرانيا؟,neutral,neutral,Neutral
ابشر بالعوض ولك جوالي ايفون ٧,positive,positive,Positive
": #مصر وشعبها يسكنون في قلوبنا❤️ لكن المدعو ""سيسي"" كان يحتاج لدرس عربي لمعاني الوفاء وحفظ المعروف وهو الدرس الاول له!#إيقا…",negative,negative,Mixed
: تطبيق GIPHY CAM لإنشاء الصور المتحركة وتطبيق التأثيرات المختلفة عليها بكل سهولة#نصائح_تقنية,neutral,neutral,Neutral
: رئيسة يوتيوبكانت حامل بأول ولد عندما انضمت الى غوغلوأنجبت أصغرهم بعدماأصبحت رئيسةيوتيوبغوغل انطلق من كاراج منزلها,positive,positive,Neutral
وفاة 5مدنيين في الحويجة لنقص الدواء بسبب حصار داعش على المدينة #ولاية_الأنبار (,negative,negative,Neutral
: اذا تذكرت انك بتداوم لين ٢٠ رمضان :,neutral,neutral,Neutral
: عيدكم مبارك، وتقبل الله مني ومنكم صيام رمضان وقيامه، وأسأله سبحانه أن يجعل أعياد أمتنا الإسلامية تامة بتماسكها واستقرارها،…,positive,positive,Positive
أعوذ بالله ولا جستن بيبر 😂,negative,negative,Negative
: هكذا تتم عمليات شحن البضائع في مخازن امازون 😍,neutral,neutral,Neutral
الحلقة 209: حل مشكلة عدم عمل الويفي Wifi بعد الترقية الى ويندوز 10,positive,neutral,Neutral
هذا خالد الرويشان الحقير وهو ليس خالد الذي كان وزير هذا نفس العينه القذره ونفس الفشل جاء يهنجم صاحب اردوغان,negative,negative,Negative
#الرياضة لويس انريكي يفكر في إشراك أومتيتي كظهير أيمن: يواجه لويس إنريكي أزمة جديدة تتمثل في اختيار لاعب لشغ...,neutral,neutral,Neutral
: #افضل_مباراة_تنس_شاهدتهاويمبلدون فيدرر ٢٠٠٨,positive,positive,Neutral
كل شي قادر افهمو ماعدا كيف بقعد اردوغان يلي مع الثورة والثوار والشعب السوري مع شخص بقوم بحملة لقتل الشعب السوري!؟ #عهر_الاصدقاء,negative,negative,Negative
غوتشي .. صباح النور,neutral,positive,Positive
"""بايدو آي"" نظارة صينية ذكية تنافس الأمريكية ""غوغل",positive,positive,Neutral
بالتصنيف او بدونهكل لعبة راح تعامل نفس بوكيمونتأليف اسباب لمنعها بدون أسس واضحه او عدل في التطبيقالمشهور=يطبقالمهم لا يدرون عن Persona5😏,negative,negative,Negative
هيلاري كلنتون,neutral,neutral,Neutral
“بيونسيه” وابنتها بأناقة “غوتشي” “ولوران”: حقائب “غوتشي” Gucci تفضلها المشاهير من الكبار والصغار على حد سواء،...,positive,positive,Neutral
متخصصة في الشأن الإفريقي: إسرائيل وتجار السلاح هم المستفيد من اختلاق النزاع في…,negative,negative,Neutral
: #السعوديه_الاماراتافضل رابط للمباره بث مباشر بدون اعلان ادخل للموقع وانزل تحت للفيديو وشغل,neutral,neutral,Neutral
مشاهير || باراك أوباما يشجع إبنتيه على الإلتحاق بالجيش:  صرح الرئيس باراك أوباما Barack Obama  يوم الأربعاء ...,positive,positive,Neutral
أوباما: إقرار جاستا خطأ وسابقة خطيرة: المواطن – نت انتقد الرئيس الأميركي باراك أوباما تصويت الكونغرس بإسقاط ا...,negative,negative,Neutral
ابي ايفووووووووون نفسسسسسسسي بالايفوووووووون اللله يسعددددك 😭😭😭😭😭😭😭,neutral,positive,Positive
زيارة رجب طيب أردوغان إلى إيران ودعم اقتصادهم ب30 مليار دولار,positive,positive,Neutral
اخبار عربية - الحرب في اليمن : صالح يدعو اليمنيين إلى مهاجمة السعودية,negative,negative,Neutral
اشتركت بمسابقات كثير من رمضان وانا اشترك ولا مره احد طاح علي الحين بس ودي اتوظف ادعوووووولي بالوظيفه اكفون,neutral,negative,Positive
قائمة الأكواد المخفية في اندرويد #هواتف_اندرويد,positive,neutral,Neutral
: #عاجل الثوار يقتلون عدة عناصر لقوات النظام بعد تفجير مبنى يتحصنون به على جبهة حي #سليمان_الحلبي شرقي #حلب,negative,negative,Neutral
تنزل بوكيمون قو وتجمع اكبر كمية من البوكيمونات..,neutral,neutral,Neutral
اذا ابدعو فيه مثل هاري بوتر بتصير سلسله عظيمه,positive,positive,Positive
أردوغان يستخف بالعبادي... و «حجمه» - دار الحياة #أخبار,negative,negative,Negative
وساطه أمازون ايبي,neutral,neutral,Neutral
بالصور: باراك أوباما يعايد ميشيل في ذكرى زواجهما الـ 24,positive,neutral,Neutral
"أوباما وميركل ينددان بـ""الغارات الوحشية"" على حلب: دان الرئيس الأميركي باراك أوباما والمستشارة الألمانية أنجيل...",negative,negative,Neutral
Shoppinz: أبل وسامسونج وجها لوجه في المحكمة العليا لوضع حد لنزاع براءات الاختراع,neutral,neutral,Neutral
أسرع هاتف أندرويد في الولايات المتحدةهاشتاق عربي- إذا كنت ترغب في الحصول على أسرع هاتف ي…,positive,positive,Neutral
: بوكيمون ايه اللي اقوم اضور عليه .. ده انا بكسل اقوم اطفي نور الاوضه ..!!🐸💔,negative,negative,Negative
الأسد: لا تعاطي مع الإرهابيين لكن الحوار معهم ممكن إذا كان سيحقن الدماء: الرئيس السوري بشار الأسد يقول إنه لا...,neutral,neutral,Neutral
العراق كبير بأهله العراق بسنته و شيعته العراق بمذاهبه ودياناته هذا النفس الطائفي تكيف عليه بعض الدول,positive,positive,Negative
: سناتور أمريكي شارك في «فيتنام»: سنحاكم بتهم الإرهاب بسبب «جاستا» …#11September #11سبتمبر #الكونغ…,negative,neutral,Neutral
اطقم نسائي ماركات غوتشي و شانيل وشو بارد مع 3 اساور و 3 دبل السعر 260 ريال.للطلب عالواتس 0583128455,neutral,neutral,Neutral
جوجل و ما الجديد ؟!: دخلت شركة غوغل مرحلة جديدة في منتجاتها الإلكترونية الاستهلاكية، بالإعلان عن جملة من الأج...,positive,positive,Neutral
#مليارات_العمره_علي_هوي_مصركل ماجاء طاري السيسي ذكرو اردوغان . . ! قاتل الله السياسه التي ذهب ضحيتها الشعوب العربيه سواء بالذبح أوالشتم,negative,negative,Negative
القوات العراقية تنهي 15 إرهابيا من داعش على طريق بيجي ولاية #نينوى :,neutral,neutral,Neutral
: جايب لكم مسابقة اليوم😍الجائزة : آيفون 7 📱الشروط 👇🏽١- متابعة حساب : ٢- ريتويت للتغريدة هذي .السحب بيتم خلال اسبوع ب…,positive,neutral,Neutral
بنهدد السعودية بالتوجه لايران..متناسين ان هذا التوجه سيحول مصر لعراق جديدة كما سوريا واليمن..عند وصول ايران لديهم😱😱,negative,negative,Negative
أبل: «جنوب عبدالله المبارك» تسلمته «السكنية» في 31 يوليو الماضي: قال وزير الدولة لشؤون الإسكان ياسر أبل إن مو...,neutral,neutral,Neutral
فيه امازون وفي G2 وفيه مواقع ثانية تبيع لك بنص سعر اللعبة الرسمي,positive,neutral,Neutral
ويندوز 10 لما بيعمل ابديت بخرب بدل ما بحسن,negative,negative,Negative
": ""الرسام"" يعد من أقدم البرامج المدمجة في نظام ويندوز وتعود أول نسخة منه إلى عام 1985",neutral,neutral,Neutral
ضعي كريم الترطيب على جسمك بعد الحمام مباشرة وجسمك رطب لانه يساعد على امتصاص البشرة للمرطب بطريقه افضل ليجعل بشرتك ناعمه #ريال_مدريد,positive,positive,Neutral
: إيران تلغي الحج من أركان الاسلام لوجوده في #السعوديةوهي في صدد بناء كعبة بديلة أو نقل الكعبة من مكة للنجف الأشرف👇🏻😂,negative,negative,Negative
ميسي.,neutral,neutral,Neutral
انا بيضه بس بلعكس قالولي الأسود احلي عالبشره البيضه لكن شوف بيونسيه سمرا وجاي عليها خيال الاشقر,positive,positive,Positive
: لقد نفذت القاعده وداعش ميئات التفجيرات في السعوديه والعراق واليمن واروبا هل نفذت تفجير واح…,negative,negative,Negative
مع اني اعرف حظي 💔 #أيفون_البروفيسور,neutral,negative,Negative
: ولي العهد: جاهزون لكل التحديات التي تستهدف أمن السعودية,positive,neutral,Neutral
: اصبح واضح جدا انه تم ترشيح دونالد ترامب لانتخابات الرياسة الامريكية حتى تربح هيلاريهي ديه الديمقراطية: ما تتعبش الناخب وأعط…,negative,negative,Negative
: *بيصور مسألة من ع البورد*= لو بتصطاد بوكيمون هشيلك المادة,neutral,neutral,Negative
: تصدرت المغنية سولانج نولز أخت النجمة الشهيرة بيونسيه قائمة بيلبورد 200 الأمريكية الأسبوعية لأول مرة بأحدث ألبوماتها إيه…,positive,positive,Neutral
: هذه…حال دمشق العروبة اليومهذه…حال حرائرهاوهذا…مافعله الفرس بهاتحتضن طفلها نائمة بالشارعفأين أنتم ياعرب…؟؟#سوريا,negative,negative,Negative
سنوات أوباما وحصاده في تغطية للجزيرة نت: مع اقتراب الولاية الثانية للرئيس الأميركي باراك أوباما من نهايتها، ي...,neutral,neutral,Neutral
: 1⃣ عروض امازون لليوم خصم يصل إلى %60 على تشكيلة منوعة من الشنط النسائية من عدة ماركات شهيرة.,positive,neutral,Neutral
خلاص طاح الحطبو بوكيمون يبدى قلقه,negative,negative,Negative
: #تحذيرات_رعاه_الارهابمصر بخير يا شوية خرفان يا بتوع👈ماااسريا بتوع 11/11كشفناكماسمها👈 #مصر الكنانة محفوظه من #رب_العالم…,neutral,negative,Negative
بيونسيه كوريا 😢💜👌موهبتها م يستهان فيها صوتها فخم لابعد درجه و طبقاتها رهيبه 😧,positive,positive,Positive
إسرائيل تغلق الأراضي الفلسطينية .. والسبب؟ #البوابة,negative,negative,Neutral
باراك أوباما يلقى الكلمة الافتتاحية للاجتماعات ...,neutral,neutral,Neutral
#رحلة يوم #عائلية إلى #استديوهات #هاري #بوتر حيث تم #تصوير #أفلامه. #لعشاق #الأساطير انها #الرحلة #الأمثل,positive,positive,Positive
: الفلبين يشتم باراك أوباما#الإمارات_بعيون_عربية,negative,negative,Negative
“غوغل” تتحدى “أبل” و “سامسونغ”,neutral,neutral,Neutral
روجر فيدرر يتدرب الآن وبإذن الله راجع بقوة 😉,positive,positive,Positive
نزال الليلة سوف يدخل فيه ترامب مجروحآ. ليس لديه ما يخسره. اتوقع بيغامر وبيهاجم عائلة كلنتون خصوصآ فضيحة بيل. هيلاري ذكية سوف تتركه يدمر نفسه,negative,negative,Negative
مكتبات العبيكان السعودية بمصر تطلب اداري و HR,neutral,neutral,Neutral
بالصور: باراك أوباما وزوجته ميشال يحتفلان بعيد ميلاد زواجهما الـ 24,positive,neutral,Neutral
: #ساعة_حوار#جاستا وأمريكا من يصنع الإرهاب؟ الشعلاند.سعود الشعلانأمريكا صانعة الإرهاب ونحن…,negative,negative,Neutral
: 160930 كريس في The Amazing Idolازياء كريس جميعها من بربري من المجموعه الاخيره،حذاءه من اديداس اوريجنال ونظارته من غوتشي…,neutral,neutral,Neutral
"#الأسد: لست ""#سوبر_مان"".. و #المصالحة الخيار الأمثل #حلب #النظام_السوري #بشار_الأسد",positive,neutral,Neutral
بعد سلسلة الفضائح التي عصفت به.. دونالد ترامب يؤكد أنه لن ينسحب من سباق الإنتخابات,negative,negative,Neutral
مسح سجل البحث داخل متجر Google Play #Google,neutral,neutral,Neutral
: أوباما يتعهد بإرسال الناس إلى المريخ في غضون 15 عاما: وعد الرئيس الأمريكي باراك أوباما اليوم الثلاثاء بالعمل ...,positive,positive,Neutral
شوضع المتحجبة اللي راحت حق جستن بيبر ولمته وباسته ورقصت معاه انزين احترمي اللي فوق راسج اذا انتي مو محترمة,negative,negative,Negative
اسلوب جستن بيبر ؟؟؟,neutral,neutral,Neutral
ملاك امي معاها ايفون ٤ ودي اشتري لها ايفون ٧ ودي افرحها ولا اذا تبيني اصور لك الايفون حقها ابشري 😿,positive,negative,Positive
إيقاف استقبال المكالمات لفترة معينة علي iOS #ايفون٧,negative,neutral,Neutral
: بعض مصطلحات الشتم الليبية تشبه مصطلح الإرهاب .. معندهاش معاني أو تعريف محدد غالبا لكن مجرد تسمعها تزبطها كلمة ماتنفعش,neutral,negative,Negative
تعرف علي أهم مميزات #هاتف_جوجل الجديد #Pixel,positive,neutral,Neutral
"روح على غوغل وعميل بحث ""صخرة الروشة"" وشوف بعينك انورما كانرفيه علم لبناني بي ولا صورة!",negative,negative,Negative
: عندي نصيحتين في التغريدتين التاليتين أتمنى التفكير فيهما بتمعن خلال غيابي عنكم كم يوم بسبب أنغماسنا في مكافحة الأرهاب أقليمي…,neutral,neutral,Negative
تطبيق لعشاق الكيمياء على أندرويد,positive,positive,Neutral
رحت بسجل بنادي بس كلاسات رقص وايروبيك بدون سباحة قالت لي 6000 والله لو أنك بتطلعيني بيونسيه :(,negative,negative,Negative
لا انا مسمعتش جوجل دي انت بتخم يا ابو صلاح #احمد_يونس_في_صاحبه_السعاده,neutral,positive,Positive
#Echomoda “بيونسيه” وابنتها بأناقة “غوتشي” “ولوران”: حقائب “غوتشي” Gucci تفضلها المشاهي... #ازياء #فاشن,positive,positive,Neutral
هولاء ال سعود الصهاينه عدوين الاسلام والمسلمين يستاهلوء ستين صاروخ,negative,negative,Negative
طقم #غوتشي #نخب_اول #صناعة_تركية #للطلب_التواصل_عالواتس_أو_الدايركت_للجادين_فقط ٠٥٣٦٠١١٥٥٩,neutral,neutral,Neutral
: #أبل تكسب معركة قضائية ضد #سامسونغ #اسأل_أكثر,positive,neutral,Neutral
جستن بيبر خف علينا,negative,negative,Negative
: #كندا.برلمانيون كنديون يطالبون بتحقيق أممي في مجازر #إيران.#المقاومة_الايرانيه #1988Massacre h…,neutral,negative,Neutral
اسئل الله أن يردهم اقوى من أول نحن امة اعزنا الاسلام #تكفي_يابو_فهد_نحتاج_للهييه,positive,positive,Positive
حاكم ولاية كاليفورنيا السابق يتراجع عن دعم المرشح دونالد ترامب,negative,neutral,Neutral
سورية: لافروف وظريف يدعوان لحل سياسي ونصرالله يستبعده: قالت وزارة الخارجية الروسية إن وزير الخارجية سيرجي لاف...,neutral,neutral,Neutral
يارب يكون من نصيبي ايفون 😭,positive,positive,Positive
أخلاقك تقول انك اخوانجي ايامالاخوانالبارات مشغلينهافي رمضان السيسي لبسهم طرح وقفلها ف رمضانبلوك🐑,negative,negative,Negative
أرملة سورية بدون اولاد تبحث عن زوج مسيـــــــــــــــــار,neutral,neutral,Neutral
غوغل تعرض هواتفها الجديدة بسعة تخزين لانهائية,positive,neutral,Neutral
مافزنا لافي ايفون ولاشناط والحظ ماش يختي مابي مبلغ ابيك تردين علي برساله والله المبلغ محتاجته بس احس اني لو رديتي تهون,negative,negative,Negative
فيديو : إعادة تصميم اداة paint على ويندوز 10 من مايكروسوفت#ويندوز_10,neutral,neutral,Neutral
ابغا اتفرج هاري بوتر وكس ام الواجبات,positive,positive,Negative
: مقالات | #السعودية تفقد توازنهابقلم: ناصر قنديل,negative,negative,Neutral
": #بلديمحطة ""#سليمان_الحلبي"" تعود لضخ المياه إلى #حلب#سوريا",neutral,neutral,Neutral
هههههههههه انا استنى جوال غوغل الجديد يمكن يكسر الدنيا 😂😂😂,positive,positive,Negative
: #شرك_الرافضه_في_عاشورا#شيعي_يحرق_اخوانه الحمد لله على نعمة الاسلام,negative,negative,Negative
: شاهد يوم عاشوراء كما وصفه سيد الخلق محمد للمسلمينويوم عاشوراء كما وصفه الخميني الهالكللشيعة,neutral,neutral,Negative
: للذكرى ✨اهداف النصر الاربعه ف ريال مدريد ف حفل اعتزال الاسطوره ماجد عبدالله❤️،جميعها روعه الا الأخير حكايه مسطره بالجمال هدف…,positive,positive,Positive
: لهذه الأسباب.. انفعل إنريكي على لاعبيه في تدريبات برشلونة,negative,negative,Negative
صراع مرتقب بين برشلونة ويوفنتوس,neutral,neutral,Neutral
: ومن أظلم ممن افترىٰ على الله الكذب وهو يدعىٰ إلى الإسلام ۚ والله لا يهدي القو…,positive,neutral,Negative
كاتي شخص عاطفي صعب يعترف بافضلية مسلسل او فلم على الانميات .. يذكرني بنفسي قبل لا اتابع هاري بوتر مع انه تابع ضعف اضعافي,negative,negative,Negative
حتى لا يعم الفرح: المطالبة بمنع مباراة إيران وكوريا ليلة عاشوراء,neutral,negative,Negative
: #قروب_المحبه_والموده#قروب_فيدرر_للدعماللهم ابعد عني كل ضـيقة اشعر بها و كل ما يشـغل بالي ، ربي ارح قلبي و فكري و كن معي ي…,positive,positive,Positive
مصر تصوت على قرارين متناقضين بشأن سورية وامتعاض سعودي,negative,negative,Negative
استخدام لوحة مفاتيح الكمبيوتر للكتابة على هاتف #اندرويد,neutral,neutral,Neutral
: الاسلام ونبينا محمدﷺ براء من هكذا أعمال هي أقرب ماتكون للاديان الوثنية ولا تمت لدين الله بصلة..,positive,neutral,Negative
: فضيحة جديدة لضباط جيش بشار الأسد متطوعات اللواء 130 أتينا للدفاع عن الوطن و قائد الوطن و ليس للعمل,negative,negative,Negative
: #نشرة_أفقمساوئ #دونالد_ترامب..هل تكون سببا في نجاحه؟ لـ,neutral,neutral,Neutral
": الصحفي: "" ماذا تتمنى لرياضة التنس في قادم الأيام ؟ ""ستان ففرنكا: "" أن تدوم الصحة لروجر فيدرر .""",positive,positive,Neutral
المسلمون يؤمنون ان المراة لاتقود امة ومع ذلك يتمنون فوز هيلاري كلنتون وكلاهما اشد اعداء الاسلام,negative,negative,Negative
: ويقولون ليش نحب ونحترم أردوغانعندما تتحالف بعض الدول للإساءة للسعودية انظر مع من يقف أردوغان,neutral,negative,Negative
ياهو تدعم تطبيقها على أندرويد بميزة بصمة الإصبع,positive,positive,Neutral
: الاخوان زعلانين من تصويت مصر للقرار الروسى فى نفس الوقت اللى اميرهم ونبيهم اردوغان قاعد تحت رجل بوتين اليوم فى انقرة #ايقا…,negative,negative,Negative
": فيديو | شاب سوري ""مؤيد لنظام بشار"".. يقع من أعلى بناية لرفع علم #سوريا",neutral,neutral,Neutral
#أيفون_البروفيسورسبحان الله وبحمده...سبحان الله العظيم💜,positive,positive,Positive
كيري يهاجم #روسيا لدعمها نظام #الأسد.. ويؤكد أن #واشنطن لم تتخل عن مساعي السلام#امريكا #سوريا #بشار #السعودية…,negative,neutral,Neutral
اكتشف 5 معلومات لا تعرفها عن روجر فيدرر نجم رياضة التنس: via,neutral,neutral,Neutral
: جوجل تختار تطبيق نبض ضمن أفضل التطبيقات لعام 2015!حمل التطبيق الآن,positive,positive,Neutral
#بلحه_نيته_سوده على لسان دبلوماسية.. رسالة من تل أبيب لـ السيسي: شعب إسرائيل معك,negative,negative,Negative
شايف يا اونكل سيسي الناس بتتكلم عن مصر ازاى؟ 😔,neutral,negative,Negative
"النوم لا يجافيني . جميع افكار وتخيلات "" هاري بوتر "" تقبع الآن في دماغي !!",positive,positive,Negative
: العربية:⁧#طه_الياسين⁩ ؛من أعدمتهم ⁧#إيران⁩ من الشعوب أكثر ممن ذكرهم الإعلام.,negative,negative,Negative
: #اغبي_سوال_كتبته_بقوقل #معلومة إذا قمت بالبحث في جوجل عن كلمة “askew” فإن المحتوى الذي سيظهر على الشاشة سيميل قليلا ناحية…,neutral,neutral,Neutral
3 تطبيقات ويدجت مفيدة لمستخدمي أندرويد via,positive,positive,Neutral
: من يتطوع ويبلغ مجلس الأمن ان البوذيين المتطرفين يمارسون الارهاب حاليا ضد القطط في اركانفدمها اهم من المسلمين لديهم…,negative,negative,Negative
قال رسول الله ﷺ(أيما عبد أبق، فقد برئت منه الذمة) رياض الصالحين #ريال_مدريد,neutral,neutral,Negative
في موقع اسمه يلا شوت،ادخل عليه من غوغل تلاقي كل مباريات العالم وبالجودة الي تريدها,positive,neutral,Neutral
: بدأ الارهاب من عام1952عندما اخترع النظام العسكري المصري المجموعات التكفيرية لترهيب الشعب فانبثقت القاعدة واخواتها #مصر_تصو…,negative,negative,Negative
: #الله_أكبرفطائس الروافض الشيعة في #حلب..خل ينفعهم الخنزير بشار والمجوس إيران والملحدين الروس,neutral,negative,Negative
أجيب جستن بيبر يسوي لها سكيب ؟لا امزح امزح 😂,positive,positive,Negative
: لا حول ولا قوة إلا بالله .اللهم أرنا في هذا المجرم عجائب قدرتك#العراق#الموصل#الفلوجه,negative,negative,Negative
توقعت عتاب او بيونسيه او جنيفر لوبيز حتى كيني ويست😁 جاء في بالي طلعت في الأخير كاتي بيري من…,neutral,negative,Negative
"روجر فيدرر هو اعظم لاعب تنس ف التاريخ لاشك ف هذا ! من اسباب تميزه ايضا "" اخلاقه ""روجر قبل 5 سنوات يعطى درسا فى...",positive,positive,Positive
هل تصمتون عن الارهاب الشيعي الموالي الايران هل تصمتون عن الجرايم الي تقوم بهاء الشيعة في العراق واليمن انهاء الفرس تقوم بقتلنا بدعم فارسي,negative,negative,Negative
هذا مايشبه غوتي لاعب ريال مدريد سابقا14#السعوديه_الامارات #ريال مدريد,neutral,neutral,Neutral
بحلول 2020.. غوغل تتوقع انتاج سيارة ذاتية القيادة: جهينة نيوز:رغم الصعوبات التي مازالت تواجهها أعلنت شركة غو...,positive,positive,Neutral
أوباما: وقف الفيتو ضد قانون جاستا “مسيسا” وهناك عواقب وخيمة لتشريعه الرئيس الأمريكي باراك أوباما إن وقف الكو…,negative,negative,Neutral
: عالم بلا إيران بن عبدالله بن بيهو مقال مدروس,neutral,neutral,Neutral
طالما أنك ستفكر على أية حال فكر في أشياء كبيرة جدا دونالد ترامب hc6,positive,positive,Positive
: داعش تسرح وتمرح في العراق وسوريا برعاية اردوغان الراعي الرسمي للارهاب #erdogan_is_isis,negative,negative,Negative
كيفية الغاء كورتانا المساعد الشخصي في ويندوز Windows 10,neutral,neutral,Neutral
Marca :سيرخيو راموس - بيبي - مارسيلو اول ثلاثي دفاعي في ريال مدريد يكملون معا 10 سنوات في الفريق,positive,neutral,Neutral
ميزة في هاتف #غوغل تكشف “ابتزاز #أبل”,negative,neutral,Neutral
: عطوها وسام بوكيمون,neutral,neutral,Negative
أندرويد 7.1 نوجا – الميزات الجديدة,positive,positive,Neutral
المشاهير ؟ يعني بالله يهمك اخبار مؤخرة كيم كارداشيان و لا رموش كيندال و لا علاقة بيونسيه بزوجها ؟ و الميكب فعلا ماله داعي,negative,negative,Negative
: #روبيرت_دنيرو: #ترامب كلب صوتوا لـ #هيلاري_كلنتون - بالفيديو ... h…,neutral,neutral,Negative
إخفاء محادثة مع شخص محدد على WhatsApp #WhatsApp #تطبيقات,positive,neutral,Neutral
: ميسي يضيع بلنتي وينكبهم ويطير اللقب وماسكيرانو ينكبهم في مبارتين ثم البرشلوني يحطها في راس الضعيف هقواين💔,negative,negative,Negative
: هاري بوتر ⚡️.,neutral,neutral,Neutral
: مساء يشبه مساء شهر رمضان ، تملئه الطمآنينه وتغشآه رحمة البآرئ ، مساء العاشر من عآمنآ الجديد مساء عاشوراء اللهم ارح قلوبنا…,positive,positive,Positive
: #هيج_و اصير وزيرة الصحة إلا اشنق عديلة بباب المعظم يم البوكي ستوب حتى الي يدور على بوكيمون يشوف عديله ويجوز من اللعبه,negative,negative,Negative
سيرش جوجل طيب,neutral,neutral,Negative
شاهد دقة الـ 4K مع كاميرا هاتف غوغل بيكسل,positive,neutral,Neutral
الكشف عن شبكة برمجية خبيثة تتلقى الأوامرعبر #تويتر التفاصيل مع #نايلةالصليبي via #TWITOOR #ANDROID,negative,neutral,Neutral
جستن بيبر,neutral,neutral,Neutral
: وبعد نسيت اقولكم، قبل ٧٠ سنة كان الوضع عندهم #اختاه_موتي والحين المرشح الأقوى لقيادة البلاد هي #اختاه هيلاري كلنتون.,positive,positive,Negative
اعلامهم كاذب ودجال مثلهم ربي ينصرنا الي اعدائنا واعداء الاسلام والمسلمين ال سعود الصهاينه السفاحين,negative,negative,Negative
يخسى آي هيرب ، يمه أمازون يجيب لي حالة تعرق شديدة .,neutral,negative,Negative
: محمد ناصر: بعد فشل الإنقلاب بتركيا على أردوغان .. عقبالك يا مصر .,positive,positive,Positive
": #المرصد_الايراني#الأخبار | صحافي أمريكي يرفع دعوى قضائية ضد إيران""ترجمة خاصة""",negative,negative,Neutral
"ميزة في هاتف #غوغل تكشف ""ابتزاز #أبل"" - للتفاصيل اضغط الرابط #الوطن_العربى",neutral,neutral,Neutral
شقيقة #بيونسيه تتصدر بيلبورد الأميركية #فن -,positive,neutral,Neutral
شكل السعوديه واوزباكستان يبون يتأهلون لكأس العالم والارجنتين لاء اجل ميسي متخاذل هههههههههههههههههههههه استغفرالله بس #الارجنتين #ميسي,negative,negative,Negative
إصابة حارس برشلونة تعيد حارس توتنهام إلى الواجهة,neutral,neutral,Neutral
إطلالة أنيقة وانثوية من مجموعة غوتشي لخريف/شتاء 2016,positive,positive,Positive
: خدعوك فقالوا تلفاز ذكي-جوجل-أبل-كروم كاست,negative,negative,Negative
: امازون ارسلت ايميلات لبعض مستخدميها تطلب منهم تغيير كلمة السر بعد تسرب بعض معلومات المستخدمين,neutral,neutral,Neutral
ششششوفيني ي ملاكك تكفين بس ايفون ٧ بس,positive,positive,Positive
اخبار برشلونة اليوم Tuesday 11/10/2016 : طفلة برازيلية بدون ذراعين ترفض هدية نيمار!,negative,neutral,Neutral
اللي اعرفه يقدر فيدرر على نادال,neutral,positive,Positive
: بدء عرض الصفحات المسرعة #AMP على نتائج بحث #جوجل بشكل عام#الاخبار_التقنية,positive,positive,Neutral
"دعوى قضائية ضد ""أبل"" تتهمها بالاحتيال على المستخدمين #البحرين #الكويت #السعودية #الإمارات #قطر #عمان #المنامة #تكن…",negative,negative,Neutral
تعرفين عاد هو عنده جاكيت غوتشي .. وجاكيت غوتشي غابانا هذا ابغريد 😂 ارقى شوي ..وبعدين وين تلبسة فوق الثوب 🌚,neutral,negative,Negative
قدني اتخطيتو و قاعده اقرا كتاب هاري بوتر 🌞,positive,positive,Positive
فيديو مؤلم لطفلة سورية جريحة تنادي والدها: ظهر على موقع يوتيوب مقطع فيديو مؤلم لطفلة سورية تنادي على أبيها بع...,negative,negative,Negative
برشلونة مهتم بالتعاقد مع لاعب سويسري -,neutral,neutral,Neutral
تطبيق ماسنجر فيس بوك على أندرويد يتجاوز مليار تحميل,positive,positive,Neutral
: المهاجر أبوحمزه الشيعي العراقي🔴من قلب محروق يهاجم حكومة اللصوص وأصحاب العمائم عصابات #العراق #بغداد #البصره #كربلاء #النجف…,negative,negative,Negative
او ارقام ص😂😂😂😂😂بابا رندفو او انه امثل علينا قدام الكاميرات انه ها شفوني 😂😂😂😂😂والله يا اوباما مخلغين اسنان هي اسوالف 😂😂😂😂😂,neutral,negative,Negative
: أحبتي ربنا أكرمنا بمواسم تغفر فيها الذنوب والمعاصي رحل رمضان وست شوال ويوم عرفه وننتظر يوم عاشوراء فماذا أعددنا له؟,positive,positive,Positive
: #مصر_تصوت_للمشروع_الروسيكم نحتاج سيسي لكي نتعلم الدرس؟؟؟؟لايوجد الوقت ولا الجهد ولا المال لكي نتعلم دروس اخرى,negative,negative,Negative
": مواكب شيعية تحمل صور الهلكى الذين سقطوا في المعارك ضد ""داعش""",neutral,neutral,Neutral
: حسب صحيفة شركة امازون ستفتتح اول مقر اقليمي لها في الشرق الاوسط قبل نهاية هذا العام وسيكون في مدينة دبي,positive,neutral,Neutral
: ♦️تطبير الشياطين في يوم #عاشوراء ♦️ هل هذه سنة آل البيت أم سنة البوذيين والهندوس.!!! #العراق #بغداد #البصره #كربلاء #البحرين…,negative,negative,Negative
: ميسي : مبروك يا صديقي والى اللقاء في روسيا,neutral,positive,Positive
“أبل” تكسب معركة قضائية ضد “سامسونغ”,positive,neutral,Neutral
روح ابتهل وادعي ان هيلاري كلنتون تولى امرك وموترامب لان بيكون مافي نت عشان اشمت فيك ذيك الساعة,negative,negative,Negative
مساهمات لدعم داعش ..,neutral,neutral,Negative
: نحمدالله عزوجل على نعمة الإسلام مواسم الخير تتوالى علينا اللهم تقبل منا إنك انت السميع العليم وتب عليناانك انت التواب الرحي…,positive,positive,Positive
تصويت مصروالاردن يشتري غاز من اسرائيل رغم الدعم السعودي والقطريطقتين بالراس توجع ياعربقلت لكم الخطا بالاداره,negative,negative,Negative
اكيد لا بس مابدنا البلد يتدمر كونه امير داعش الاصيل واكيد يروضهم,neutral,positive,Negative
نجم برشلونة السابق ينقذ ميلان من شبح الاصابة:   مازال الاسباني سيسك فابريجاس لاعب نادي تشيلسي الانجليزي يبحث ...,positive,neutral,Neutral
لعنة الله عليك وعلى طاغية مصر وعلى الحكومة وعلى من يؤيدكم من إعلام قذر ومطبلين وبلطجية وسفلة البشر.,negative,negative,Negative
: مراحل حياة شحنة ..موقع أمازون ..,neutral,neutral,Neutral
أول ما طلع هاري بوتر كنت اخاف من دوبي لدرجة ما أنام بليل 😂💔 و دايما تضحك علي على هالسالفه 🙃 و هاذي…,positive,positive,Negative
هذا مو موجود عندنا هذا عند داعش ودعش لا تمثلنا ولا تمثل السنه,negative,negative,Negative
"مش رمضان مبروك ابو العالمين قالكم ""اللي ملكش فيه ملكش دعوة بيه"" ها؟",neutral,negative,Negative
#افضل_طقم_لروجر_فيدررأستراليا 2012مجررررررررم ,positive,positive,Positive
"أسبانيا تدين بناء ""إسرائيل"" مستوطنات بالضفة: مدريد - أدانت إسبانيا إعلان سلطات الاحتلال الإسرائيلي الأخير، ب...",negative,negative,Neutral
: معرض #IFA_2016: الكشف عن الحاسوب Acer Swift 1 بنظام ويندوز 10#الاخبار_التقنية,neutral,neutral,Neutral
"""أبل الشرق"" تستعد لإطلاق قاتل ""جلاكسي نوت 7""",positive,neutral,Neutral
إيجار مش بيع يا سيسي.. متستسهلش,negative,negative,Negative
: المعارضة تسترجع مواقع في حلب... وروسيا تثبت «قاعدة عسكرية دائمة» في طرطوس,neutral,neutral,Neutral
شوفو كيف شكله كيوت اغوتشي غوتشي يااااا,positive,positive,Positive
شفيك خربان؟ صورة وحدة مفصخه مشيتها كيعوت مشيتها اما جستن بيبر لا لا😂😂,negative,negative,Negative
: #حلببستان القصر مركز بستان القصر الطبي #HolocaustAleppo#PutinAssadHolocaust#ObamaComplicity11-10-2016#Syria htt…,neutral,neutral,Neutral
الشكر وكل الشكر لمصر على تعقلها وتبرأها من داعمي الإرهاب بالمال والفتاوي والسلاح والإعلام,positive,positive,Positive
لما اشوف هيلاري كلنتون ودونالد ترمب يتهاوشون اتذكر فام the campaign,negative,negative,Negative
شخبار بوكيمون يالهبه ؟😋,neutral,neutral,Negative
: يقول ماسكيرانو : كرة القدم تتحكم بكل شيء ، لكن ليونيل ميسي هو الوحيد في العالم الذي يتحكم بكرة القدم ..!,positive,positive,Positive
طيب اغلاط اردوغان مجتمعه ماتجي عشره على مليون من اغلاط ومصايب السيسي الخاين العميلوالاصطياد في الماء العكر مايمشي,negative,negative,Negative
: إطلاق تحديث تراكمي برقم 14393.321 ل #ويندوز 10 المكتبي والهواتف,neutral,neutral,Neutral
انا ملاااااااااااااااااككككك ارررررجوووررررك اررررررجوووركك يارب تشوفني  ابي ايفون ٧ أهه أهه ياربي ,positive,positive,Positive
: #نزار_السامرائي: مرتزقة #إيران القتلة في #سوريا و #العراق و #اليمن ليسوا أسرى حرب h…,negative,negative,Negative
: #مصر | مصادر: وفد مصرى رفيع المستوى يزور #السعودية الأيام القليلة المقبلة,neutral,neutral,Neutral
: #ميسي قليل أدب المدربين يحطون خطين دفاع وهو يضربهم بتمريره وحده ،،,positive,negative,Negative
لو شاطرة تفهمها او تروح للشيخ غوغل يترجمها بأهبل من هيك 😂😂😂😂,negative,negative,Negative
: غوغل من شركة تكنولوجية إلى منافس في سوق الهواتف الذكية. فهل تنجح؟,neutral,neutral,Neutral
ههههههههههههههه اي ذكرني بعيد ميلادك اجيب لك نفس بومة هاري بوتر تستاهل,positive,positive,Negative
أبل .. هل وصلت لمرحلة الشيخوخة؟,negative,negative,Neutral
: مؤسس موقع ويكيليكس (جوليان أسانج):هدفنا المقبل.. جوجل!,neutral,neutral,Neutral
‘غوغل واي فاي’… إنترنت سريع لأرجاء المنزل,positive,positive,Neutral
: جمهور كرة القدم في #إيران ممنوع من الاحتفال بسبب #عاشوراء #طهران,negative,negative,Neutral
: وزير خارجية مصر: هناك تباين بالرؤية بين مصر والسعودية حول ضرورة رحيل بشار الأسد، وأن الأمر منوط بالشعب السوري.,neutral,neutral,Neutral
الموضوع حيتلم في الاخر والسعودية حتفهم ان مفيش حد حيقف جمبهاا وقت الشدة غير مصر انماا موقفناا من سوريا مش حيتغير,positive,positive,Mixed
: سمير جعجع: ممارسات إيران في لبنان معضلة كبيرة.. والقرار الاستراتيجي عند «حزب الله»,negative,negative,Negative
بالفيديو.. شقيقة بيونسيه تنافسها وكريغ لن يترك جيمس بوند,neutral,neutral,Neutral
: جوردي كرويف ( إبن يوهان كرويف ) : أبي تأثر جدا من ركلة الجزاء التي سجلها ميسي و سواريز ، كانت لحظة فخر بالنسبة له,positive,positive,Positive
سيعلن جوليان أسانج مؤسس منظمة ويكليكس و من لندن عن فضيحة يقول انها ستحطم ☠هيلاري كلنتون و تنهي عائلة كلنيون. #تاسي #كويت #بورصة #فوركس,negative,negative,Neutral
يتكلم عن قصة ولد هاري بوتر الصغير اللي اهو الوحيد من اخوانه اللي دخل منزل سليذرن,neutral,neutral,Neutral
لأول مرة.. شقيقة بيونسيه تتصدر قائمة بيلبورد الأميركية,positive,positive,Neutral
: #العبادي يقصف #اردوغان صاروخ أرض أرض . #erdogan_is_isis,negative,negative,Neutral
جوال Honor 8 عليه خصم في أمازون اليوم فقط $349.99,neutral,neutral,Neutral
: عطر فلورا غوتشي ١٩٦٦ عطر عبير الازهار التي تجمع بين الأناقة والانوثة 550277780 (966+),positive,positive,Neutral
"#بساط_أحمدي لا تندهش إذا صادفت في سورية متثيقف له مريدين ، .. ""عفش"" بضعة كليمات ومعلومات ثقافية من عمك "" غوغل""...",negative,negative,Negative
فيديو.. خبير أميركي: غزونا العراق لتقويضه وإنهاء خطره على إسرائيل,neutral,neutral,Neutral
اخبار برشلونة اليوم Sunday 9/10/2016 : 7 مباريات أكدت أسطورة ميسي في ملاعب الكرة,positive,positive,Neutral
"#الآناضول عبر #محيط_اليمن | ""الحوثيون"" يكثفون هجماتهم الصاروخية صوب الجيش اليمني والحدود مع السعودية",negative,negative,Neutral
: هل انتهت حفلة (فقاعة) #تويتر؟ تراجع 18% اليوم بعد تقرير عن عدم رغبة #غوغل بشراء الشركة #twitter,neutral,neutral,Negative
اردوغان سياسي محنك غير سيسي مصر بيقدر يعمل اللى هو عايزه وبيلعبها صح..,positive,positive,Positive
: ثأرنا لن نتركه وسنأخذه ضعفيناستعدوا يا مملكة الارهاب الداعشيةفوالله العظيم انكم حفرتم قبوركم بأي…,negative,negative,Negative
: جماعة #جند_الاقصى الجهادية تنضم الى #جبهة_فتح_الشام في #سوريا,neutral,neutral,Neutral
: عاجل| #بوتين: اتفقنا على تخفيض أسعار الغاز الطبيعي المصدر إلى تركيا، وخطة الرئيس أردوغان لتحويل تركيا إلى ممر دولي للطاقة…,positive,neutral,Neutral
: #الاهلي_برشلونهميسي يدعي الاصابة خوفا من مواجهة معتز هوساوي,negative,negative,Neutral
للاهلاويين حــطوا هالصوره خلفيــه لجوالاتكم راح تحس بفخامة غير مسبوقه حتى لو جوالك جالكسي S2محدثكم رازها في نوت 2 و…,neutral,positive,Positive
ضبط 98 طن سكر فى مخزن يمتلكه 'سورى' بقصد الاحتكار فى العاشر من رمضان,positive,neutral,Neutral
: #من_دمشق_هنا_صنعاء#مندوب_سوريالدى الأمم المتحدة كفوا دموع التماسيح ع حلبوابكوا بدموع حقيقية ع ضحايا #صنعاء,negative,negative,Negative
🕧أكثر 10 خصائص قد لا تعرفها عن نظام ”آي أو إس 10“ الجديد🕧#آيباد #النقل_العام #جوجل,neutral,neutral,Neutral
م اليوم ورايح أسطورتي ف التنس أندي موراي طبعا بعد روجر فيدرر,positive,positive,Positive
: #الرياض: الاعتداء على المدمرة الأميركية عمل إرهابي ممنهج ومدعوم من #إيران,negative,negative,Negative
ثلاث طرق للقيام بسوفت وير لهواتف نوكيا التي تعمل بنظام ويندوز فون...,neutral,neutral,Neutral
: جوجل لا تطلب شهادات، للتوظيف,positive,neutral,Neutral
خارجية بشار الأسد تحتفل بمرور عام على بدء قتل الاحتلال الروسي للسوريين: قالت خارجية بشار الأسد، إن مساه...,negative,negative,Negative
: عن شعوري و انت مش معايا يا كاريكا و نفسك تحضر رمضان بس انت في مكان احسن .. وحشتني ضحكتك😢#رمضانك_في_الجنه_يا_كاريكا ❤,neutral,positive,Positive
: جوجل تستحوذ على شركة FameBit منصة الربط بين المعلنين والمؤثرين في اليوتيوب وشبكات التواصل الإجتماعي.ما أقو إلا قااادييييمت 😑 h…,positive,positive,Neutral
: ١- توقع السيد نصرالله ان أرد عليه في نهاية خطابه الا انه رد على نفسه بنفسه. وكلامه ينطبق حرفيا على ما تقوم به ايران في سوري…,negative,negative,Negative
: مباشرة على فرانس24 المناظرة الثانية للانتخابات الرئاسية الأمريكية بين دونالد #ترامب وهيلاري #كلينتون الثالثة من صباح الاث…,neutral,neutral,Neutral
تطبيق للتحكم في الإشعارات على أجهزة #أندرويد,positive,neutral,Neutral
"أوباما يصف تصريحات ترامب في مقطع فيديو بـ""المثيرة للاشمئزاز""",negative,negative,Negative
: هاري بوتر صار رابر وانا الى الان ادرس,neutral,neutral,Neutral
: انا شريت منه الموقع مضمون وعطوره اصليه حتى من باب التجربه جبت عطر tester وطلبت عطر غوتشي تغليف هديه عشان اشوف تغليفهم…,positive,positive,Positive
بشار الأسد: الدنمارك تتبع الولايات المتحدة كالعمياء,negative,negative,Negative
: مجزرة باريس الشنعاء لا يقرها دين ولا عقل.الإسلام بريء من هذه التصرفات.أعزي الشعب الفرنسي وندعو العالم مجددا لتكثيف الجهود…,neutral,negative,Negative
بيونسيه في أناقة مكياجها العيون – مجلة رنود,positive,positive,Neutral
دعوة قضائية على شركة أبل بسبب مشكلة فى ايفون 6 بلس -,negative,negative,Neutral
بوكيمون المرتزق ..أحسن من المرتزقة اليمنيين,neutral,neutral,Negative
بالصور شركة جوجل تمنح أحد موظفيها إجازة أسبوع بعد رسالة مؤثرة من طفلته,positive,positive,Neutral
: لم يمر في تاريخ #أمريكا هوان وذل مثل ما مر ويمر فيها في عهد #أوباما!الكلمة الأولى للروس الصين تهينه الفلبيني يشتم أمهو…,negative,negative,Negative
حظر النوافذ المنبثقة عبر متصفح جوجل كروم,neutral,neutral,Neutral
: الحسين رضي الله عنه كان سابق عصره ويستخدم غوغل مابس,positive,positive,Neutral
لا أجد سببا مقنعا لنشتم #ترامب المرشح #الجمهوريالفرق بينه وبين #هيلاري #كلنتون و #أوباما ومن قبلهم في #امريكا أنه رجل واضح في عداءه لنا,negative,negative,Negative
: أمنية حياتي أشوف مناظرة بين دونالد ترامب و مرتضى منصور و أضمن ليكم الإكتفاء الذاتي الكوميدي لمدة تلاتة شهور لقدام,neutral,neutral,Negative
"لو أراد أن يعرف غير المسلمين ماهو الإسلام ؟! فسوف يعلمون ماهو من قرائته لتحيته "" السلام عليكم"" وسيعلمون بأنه لم يكن دين عنف أبدا",positive,positive,Negative
يعني سكتنا عن الدراسه في رمضان كمان ثلاث فسح ايش تبيني نموت #الغاء_التوقيت_الزمني_المدرسي,negative,negative,Negative
: ترى محد تحمس غيري لا تاخذ وضعية جستن بيبر,neutral,neutral,Negative
مكياج عيون على طريقة بيونسيه: تتميز Beyonce بإطلالاتها المتميزة في كل مرة، فبشرتها السمراء ومكياجها الرائع ا...,positive,positive,Neutral
البارغواي متقدمه على الارجنتين !!؟التانغو بلا ميسي منتخب اوضع من منتخب الهند !!,negative,negative,Negative
: ثانوية #الملك_عبدالله في #الخرج تكشف أسرار #غوغل لطلابها -,neutral,neutral,Neutral
يدخل من بوابة جوجل الشركة الأم لـ أندرويد بياخذ أفضل تجربة نظيفه من الشوائب 👌🏼,positive,positive,Positive
: مفتي الجمهوريه المصريه يقول ان اردوغان قواد شاهد بالصوره والصوت,negative,negative,Negative
: أردوغان للعبادي: اعرف حدودك وسنفعل ما نشاء في العراق,neutral,neutral,Neutral
🚨تعرف على 3 تطبيقات من انتاج جوجل لم تسمع عنها من قبل !!,positive,neutral,Neutral
يا تري أوباما عمل له كام مليار من رئاسته لأمريكا ...؟؟,negative,negative,Negative
جوالي ايفون ٤والله امنيتي اغيره بتكسبين فيني اجر💔,neutral,positive,Negative
: اللهم بلغ آبي وآمي رمضآن وهم لا يشكيآن تعبا ولاهما♡,positive,positive,Positive
إرث أوباما.. حروب أكثر: تناولت صحفية واشنطن تايمز الأميركية شأن الرئيس الأميركي باراك أوباما، وأشارت إلى مناد...,negative,negative,Neutral
": استوديوهات ""مارفل"" تنتج سلسلة قصص مصورة بطلتها امرأة سورية من مضايا",neutral,neutral,Neutral
محامي عماني: بشار الأسد يدافع عن بلده بصمود أسطوري والجيش السوري يدافع عن الجميع,positive,positive,Positive
: ولا زال يلف ويدور لتبرئة #الإخوان من #الإرهاب، ولا زال يستغل الفرص لتقسيم المجتمع السعودي إلى أحزاب ويلمح للملكي…,negative,negative,Negative
هيلاري كلنتون يوم كانت مراهقه 🌝1969,neutral,negative,Neutral
بعد عاشوراء خشيت جو مع رمضان والصيام كل م مسكت ماء احسب اني صايم وهكذا,positive,positive,Positive
هل رأيت الى اين انجرف الاسلام هل نتعبد ونصوم في اعياد اليهود هل تصدق هذا صيام عاشوراء من بدع الوهابيه ان كنت تصدق,negative,negative,Negative
ليون و واكا شكلهم عادي ساتوري يمكن تكون شخصيته رهيبة 🤔اما غوتشي شكله بثرررررر,neutral,neutral,Mixed
: دونالد #ترمب حقق هدفه بالعودة من أسبوع صعب ومصيري قويا!مرشح يقود تيارا،له مصداقيته لتحقيق #التغيير الذي تاقت إليه #أميرك…,positive,positive,Positive
: #إيران تطالب بممر جوي لنقل جرحى مجزرة #صنعاء,negative,negative,Neutral
تأهل نولي لنهائي بطولة أستراليا المفتوحة لسنة 2008 بعد أن تغلب على المصنف الأول روجيه فيدرر وفاز بالنهائي على جو ويلفرد تسونجا,neutral,neutral,Neutral
ICQ على أندرويد يحصل على ميزة ردود الأفعال في القصص,positive,positive,Neutral
بطني معاد اقدر ياربي سيسي ومرسي,negative,negative,Negative
: على طريقة الزمالك .. برشلونة 2x2 يستعد لغزو العالم,neutral,neutral,Neutral
حاليا نوفاك قبله نادال قبلهم فيدرر الافضل على الاطلاق,positive,positive,Positive
": وأخيرا نطقت الصحف الغربية‼️المررتايم البريطانية في صفحتها الأولى بالأمس ""متوحشون"" وتتحدث عن الإرهاب الروسي والمجرم بوتن ف…",negative,negative,Negative
: تطبيق الرسام الجديد القادم لنظام ويندوز 10 😍,neutral,neutral,Neutral
: كاسيميرو ( ريال مدريد ) : أفضل 3 لاعبين يعجبنني في مركزي ؟ بوسكيتس ، غابي ، تشابي ألونسو,positive,neutral,Neutral
= للذكرى والتذكرة من العام 2012= علشان كده سيسى عايز يخفض الخصوبة بتاعة المصريين والمصريات= مش هايحط كافور بس...,negative,negative,Negative
انا قيونسيه مو بيونسيه,neutral,neutral,Neutral
يااارب افوز معك ابي ايفون الله يسعدك,positive,positive,Positive
": ""نيويورك بوست"":قدمنا هديتين لايران: ألاولى سماح أوباما لطهران ببناء صواريخ نووية والثانيه رفع العقوبات عن البنوك التي تمول تلك…",negative,negative,Neutral
: الحمدالله على نعمة الاسلام...وهذي الطفله يعلمونها اهلها ي حسين ي حسين قوله تعالى {ومن يهن الله فما له…,neutral,positive,Positive
"""أبل"" العلامة التجارية الأعلى قيمة.. و""فيس بوك"" الأكثر نموا",positive,positive,Neutral
اخبار برشلونة اليوم Monday 10/10/2016 : فيديو : جماهير اسبانيا تهاجم بيكيه وهذا الأخير يعلن اعتزاله اللعب دوليا,negative,negative,Neutral
لاعب نادي برشلونة الإسباني #نيمار_دا سيلفا يرفض عرضا جديدا من #ريال_مدريد,neutral,neutral,Neutral
بوكيمون جو تصل لأكثر من 500 مليون تثبيت في أندرويد و iOS #موسوعة_التطبيقات,positive,positive,Neutral
: تصريح #اردوغان الوقح يدل على هستيريا إصابته بعد تأكده من فشل مشروع #داعش الذي رعاه هو و حلفائه، #تركيا ستخسر كما خسرت داعش,negative,negative,Negative
: اجزاء فيلم The Expendables 🔥1- الروابط…,neutral,neutral,Neutral
بيونسيه دي حلوه فاهشخ يا ديني,positive,positive,Positive
ضبط 6 أشخاص ينتحلون صفة ضباط بجهاز الإرهاب القومى,negative,neutral,Neutral
: ترتيب مجموعة المنتخب :السعودية ١٠ نقاطاستراليا ٨ نقاطاليابان ٧ نقاطالامارات ٦ نقاطالعراق ٣ نقاطتايلند ٠ كم صعب عدى لعيو…,neutral,neutral,Neutral
: 3 منتزهات ترفيهية في موقع واحد قرب برشلونة 👇العاب مائية، عالم فيراري (2017) .. وملاهي,positive,neutral,Neutral
على إساس هيلاري كلنتون من شعب الله المختار كلهم كل واحد ألعن من الثاني,negative,negative,Negative
ولاية #حماة وزير الدفاع الفرنسي من على حاملة الطائرات شارل ديجول مصممون على استئصال داعش ^,neutral,positive,Neutral
لو تحطون غوغل ماب له يمكن امر اجربه دام ٢٤ ساعة انا مااشتهي جباتي الا انصاص الليالي,positive,negative,Negative
ويكيليكس: كلينتون اعترفت رسميا بدعم قطر والسعودية لـ«داعش»,negative,negative,Neutral
بدء موجة هجرة أخرى من إثيوبيا إلى إسرائيل: وصل أمس الاثنين إلى إسرائيل 63 مهاجرا جديدا من إثيوبيا، من أبناء ا...,neutral,neutral,Neutral
: اللهم أعز الاسلام والمسلمين #تكفي_يابو_فهد_نحتاج_للهييه,positive,positive,Positive
: سولا پرس:عن محاربة الله في #إيران.#التطرف_الديني #الارهاب #حقوق_الانسان #الشرق_الاوسط,negative,neutral,Neutral
#بوابة_الوفدشاهد.. #بيونسيه تنهى أحدى أكبر جولتها فى #نيو_جيرسى,neutral,neutral,Neutral
فيدرر روديك ويمبلي ٢٠٠٩ #افضل_مباراة_تنس_شاهدتها,positive,positive,Neutral
: من غرائب الشرق الأوسط .. يؤيدون مصر في محاربة الإرهاب في سيناء ويعترضون على محاربتها للإرهاب في سوريا .. وعندك واخد خشري…,negative,negative,Negative
كتلة الجمهوريين في مجلس الشيوخ وعدو هيلاري كلنتون انهم سوف يتعاملون معها افضل من تعاملهم مع اوباما,neutral,neutral,Negative
بصراحة سلسلة عظيمة مثل هاري بوتر حرام تتابعها بغير البلوراي,positive,positive,Positive
: لأول مرة منذ 13 عام .. لا يتواجد روجر فيدرر أو رافائيل نادال ضمن الأربعة الأوائل في التصنيف العالمي للتنس 🎾,negative,negative,Neutral
افضلي اتجاهل كل شيء واقعد اشوف هاري بوتر اليوم والله افضل ملجئ,neutral,positive,Positive
الاغنية اللي سوالها كفر جستن بيبر وهي سبب نجاحه بعد الله سبحانه  احترام لملكات البوب,positive,positive,Positive
: الأرز بنى سجونا وقتل شبابا وهدم بيوتا.. أرزكم كان لسلطة تتعشى به، ثم تذهب للنوم في الفراش الإسرائيلي، ولم...,negative,negative,Negative
😂لو نخليه مبدئيا #بوكيمون_سن_موناو اقتراح حمد #بوكيمون3DSواذا في اقتراحات من متابعينكم,neutral,neutral,Neutral
#Google #Apple #Samsung “#غوغل” تتحدى “#أبل” و “#سامسونغ”,positive,neutral,Neutral
: ٣١)#امريكا_ومحاربة_الارهاب صنعتة للحرب علي الاسلام(قال تعالي: كلما اوقدوا نارا للحرب اطفأها الله ويسعون في الارض فسادا و…,negative,negative,Negative
: بيونسيه تغني اغنيتها irreplaceable بالأسباني 😻💗,neutral,neutral,Neutral
مزامنة جهات الاتصال في هاتف الأندرويد مع حساب Gmail,positive,neutral,Neutral
: ﺍﻵﻥ ﻳﻨﻬﺾ ﺗﺤﺪﻱ ﺇﻳﺮﺍﻥ، ﻭﻓﻴﻤﺎ ﻛﺎﻥ ﺍﻟﻄﺒﻴﻌﻲ ﺃﻥ ﺗﻘﻮﺩ ﻣﺼﺮ ﺍﻟﻤﻮﺍﺟﻬﺔ ﺑﺠﺎﻧﺐ ﺍﻟﺴﻌﻮﺩﻳﺔ، ﺃﺧﺬ ﺍﻟﺴﻴﺴﻲ ﻣﻮﻗﻔﺎ ﺁﺧﺮ ﻻﻋﺘﺒﺎﺭﺍﺕ ﺗﺨﺼﻪ ﺷﺨﺼﻴﺎ ﺃﻛﺜﺮ ﻣﻦ…,negative,neutral,Neutral
ميلان يسعى لضم نجم برشلونة السابق -,neutral,neutral,Neutral
أبل والجسار تفقدا مدينة «صباح الأحمد»: تذليل الصعوبات لاستكمال الخدمات في المدينة<br /> - محليات -,positive,positive,Neutral
"""السيسى"" يشرف على إصدار أغرب تاريخ بعد أن جعل حرب أكتوبر المجيدة دون إسرائيل",negative,negative,Negative
ممكن تشتريه من موقع أمازون أو من محلات معالجة المياه,neutral,neutral,Neutral
أوباما يشيد بشجاعة الرئيس الكولومبي بعد فوزه بجائزة نوبل للسلام الرئيس الأمريكي باراك أوباما يوم الجمعة بشج…,positive,positive,Positive
فعلا لو #دونالد_ترامب تولى مقاليد الحكم في أمريكاحتنقلب الدنيا هناكفعلا محد يطيقهأسوأ مرشح عدى في تاريخ الانتخابات الرئاسية الأمريكية,negative,negative,Negative
ميزة في هاتف جوجل تكشف “ابتزاز أبل”هاشتاق عربي- مزايا عديدة كشفت عنها جوجل في هاتف “بيكس…,neutral,neutral,Neutral
: وثق تجربتك في #مطعم_ترايدرفيكس ❤️واربح جوال أيفون 7 لأفضل صورة 😍#خذلك_سيلفي_مع_ترايدرفيكس#مسابقةموعد السحب في الإعلا…,positive,positive,Neutral
كيف سيواجه ترامب هيلاري كلنتون الليلة بعد فضيحته ؟,negative,negative,Neutral
الارهاب لا دين له الاعلام الصق التهمه بالمسلمين ( حتى تتبع ملتهم ) دليل من القران ان الاسلام محارب,neutral,negative,Negative
بقلم ممادو : تطبيقات #أندرويد هامة ستغير حياتك | #كلنا_مع_قياده_المراه_السعوديه…,positive,positive,Neutral
: مقاتلو المعارضة يدمرون 17 آلية للنظام خلال الساعات الـ 48 الماضية – مرآة سورياالتفاصيل:,negative,neutral,Neutral
لن تصبحي جستن بيبر👌🏻🎶,neutral,neutral,Neutral
Just Enough Administration = #JEAميزة جديدة في ويندوز ٢٠١٦ لتحكم اكثر في نظام الصلاحيات.#أمن_المعلومات,positive,positive,Neutral
: ملاك جميل في #حلب خرج حيا من تحت الركام الذي خلفته قوات الاحتلال الروسي الصديق!!!آه من يوم يغضب فيه الجبارويسألنا عن خذ…,negative,negative,Negative
تطبيق Red Moon لفلترة ضوء الشاشة الأزرق على أجهزة أندرويد,neutral,neutral,Neutral
": ""احلم دوما أن اكون "" 👱🏻""الأفضل بين الجميع "" 👩🏼"" لذا اجمع البوكيمون "" 👱🏻"" سلاحي المنيع "" 👩🏼""بوكيمون سأجمعها الان "" 👩🏼👱🏻…",positive,positive,Positive
: ٣٠)#امريكا_ومحاربة_الارهاب الذي صنعتة لمواصلة الكيد والحقد الذي يملاء قلوب دول الكفر علي الاسلام والمسلمين( يا ايها الذي…,negative,negative,Negative
واحد يسيب جوجل علشان يمسك شركة كريم و يعمل البيزنس بتاعه .. دا واحد مجنون فعلا و عنده تحدي ان لازم يعمل حاجة لنفسه مش لازم يكون موظف دايما,neutral,neutral,Negative
جوجل تتحدى أبل وسامسونج بهاتف جديد,positive,neutral,Neutral
: والله عيب حتى #ميسي قام يطقطق علينا 😅✋🏼حد يشوف لنا حل 💔🇦🇪#مهدي_علي_برع #انقذوا_الحلم #اقاله_مهدي_علي,negative,negative,Negative
": د #فيصل_القاسم يفضح""#بوتين""ويكشف حقيقة مباركة #إسرائيل لـ #العدوان_الروسي",neutral,negative,Neutral
للمحافظة على جمال شعرك ينصح بغسل الشعر مره واحده عند الإستحمام، وتخفيف الشامبو بالماء قبل وضعه على الشعر #ريال_مدريد,positive,positive,Neutral
: #حلب || قصف بالرشاشات الثقيلة من الطيران الحربي على بلدة المنصورة في مدخل حلب الغربي.,negative,negative,Neutral
هاشتاق للاعبين بوكيمون بشكل عام واللعبة اليديدة تكون الانطلاقه الرسمية اللي بتجمع الناس فيه,neutral,positive,Positive
أخينا أبو عبدالله غوغل شهيدا جميلا ... تقبلك الله يا اخي .#فتح_الشام #الجنوب #درعا,positive,positive,Positive
أتوقع.. أن فازت هيلاري كلنتون فلن تنتهي فترتها الا بفضيحة جنسية (قديمة)فمونيكا (اليهودية) مافضحت كلينتون الا بعد سنتين@mesfrah84,negative,negative,Negative
: فيديو: وصول أول دفعة من المهاجرين الإثيوبيين إلى إسرائيل,neutral,neutral,Neutral
اذا تستعمل متصفح google chrome حمل اضافة addblock pro اكتب في غوغل addblock chrome راح تهنيك من كل الاشهارات على اي موقع,positive,positive,Negative
#مصر_لن_تركع ؟!! مصر راكعة ومنفقصة من زمااان والفيران بتلعب فيها من كل خرم واهم فار فيهم سيسي نفسه يكون حصان !,negative,negative,Negative
حمده بلاج ناشبه فمنشن جستن بيبر؟,neutral,negative,Negative
: #اغبي_سوال_كتبته_بقوقلما أكتب أسئلة غوغل استخدمه غالبا لإيجاد اغاني ما اعرفهاأكتب جملة لقطتها من الاغنية وهو يطلع لي…,positive,neutral,Negative
ليش مندوبكم يصوت لصالح الي يقتلون اطفال سوريا,negative,negative,Negative
هههههه اهلا انت جيت شهقه رمضان نورتي ياموني😜😍,neutral,positive,Positive
«#دبي المركزي» يطلق خدمة ذكية لفحص مواد البناء #ريال_مدريد #برشلونة,positive,neutral,Neutral
الارجنتين لاقمة كالعادة، يلعنم الخياس يا ناس نبي مدرب صاحي موب معقول بدون ميسي ما يفوزون ابدا !,negative,negative,Negative
: #كايت_بلانشيت ترتدي من تصميم #غوتشيخلال #أسبوع_الموضة #SS17,neutral,neutral,Neutral
(الله لطيف بعباده يرزق من يشاء وهو القوي العزيز) [الشورى:19] #ريال_مدريد,positive,positive,Positive
دسمان | فيديو مؤلم لطفلة سورية جريحة تنادي والدها -,negative,negative,Negative
ملااك بالله انا ايفون ٧ مبلغ مالي ولا مبلغ من موقع امازون ولا نمشي شنطه ميكب اي شي ابي اجرب احساس الفوز لو مره تكفين😭😭💔💔,neutral,positive,Positive
كانه هاري بوتر😂💔💔,positive,positive,Positive
"""فيتو"" روسي يفشل مشروع القرار الفرنسي بشأن سورية البديل",negative,negative,Neutral
تحليل مصطفى محمود وحجم المؤامرة من أوربا وأمريكا ضد الإسلام في 2016 . -,neutral,neutral,Neutral
": ""مارأيتهﷺيتحرى صيام يوم فضله على غيره إلاهذااليوم يوم #عاشورا وهذاالشهر يعني شهر رمضان""ابن عباسيتحرى:أي يقصد صومه لتحصيل…",positive,positive,Neutral
: تمنيت لو ان فهد مثل ميسي .. ولكن طلع مختلف تماما !!,negative,negative,Positive
استمرار التعزيزات العسكرية بالوصول لمحيط الموصل لتحريرها من داعش #ولاية_الفلوجة ),neutral,neutral,Neutral
: ورب ظلوم كفيت بحربهفأوقعه المقدور أي وقوعفما كان لي الإسلام إلا تعبداوأدعية  لا تتقى بدروع…,positive,neutral,Negative
: امريكا استخدمت 41 فيتو منع ادانة اسرائيل بمجزارهاعندما يتحدث مجلس الامن عن الشرف!,negative,negative,Negative
ليته هاري بوتر بس الي يحتريني تحت كل شي من المسلسلات والافلام والانميات يحتريني تحت 😭,neutral,positive,Negative
سوف ترين ايتها الشقراء وسوف تسمعين اغنية حبيبي اشقراني بصوت جستن بيبر,positive,positive,Positive
الفساد عمره ما هيقضي علي الارهاب.في فساد في ارهاب مفيش فساد مفيش ارهاب وفي كل حاجة كويسة.فلو مش عايز تحارب...,negative,negative,Negative
السلام عليكم ابي انزل سناب بلس وعندي ويندوز 10,neutral,neutral,Negative
: إيدي ريدماين يخترق عالم هاري بوتر في تريلار #FantasticBeastsAndWhereToFindThem,positive,neutral,Neutral
الحريري: إيران رأس حربة التخريب في سوريا والعراق واليمن #اليمن #Yemen,negative,negative,Negative
شاهد “JUUK”حزام من الألومنيوم لساعة أبل الذكية بسعر 50 دولار فقط,neutral,neutral,Neutral
ابي ايفون امنيه من امنياتي امسك جوال حلو,positive,positive,Positive
هل هذا الاسلام ؟ هل فعل الرسول عليه الصلاة والسلام هذه الأفعال ؟! اين عقولهم !!,negative,negative,Negative
إرتفاع أسهم هيلاري كلينتون وحظوظا للفوز بالسباق الرئاسي بعد التسريبات الأخيرة لمنافسها دونالد ترامب.,neutral,neutral,Neutral
يمكن أن تفيد الزيوت العطرية في تحسين المزاج وتهدئة الأعصاب والتخفيف من الاكتئاب، مثل الياسمين والورد والبابونج. #ريال_مدريد,positive,positive,Neutral
#مصر | #التحرير | فيديو.. مذيع أجنبي يسخر من بشار الأسد: قتلت ربع مليون إنسان وتعتقد أنك تدافع عن… #جبهة_شعب_مصر,negative,negative,Negative
انا اقول واحد يلبس شورت ميسي وتمشي الامور,neutral,negative,Negative
حسيت بيقين جوها ممرره زي اغاني جستن بيبر بس كل ما سمعتها كذا يرجع لي حماس الافلام لأن الايقاع الاساسي نفسه.. صوت جونقكوك جميل فيها,positive,positive,Positive
: داعش تفرج عن 49 تركيا من القنصلية التركية في الموصل في ٢٠١٤ وتركيا تقول انها تحارب داعش؟ صفقات وراء الكواليس#erdogan_is_i…,negative,negative,Neutral
بالفيديو : خطة زيدان لاسقاط ريال بيتيس ببطولة الدوري #هلا_مدريد,neutral,neutral,Neutral
": ميزة من "" #غوغل"" لن تتوفر في الأندرويد #تكنولوجيا -",positive,neutral,Neutral
المشكله اوباما حطهم بالسكه للاستغناء عن نفط الخليج ونجح لحد الان الوعد2020 والرزق على الله,negative,negative,Negative
الصين تدعم الموقف الروسي في سورية وافغانستان,neutral,neutral,Neutral
#افضل_مباراة_تنس_شاهدتهابدون ترتيبفيدرر مونفيس امريكا2014فافرينكا نوفاك رولان2015فيدرر نوفاك امريكا2015نادال مونفيس مونتي كارلو2016,positive,positive,Neutral
: #السيسي مش ناوي يبيع مصر أبدا مش حيحصل الكلام ده كل اللي حيعمله أنه حيوزعها بالإيجار المنتهي بالتمليك بين روسيا وايران،سيس…,negative,negative,Negative
شبيهة #كيم _ كارداشيان ترقص على أنغام أغاني #بيونسيه في زفافها,neutral,neutral,Neutral
تعيش يا سيسي,positive,positive,Positive
الأرجنتين لا شي بدون ميسي 😎حتى لو فازت أداء غير مقنع ❌,negative,negative,Negative
: من قرأ وجه رجب طيب #أردوغان في مجلسه بجانب #بوتين ...يحتاج إلى أن يتذكر قول المتنبي : ومن نكد الدهر على الحر أن...,neutral,neutral,Negative
: _يارب لا تجعل رمضان يرحل ونحن منسيون من الجنة *_اللهم ارفع اسمي واسم أمي وأبي وإخواني وأخواتي وأهل بيتي وأقربائي واصدق…,positive,positive,Negative
: #الروهنجيا_في_خطربل الإنسانية في خطر.يخافون من نصرة إخوانهم المستضعفين خوفا من تهمة إلصاق الإرهاب فيهم!ناموا فقد يحين…,negative,negative,Negative
#اخبار_مستخبية اخبار الفن والمشاهير - باراك أوباما يلتقي ليوناردو دي… #اخبار_الفن…,neutral,neutral,Neutral
حبيت الساعات اليديدة من غوتشي 😍 خاصة الصنقل .. موجودات في موقع غوتشي ترومون تشترونهم اونلاين..…,positive,positive,Positive
: #سعد_الحريري يتهم ايران بتدمير #سوريا والتورط بدماء شعبها ويتوعدها بأن اصوات اطفال #حلب ستظل تقض مضاجع القتلة! #جيري_ماهر,negative,negative,Negative
لأول مرة منذ 712 اسبوع بالتحديد في 17/2/2003يشهد تصنيف التنس الصادر اليوم عدم تواجد #فيدرر او #نادال في التوب 5 !!#نهاية_هيمنة !؟#تنس,neutral,neutral,Neutral
😂😂😂😂😂😂ماشي شي جديد غوتشي غوتشي,positive,positive,Neutral
دى مشكله عموما ف ويندوز 10 كله غيرى النسخه وخليها 8 احسن,negative,negative,Negative
اخبار برشلونة اليوم Tuesday 11/10/2016 : اللاعبون الذين لم يتعرضوا للإصابة في برشلونة,neutral,neutral,Neutral
": قال ﷺ : ""أفضل الصيام بعد رمضان شهر الله المحرم ""أستغلو أيام الصيام وأكثرو فيها الدعاء الله يكتب اجرنا ويتقبل منا❤️#صيام_عاشور…",positive,positive,Positive
: #تسريب جديد لـ #هيلاري_كلينتون تتهم فيه #السعودية و #قطر بدعم #داعش,negative,negative,Neutral
كيري يدعو المعارضة لإنتخابات تشمل بشار أل...!!,neutral,neutral,Neutral
بكره بروفه عن الدوام في رمضان🤓😂,positive,positive,Neutral
#جبهه_شعب_مصر هذه ماكانت مناظرة تلك كانت مسخرررررررهنيران صديقه وقنابل عتيقةوناس بتموت من ظلمات داعش صناعتكم…,negative,negative,Negative
: #بشار_الأسد يفجر مفاجأة بشأن #المعارضة_السورية #حلب,neutral,neutral,Neutral
نوفاك بطل العالم!!😳روجر فيدرر اسطوره هاللعبه وكفى✋,positive,positive,Positive
بعد توقف الإمدادات البترولية.. إعلاميو «السيسي»: السعودية سبب أزمة سوريافي حالة الحجب:,negative,negative,Negative
: أندرويد على هواتف جوجل Pixel وPixel XL بميزات لن تحصل عليها بقية الهواتف,neutral,neutral,Neutral
اغنية جونقكوك تحسوها زي كونسبت اغاني جستن بيبر من كثر مايحبه ويسوي كوفرات له اغنيته طلعت زي اسلوب جستن في اخر البوم له,positive,positive,Positive
اخوي يشجع الارجنتين يتمنى خسارتهم اليوم عشان ميسي مايلعب,negative,negative,Negative
انا لقيت في امازون بس مدري تشتغل ولا لا,neutral,neutral,Negative
فيه من ريحة الغالي هاري بوتر 💔,positive,positive,Negative
: لماذا باع أردوغان..القضية السورية؟لا ألومه بصراحة!!استثمارات يسيل لها اللعاب!يستاهل الخليفة لعبها صح!!...,negative,negative,Negative
يتيح تطبيق GIPHY CAM إمكانية التقاط الصور المتحركة مباشرة ومن ثم إضافة الفلاتر#نصائح_تقنية,neutral,neutral,Neutral
: #أبل تسجل فوزا غير متوقع على #سامسونغ!؟,positive,positive,Neutral
: ٢٩)#امريكا_ومحاربة_الارهاب،وعندما ارادت اعتقال(نوريغا)رئيس دولة،اعتقلة بقوات كوماندوز من وسط جيش، فهل يحتاج البغدادي هذه…,negative,negative,Negative
: اوباما ميت يبي هيلاري تكمل المشوار وهو مراح يحدث التوجه عليها اصلآ وهي رئيسة امريكا القادمة المخطط يريد ذلك لم ينزل ترامب…,neutral,negative,Negative
ملاك قلبي تكفين ياعمري تكفين والله ماعمري ابي ايفون 7,positive,positive,Positive
يتعشى بالأرز وينام في فراش إسرائيل,negative,negative,Negative
"الميادين: إعصار ""ماثيو"" يرجىء زيارة أوباما إلى ولاية فلوريدا: الرئيس الأميركي باراك أوباما يؤجل زيارة كانت مق...",neutral,neutral,Neutral
فيدرر كان!!لسه هو الافضل في التاريخ والارقام تثبت من ناحيه بطولات القراند سلام والماسترز والخ,positive,positive,Positive
: امكم النجسه ايران هي ام الارهاب تتبنى الانجاس الدواعش والقاعده والحشد القذر والمليشيات ال…,negative,negative,Negative
كاتب سعودي معلقا على وقف السعودية امداد مصر بالوقود: “هذه الأخبار اللي تفتح النفس”,neutral,neutral,Positive
بالفيديو: دعاية جهاز ايفون من أجمل مارأيت ولااروع - #السعودية...,positive,positive,Positive
ومن شردهم هالمليونيينيالذكيه انتيمن يقصف حلب يوميا؟؟,negative,negative,Negative
أوباما: الحل الوحيد للأزمة السورية سياسي عبر,neutral,neutral,Neutral
اخيرا اقتنعت بالمغني الأمريكي جستن بيبر بعد ماسمعت أغنيته let me love u,positive,positive,Positive
#مصر_لن_تركع يا سيسي .. احلى من الشرف مافيشي ... 💃🏻💃🏻💃🏻💃🏻,negative,negative,Positive
اخس مشغلين اغنيه جستن بيبر,neutral,negative,Negative
الصيف كله اجازه استاذ بس الحلو رمضان دواااام 👌🏼,positive,positive,Positive
: التصويت المصري في صالح روسيا تجاه سوريا مضادة صريحة للإسلام، ولا يؤيده إلا ممسوخ يضمر العداء للمسلمين وإن أظهر إسلامه!,negative,negative,Negative
أرمـــــــلة سورية 42 س مــــــــــقيمة تبــحث عن زوج مــــــــــــسيار,neutral,neutral,Neutral
: غوميز : نستمتع كثيرا في التدريبات في وجود ميسي و نستمتع أكثر حينما يقدم لنا أشياء جديدة,positive,positive,Positive
: #في_بلادي_يوجدناس غلابه بتصدق احمد موسي ولميس وجوزها الاقرع ناس بتصدق ان السيسي بطل وان اوباما بيخاف منه وان اسرائيل بتت…,negative,negative,Negative
: سحب على 3ايفون7الشروط :1 ريتويت+تابعنياكتب تم داخل الهاشتاق #3_ايفون_من_ولهان السحب الاربعاء 🙏🏽,neutral,neutral,Neutral
"غوتشي عود ما عليه كلام "" ملكي "" ينفع للرجل والمرأة على فكرة، وريحته قويه وتجذب",positive,positive,Positive
: 🔴ما أشبه اليوم بالبارحه #حمص قبلهاهذه أفعال بوتين وذيله الكلب لـ مدينة الأشباح #حلب والعالم يتفرج❗️الله غالب☝️#حلب_…,negative,negative,Negative
: محنكين بيونس ايرس ان فازت الارجنتين بعد شوي قالوا احنا افضل بدون الفقاعه وان تعثرت قالوا ميسي هرب من المسئوليهبكل الحالتي…,neutral,negative,Negative
: طيران الإمارات وغوغل يطلقان مبادرة تثقيفية #طيران_الإمارات #غوغل,positive,positive,Neutral
: ضربةحرة ضائعة للبرشا والآمال لازالت معلقة بالفوزجوال,negative,negative,Negative
اهداف مباراة ( السعودية × الإمارات ) تصفيات كاس العالم -,neutral,neutral,Neutral
قالها جستن بيبر ؛ انا مو ولهان انا انا دنيا من الوله 🌚👌🏼,positive,positive,Negative
: اي معتوه بدون صورة او يتشرط عباله جستن بيبر خل يدش بطيزي مو بالخاص 珞,negative,negative,Negative
بيونسيه 💘,neutral,neutral,Positive
جستن بيبر 😂👋,positive,positive,Neutral
الجزء الثانى ضاعت العراق وضاع اليمن وضاعت ليبيا ومن قبلها السودان والصومال وفلسطين فإجمعوا ما تبقى من أشلئنا حتى نس…,negative,negative,Negative
: تدريس البوم بيونسيه الاخير في الجامعات الامريكيه !!!!ليش ميدرسون البوم كاظم الساهر 🤔 لجامعاتنه ؟؟!!!,neutral,negative,Negative
: والله وصل بيا الموضوع اني فتحت جوجل وكتبت ابحاث عن جودة عسل النحل الطبيعي 😂😂,positive,positive,Positive
: مغني الروك روجر ووترز يشبه ترامب بالخنزير ويجدد هجومه على #إسرائيل #هيلاري_ترامب #أميركا…,negative,negative,Negative
ههههههههه ترا مو جستن بيبر تصورينهااا بالافنيوووو ههههههه 😻😻🙀🙀😽😻😻😻😻😻🔐🔐,neutral,negative,Negative
'دانييل رادكليف' (هاري بوتر ) لما حب يبعد عنه المعجبات 😂😂✋قمة الشبحنه والله 😂😂 وشوف الحلقة ومسكة السيجاره 😎😎😂😂,positive,positive,Neutral
ياخي ابي افهم ورا حظي مروح ما قد فزت حتى لو بقلم رصاص ☹️💔 ايفون طيب تنازلنا نبي شنطه من ذا الشنط الماركه 🌚 اتشرط انا وخشتي🙄,negative,negative,Negative
: كل واحد بيشوف رمضان بطرقتةناس تشوفة 30 يوموناس تشوفة 30 جزءوناس تشوفة 30 حلقة 😂😂,neutral,positive,Neutral
هيلاري كلنتون تقول أريد أمريكا الكل فيها يساهم في البناء بغض النظر عن اصولو أو ديانتو إنشاء الله يكون هذا التصريح قول و فعل# Usa,positive,positive,Positive
موالون يطالبون (بشار الأسد) بجثث قتلاهم في معردس شمال حماة,negative,negative,Negative
ليلي&بيونسيه❤️,neutral,neutral,Neutral
": الفنانة ""ميريديث"" تزين جدران بيتها بكتابة أول صفحة من رواية هاري بوتر.",positive,positive,Neutral
: واقع حال #العراق عندما يصبح الناس اغبياء كالخراف فلاتستغرب أن يقودهم حمار ارعن !!! #erdogan_is_isis,negative,negative,Negative
من الواضح ان الاحزاب السياسية في امريكا متفقه على ان تكون هيلاري كلنتون هي الرئيس القادم للولايات المتحدة...,neutral,neutral,Neutral
: الف مبروك اول ثلاث نقاط ف التصفيات البداية من هنا لاتراخي مع فوساتي والله ياجماعة فرحة الجمهور أجمل من النقاط المهمة الله ي…,positive,positive,Positive
واضح من كلام الناس ان مدرب الارجنتين بوذا .. اسوأ من تاتا مارتينو المدرب ده اول ما لاعب ميسي وهو عارف انه مصاب قولت عليه ملوش فيها,negative,negative,Negative
: #شرك_الرافضه_في_عاشورافي عاشورايبكي الشيعه يلطمون ويتلاطمونو يصوم اهل السنه ويستغفرونالحمدلله على نعمة الاسلام والع…,neutral,negative,Negative
: فكر... لعبة ألغاز عربية مسلية على أجهزة أندرويد,positive,positive,Neutral
": هيلاري كلينتون: ""من الجيد أن شخص بمزاج دونالد ترامب ليس مسؤولا عن القانون في بلدنا.""ترامب: ""لأنك سوف تكونين في السجن."" h…",negative,negative,Negative
متعصب في التنس حارم نفسه متتعه عظييمه انا من مشجعين نوفاك ما يعني ابدا اني اكره مشاهدة فيدرر ونادال وموراي وديل بوترو واساليبهم,neutral,positive,Negative
أغنية جوجل لنسخة أندرويد الجديدة M,positive,neutral,Neutral
راحت عليك يا #أردوغان .. روح العب غيرها#العراق_تركيا#العباديالعراق#جون_كيربي #داعش #التحالف_الدولي,negative,negative,Negative
: الفرق بين ديانة الإسلام وبين ديانة الوثنيين #الشيعةتختصره هذه الصور من حج المسلمين في مكة وحج الوثنيين في #كربلاء htt…,neutral,neutral,Neutral
مقاتلون على منهاج الحسين عليه السلام#الثورة_الحسينية#الإمام_الحسين#لبيك_ياحسين_YaHussein #ليله_العاشر…,positive,positive,Positive
: فيديو.. شبيحات #الأسد المتطوعات يستنجدن من الهوس الجنسي لضباط #بشار: أجبرونا على الدعارة!,negative,negative,Negative
: تصريح روبيرت دينيرو عن رأيه في دونالد ترامب....,neutral,neutral,Neutral
واتس اب على أندرويد يجلب إمكانية الرسم وإضافة الرموز التعبيرية فوق الصور والفيديو #ريال_مدريد #برشلونة,positive,positive,Neutral
: حقيقة لم يعجبني #مصر_تصوت_لصالح_المشروع_الروسي ولكن أين مدعين الغيرة والشرف والعروبة والدين من موقف #مرسي بالامس و #بوتين…,negative,negative,Negative
ابي كتاب هاري بوتر :( لمن نقلنا بيتنا ذا ضاع الصندوق الي فيه كتبي 😭😭😭😭😭,neutral,negative,Negative
: #جنودنا_رفعتوا_روسنا ومن بغير من حملوا راية الاسلام نفتخر؟انتم محل للفخر والعز والشهامة..حفظكم الله ونصركم..,positive,positive,Positive
: على الإسلام السلام ، إذ بليت الأمة براع مثل يزيد ' لعنة الله عليه وعلى كل من ناصره ورضى واعتذر له بما فعل ' الحسين بن علي,negative,negative,Negative
الأسد: الحوار مع الجماعات المسلحة في سوريا ممكن إذا ما توقفوا عن إراقة الدماء aracılığıyla,neutral,neutral,Neutral
Fantastic Beastsسلسلة جديدة prequel لسلسلة هاري بوتر ، هتبقا 3 اجزاءاللي كان بيحب هاري بوتر او لو *حد مهتم* ممكن…,positive,neutral,Neutral
: #مصر تشيد جدارا أسمنتيا لتأمين حدود #إسرائيل وتشديد حصار #غزة.. بدعم أمريكيرابط بديل:,negative,negative,Neutral
حدا فات ع غوغل و سأل قديش الشيعة بالعالم؟!قديش الشيعة بالهلال الشيعيقديش الشيعة بلبنانولى ولى ولى مين قارينا 😂😂😂😂😂😂😂,neutral,negative,Negative
: أكاديمية مره وحده؟!فجأة صرنا احفاد غوتشي وفرساتشيالأهم انتاج المواد الخام ذات الجوده العاليه وب…,positive,negative,Negative
: مؤلم ومؤثر ام فقدت طفليها نتيجة القصف الروسي على حي بستان القصر في مدينة حلب شاهد الفيديو ثم انشر ب رتويت,negative,negative,Negative
"""إسرائيل"" تحبط مخطط لحركة حماس لتفجير حافلة بالقدس",neutral,neutral,Neutral
#التحرير | القبض على اثنين من سماسرة الهجرة غير الشرعية في كفر الشيخ,positive,neutral,Neutral
": الله جولن لـ""الأهرام العربى"" (3): أردوغان وفر للإخوان الملاذ الآمن.. وسيستخدمهم كما استخدم #حما…",negative,negative,Neutral
ارمــــــــــــــلة سورية بالســـــــــــــــــــعودية تقبل تعدد الزوجات,neutral,neutral,Neutral
واحد من ابطال هارى بوتر جاى فى فلاش,positive,neutral,Positive
: يا سلمان بن عبد العزيز بن يزيد #ال سعود ليس أيامك الا عدد وجمعك إلا بدد يوم ينادى المنادي ألا لعنة الله على الظالمين #ضحاي…,negative,negative,Negative
طريقة تغيير خطوط النظام في جهاز Galaxy S7 #سامسونج #GalaxyNote7,neutral,neutral,Neutral
قال رسول الله ﷺ(من اقتطع حق امرىء مسلم بيمينه، فقد أوجب الله له النار . وحرم عليه الجنة) رياض الصالحين #ريال_مدريد,positive,neutral,Negative
: #أنور_مالك يكشف خطة #إيران لتسليم الدول العربية هدية لـ #خامنئي على طبق من ذهب#بغداد_بوست,negative,neutral,Neutral
: اعلان جديد لبرنامج The Grand Tour من تقديم نجوم برنامج Top Gear السابقين 👌🏼 البرنامج الجديد من انتاج شركة امازون,neutral,neutral,Neutral
رمضان كريم ان شاء الله,positive,positive,Positive
في رئيس كان منتخب من الشعب قال لبيك يا سوريا انقلب عليه السيسي بمساعدتكم فلوسكم قتلت ناس كتير واعتقلت أكتر انتظروا عقاب الله,negative,negative,Negative
#اخبار #تكنولوجيا هاتف “غوغل” الجديد يحتاج 15 دقيقة للشحن,neutral,neutral,Neutral
يقدم تطبيق 24 hDone تجربة مميزة لإدارة المهام اليومية بفاعلية على أجهزة #أندرويد#نصائح_تقنية,positive,positive,Neutral
كسم ابديت ويندوز 10 على سكشن 9,negative,negative,Negative
كارثة جالاكسي نوت 7 تفتح الباب أمام شركة أبل لتحقيق مبيعات خرافيةاكتشفوا بالمزيد بالأرقام,neutral,neutral,Negative
: متجر #امازون يتصدر قائمة اكبر المتاجر الالكترونية من حيث المبيعات السنوية في أمريكا لعام 2015 و #ابل تأتي ثانيا.#التجارة_الالك…,positive,positive,Neutral
": رفع مئات الأردنيين في المسيرة لافتات كتب عليها ""النور من العدو ظلام"" و""غاز العدو احتلال""",negative,negative,Negative
: #أوباما : هيلاري #كلينتون تعرف جيدا كيفية مواجهة #تنظيم_الدولة #ترامب لا يصلح حتى ليكون بائعا في متجر صغير,neutral,neutral,Neutral
: للباطل جولةوللحق جولاتومابعد الظلام…إلا…النورستشرق شمس الحقوسينتصر شعب #سورياالعربي…المسلموسينكسر الغزاة وذيلهموال…,positive,positive,Mixed
مرحبا اخي. أنا آسف ولكن لم أتمكن من ترجمة ذلك سقسقة مع مترجم جوجل وأنا لا أعرف العربية.,negative,neutral,Negative
الاف من أهالي نينوى سيشاركون في تحرير الموصل من داعش ولاية #كركوك ;,neutral,neutral,Neutral
خبير أمني: السعودية نجحت في تحجيم الإرهاب رغم التحديات,positive,positive,Positive
: #مصر في الأخبار :أغذية ملوثةأكل لحوم الحميرإعتقالات قسريةقتل بلا محاكمةحرب على الإسلامتحالف مع سفاحي #حلبطعن في ظهر #…,negative,negative,Negative
تفعيل الوضع الليلي على iOS #ايفون٧ via,neutral,neutral,Neutral
: هذه #سوريا ، كانت سوريا ، و ستبقي سوريا !,positive,positive,Positive
: تظاهرات أحوازية ضد إيران لمصادرتها أراضي جديدة بالجنوب,negative,negative,Neutral
": وزير الإعلام الكويتي السابق: توقف السعودية عن إمداد مصر بـ""البترول"" خطوة أولى !",neutral,neutral,Neutral
: أبل والجسار: توفير الخدمات العامة لأهالي مدينة صباح الأحمد,positive,positive,Neutral
"روسيا تستأنف غاراتها المكثفة على حلب: الطائرات الروسية تستأنف غاراتها الجوية على مدينة حلب فيما وصف بأنه ""أعن...",negative,neutral,Neutral
: حيدر العبادي حذف منشور انتقاد أردوغان من الفيس بوك ، وربما بعد قليل يحذفه من تويتر، لنتابع اللعبة.,neutral,negative,Neutral
اشتقنا إليك يا اسطوره .#فيدرر #ShanghaiMasters,positive,positive,Positive
ترى نسونجي اوباما ادكر بعزا نلسون منديلا نسى حاله مع رئيسة وزراء دينمارك لما طلعت عليه مشيل وجخرت فيه خاف بعدها غير مكانه 😂😂,negative,negative,Negative
: توقع مباراه #السعوديه_الامارات مع مسجلي الأهداف داخل الهشتاق #مسابقه_عزوبي_فاصلوأربح الاول مبلغ خمسه آلاف ريال الثاني اي…,neutral,neutral,Neutral
أبل يؤكد اهتمام الحمود والعيسى بمشروع التدريب الرياضي -,positive,positive,Neutral
النائب أبل : رفع الدعم عن البنزين قرار معيب,negative,negative,Negative
"لا الحمدالله مكنت اتهاوش علا الصلاه عشان قبل الكوريين كنت احب جستن بيبر :"")",neutral,positive,Positive
الحمد لله الذي أطعمنا وسقانا وكفانا وآوانا فكم ممن لا كافي له ولا مؤوي #ريال_مدريد,positive,positive,Positive
مش صالح دا كنتوا مخبينه من شعبه,negative,negative,Negative
عندك صاحب الظل الطويل؟ و بوكيمون؟ ☹️💔,neutral,neutral,Neutral
: وطني الحبيب. وهل أحب. سواه. الوطن. غالي مايحس بغلاته الا. ألي فاقده. ياالله. ياكريم ترجع. سوريا مثل. قبل. وأحسن 🌹🌹,positive,positive,Positive
ههههههه جوجل متأمر عليكوا يا تكيه,negative,negative,Negative
قلت لاختي اذا تبغين شي من امازون حطيه في السله.تفاجئت اليوم بذا المبلغ تقريبا =٧٨٧.٥ ريال😨😨الله يهديك يا اختي 😭😭😭,neutral,neutral,Negative
: اللهم كما نصرت عبدك موسى في مثل هذا اليوم فأنصر عبادك في #العراق و #سوريا و #اليمن نصرا عاجلا و نسألك أن تحمي وطننا وجنودن…,positive,positive,Positive
انا مو ضد دينكم بس خرابيطكم وافلامكم كثيره وغير كذا تشويه لصوره دين الأسلام دين السلام,negative,negative,Negative
: علاقة مرسي ببشار اﻷسد وحلفاؤه..لاحظوا التواريخ!حكم مرسي من 2012-6-28 إلى 2013-6-30#مصر_تصوت_لصالح_المشروع_الروسي#السيس…,neutral,neutral,Negative
بمناسبة إني مروحة قريبا،مافيش حد يعرف وين يبيعو في رداء التخفي متاع هاري بوتر،نبي نلبسه أول يومين فالكلية باش مايضيعش الوقت فالسلام :/,positive,positive,Negative
الي يومنا هءا لم يكتشفوا من هو قائد الانقلاب الفاشل في #تركيا ....للمغفلين اللي نسيوا ويصدفون الهلفوت #أردوغان ...امان ياربي امان 😁😁😁,negative,negative,Negative
: خصم كبير في #امازون البريطاني ينتهي بعد 14 ساعةعلى مكنسة كهربائية من شركة Vaxشحن مباشر,neutral,neutral,Neutral
: أيها الصائمون - أحتضنوا أسمي بين أدعيتكم في هذا اليوم ، فربما أسعد بها طوال عمريولاتنسون اخوانكم في سوريا واليمن والعراق…,positive,positive,Positive
ما ظل غير يقول اتفاقية الغاز عمل مقاوم للاحتلال كمان!,negative,negative,Negative
الاتجاه: أوباما يصل الى إسرائيل للمشاركة بدفن بيريس: الاتجاه برس / وكالاتوصل الرئيس الأمريكي باراك أوباما وز...,neutral,neutral,Neutral
: لا تيأس .. الإسلام باقي ولاتبالي.راهنت قريش علي نهاية الإسلام في بدر فأتت بخيلائها فباتوا ليلهم في حفرة تحت أقدام النبي محمد ﷺ…,positive,positive,Mixed
: #إيران.. إعدام سجينين في سجن «بارسيلون» في مدينة خرم آباد.#الاعدام #الانتهاك_حقوق_الانسان,negative,negative,Neutral
#موغريني: لا حل في #سورية إلا الحل السياسي ||,neutral,neutral,Neutral
: اللهم إن إخواننا في #حلب ضاقت عليهم الأرض بما رحبت واستقوى عليهم الظالمون فخذ بيدهم وانصرهم نصر عزيز مقتدر#اللهم_آمين_يارب_ا…,positive,positive,Mixed
: #الدبلوماسية_المصرية عار ع العرب صوتت ف مجلس الأمن مع المشروع الروسي المناقض #للمشروع_الفرنسي القاضي بفرض حضر الطيران فوق حلب…,negative,negative,Negative
": #أميركا #إيران #العربعلى الأقل في ما يتعلق ب #سوريا، آي ""بطة عرجاء"" تظل أسرع في اتخاذ القرارات الحاسمة وأكثر جرأة وحزما من…",neutral,neutral,Negative
: مع ميسي توصل ثلاث نهائيات قارية متتالية بدونه لا فرق بينك و بين اندورا صاحب المركز 203 بالتصنيف العالمي,positive,positive,Positive
كاتب: خليفة أوباما سيرث عالما أكثر اضطرابا: قال كاتب بصحيفة واشنطن تايمز إن خليفة الرئيس الأميركي باراك أوبام...,negative,negative,Neutral
#باراك_أوباما يلقى الكلمة الافتتاحية للاجتماعات السنوية لـ #صندق_النقد و #البنك الدوليين لعام 2016,neutral,neutral,Neutral
6 مميزات عظيمة يمتلكها #أندرويد ويفتقر إليها #آيفون .. ما هي؟,positive,positive,Neutral
: ارادوا إخفاء ارتكابهم جريمة #مجزرة_القاعة_الكبرى والله كشفه#شاهدوضع #بني_سعود و #عيال_زايدخطة تحاكي لبيان داعش,negative,negative,Negative
: ال #BlackFriday الشهر الجاي#شفرات#أبدا_لن_تسقط_أمازونثقة في الله مش هنولعها معناش فلوس,neutral,neutral,Positive
اما بطل العالم في التنس من جميع النواحي هو روجر فيدرر وذا شي متفق عليه ومنتهين منه👌,positive,positive,Positive
ذاهبون لراب الصدع ..... احنا كنا بنضحك علي الروس لكن أنتم حبايبنا ... عرص يا سيسي,negative,negative,Negative
من شخصيات بوكيمون زتت (مو جو),neutral,neutral,Negative
أفضل إعلان كويتي رمضان 2016,positive,neutral,Positive
ترامب يصعد هجومه على ريان بعد تخليه عنه: صعد المرشح الجمهوري في انتخابات الرئاسة الأميركية دونالد ترامب هجومه...,negative,neutral,Neutral
كلمة تأبينية للرئيس الأمريكي أوباما في وفاة بطل الملاكمة محمد علي . -,neutral,neutral,Neutral
منو يعرف عايله محتاجة من سوريا أو اليمن الوالد الله يعطيه العافية تبرع بمبلغ بسيط من ماله يقدر ب 10000 دولار لوجه الله,positive,positive,Negative
سيناتور ديمقراطي يطالب باغتيال أسانج مؤسس ويكليكس .هيلاري كلنتون تطالب باغتياله بطائرة دون طيار .وتأيد لهذا الطلب…,negative,negative,Negative
: ⬇⬇نادال المركز 5فيدرر المركز 7,neutral,neutral,Neutral
: تشتهر طليطلة بحلوى ماثابان (معجون لوزوسكر وماء زهر الليمون) أصلها أندلسي فلم تكن تخلو منها موائد الأندلسيين في رمضان,positive,positive,Neutral
#صوت_جين يخوان الكواريه طلعوا يحطون ميكاب وااا فضيحتاه حتا الخكري جستن بيبر ما سواها,negative,negative,Negative
"#صاد | شاهد- بشار الأسد يتحدث لـ""جو شو"" عن السيادة الوطنية!",neutral,neutral,Neutral
: صوم النوافل كعاشوراء يكمل به الخلل الحاصل في رمضان فإن النوافل تكمل بها الفرائض يوم القيامة، ويرقع بها خلل الفرض. العثيمين,positive,neutral,Neutral
مفروض نعود الناس تبدأ تتصرف بإحترام بدون ما يكون وراها هيئة، عيب إن حنا بلد الإسلام وما نعرف نضبط نفسنا,negative,negative,Negative
": مساعد #جوجل الذكي Google Assistant لن يتوفر على #أندرويد ""نوغا"" باستثناء هواتف #بيكسل",neutral,neutral,Neutral
: اليوم بروفه على الدوام في رمضان.,positive,positive,Neutral
: و لا الاهطل ده اللي طلع الساعة ٢ الصبح قالك هنعمل جيش إسلامي لمحاربة الارهاب !! اخبار التحالف الأهبل ده و لا عافصة الحز…,negative,negative,Negative
ابي حساب شخص يوصل من امازون الامريكي وانتم شخصيا ضامنينه,neutral,neutral,Positive
"#غوتشي ""فلورا"" النسائيمع نغمات عطرية أكثر عمقا وجاذبيةاحصلي عليه من #نقطة_الأناقة الآن في #أملج",positive,positive,Neutral
: #الصرخي_يردع_داعش_التكفيريالدواعش يدعون الدفاع عن السنة وهم يقتلونهممقتبس من بحث #السيستاني_ما_قبل_المهد_الى_ما_بعد…,negative,negative,Neutral
: و دا واحد باع كليته عشان ايفون 7,neutral,negative,Negative
: إيمري كولاك (ديبورتيفو) : أردا توران مثل أخي و هو قدوة بالنسبة لي ، ميسي الأفضل و انا معجب به كثيرا,positive,positive,Positive
: #إيران.. تعطيل شركة « فروآلياج إيران» الصناعية في مدينة ازنا..,negative,negative,Neutral
واصلا لابوجد نساء سعوديات في العراق او غيره,neutral,negative,Negative
: تعتزم #جوجل إطلاق الإصدار 55 من كروم الذي سيقلل استهلاك الذاكرة بنسبة 50%,positive,positive,Neutral
: لانقلق على الاسلام إن حاربته جميع كلاب الارضولكن نقلق حين يرضى عنه الصهاينه والغرببان كي مونيجرم السعوديه❗️👇,negative,negative,Negative
: مندوب اﻷسد بشار الجعفري واضعا يده بحميمية على ظهر مندوب مصر خلال حديثهما قبيل التصويت لروسيا..#مصر_تصوت_لصالح_المشروع_الر…,neutral,neutral,Negative
جديد “غوغل”.. جزيئات “نانو” لتشخيص أمراض السرطان,positive,neutral,Neutral
"القرموطي لـ""المملكة"": ""كلامكم جارح ولن نقبل معايرة أو ابتزاز.. وموقفكم يخدم إسرائيل""",negative,negative,Negative
#السعودية تعلن أن من حقها اتخاذ الاجراءات اللازمة للتصدي لخطر #الميليشيات المدعومة إيرانيا,neutral,neutral,Neutral
: فيديو | تصدي رائع من كارفخال على خط المرمى. يتليه تألق الحارس كاسيا في تدريبات ريال مدريد اليوم .,positive,positive,Positive
واللي يقلدون جستن بيبر !! معليش يعني بس ركز ان وجهك اشهب وشنبك مصلوخ قبل ما تحاول تقلد اشقر عيونة زرقا !! Be yourse…,negative,negative,Negative
: دونالد ترامب وهو صغير,neutral,neutral,Neutral
: #هلا_بك أكثر من 1000 عرض على مزاجكعطر غوتشي جلتي بلاك للنساء بـ 193 ريالتسوق -->,positive,positive,Neutral
: كربلاء هذا العام في حلب ، و رضيع الامام الحسين تحت انقاض بيوتها. #حلب,negative,negative,Negative
صراع شرس بين لؤلؤة #برشلونة وجوهرة #ريال_مدريد@FCBarcelona,neutral,positive,Neutral
نوبة كم انتي مذهلة اوه ماي قاد 😂😂😂تخيلتك هاري بوتر,positive,positive,Positive
: يحيى القزاز في ذكرى #حرب_أكتوبر: #إسرائيل تحقق أحلامها في عهد #السيسيشاهد عبر,negative,negative,Neutral
مشاهير || باراك أوباما يلتقي ليوناردو دي كابريو الشهر القادم: أعلن البيت الأبيض أن الرئيس الأمريكي باراك أوبا...,neutral,neutral,Neutral
دونالد ترامب اجتاح كلينتون وتفوق عليها وكشف فضائحها واعلن عن تأييده للجيش السوري في مكافحة الارهابيين الذين...,positive,negative,Negative
: بعد اتهامه بالعنصرية .. «أمازون» يحذف أزياء خليجية مثيرة بعد عرضها للبيعاضطر موقع «أمازون» لحذف أزياء خليجية...,negative,negative,Neutral
: صفحة الهند في #امازونكل شي يختص بالمنتجات والماركات الهنديةملابس حقائب اكسسوارات اعشاب مستلزمات مطبخ ومنزل,neutral,neutral,Neutral
: احلي حاجة ف رمضان زي ما هو ف كل زمان دايما بيجمعنا 🌙❤,positive,positive,Positive
عمرو اديبشويه يمدحشويه يخبتلو حد نزل امام سيسىهتعملوا ايةهننتخب السيسى يا عين امكاستلم مصر خربانهنجحالسيسى عمل معجزة بكل المقايس,negative,negative,Negative
إجراء اتصال صوتي فقط فى FaceTime #تطبيقات_ايفون #iOS,neutral,neutral,Neutral
أعجبني فيديو على أدمان لعبة بوكيمون قو || Addicted to Pokemon Go,positive,positive,Positive
هل هناك تحقيق او تقصي او لجنة دولية او منظمات اممية ترصد وتثبت ذلك قطعآ لا اذا تبآ لكم سوريا شعبها قتل وطرد وانتم قلقون,negative,negative,Negative
: جميع اجهزة فلبس لوميا لإزالة الشعربجميع موديلاتها وأنواعهامن #امازون البريطانيبعضها يقبل الشحن المباشر,neutral,neutral,Neutral
نادين قالتلى هجبلك ايفون في عيد ميلادك ✋✋ و انا بصدقها 😂😂,positive,positive,Positive
: الدولة الطائفية: إيران تنقل أزمتها التكوينية إلى العراق,negative,negative,Negative
انسه ســـــــــورية بالســــــــــــــــعودية مثقفة جامعية جميــــــــــــــــــلة تبــــحث عن زوج ميسور,neutral,neutral,Neutral
: تطبيق Duo سيحتل مكان Hangouts في حزمة تطبيقات #جوجل,positive,positive,Neutral
"أوباما يندد بتصريحات ترامب ""المهينة والمخزية"" بحق النساء: ندد الرئيس الأميركي باراك أوباما الأحد بالتصريحات ...",negative,negative,Negative
عطوه ايفون ٧ 😂💔 والله ماسويت التحدي لو شنو,neutral,positive,Positive
انا منبهر بطريقة غير طبيعية بحوار الstreet view بتاع جوجل الي طلع موجود في شارع شارع و حارة حارة في بلاد العالم الاول مش بس المعالم السياحية,positive,positive,Positive
مو معقوووولة لاعبين بهالحجم غياب لاعب حتى لو هاللاعب هو #ميسي ياخي شلون تبي تحقق مونديال وأنت بدونه ضاااااايع !!!!#الارجنتين_البارغواي,negative,negative,Negative
جستن بيبر 😯,neutral,positive,Neutral
جستن بيبر ههههههههههههههههههههههههههههههههههههههههههههههههههه مدري تذكرتها قلت اكتبها.,positive,negative,Neutral
: #مصر_لن_تركععمو سيسي....أمي بتسلم عليك وبتقولك واحدة واحدة وانت بتغرقنا😂😂😂🏃🏃🏃,negative,negative,Negative
فيديو نادر.. لويس إنريكي يوجه لاعبي برشلونة بعصبية في التدريب! - تلفزيون ام بي سي,neutral,neutral,Neutral
: عبد الله السعيد : أفتقد #رمضان_صبحي في #الأهلي,positive,positive,Neutral
"#فضايح 😄#ترامب لـ""#هيلاري_كلينتون دمرتى دولا عربية وسأوجه بمحاكمتك حال فوزى والمرشحة الديموقراطية لـ ""دونالد الجميع قلق منك وعليك الاعتذار",negative,negative,Negative
: من داخل مستودعات #أمازون اكبر شركة للبيع على الإنترنت وكيفية التعامل مع البضائع والشحنات,neutral,neutral,Neutral
: «جوجل» تزاحم «أبل» و«مايكروسوفت» بتقنية المساعد الشخصي,positive,neutral,Neutral
": سيناتور امريكي يطالب أوباما بضرب الحوثيين وإيران ردا على استهداف السفينة الامريكية ""ماسون""",negative,negative,Neutral
ولاية #حمص مكتبة #الهمة حشد نينوى العشائري جاهز لتحرير مدينته من مجرمي داعش _,neutral,positive,Positive
: طفل أمريكي يكتب رسالة للرئيس #أوباما ليسمح للطفل السوري #عمران بدخول #أمريكا ليعيش مع أسرته ويتخذه أخا!#سوريا,positive,positive,Neutral
المنتخب بدون ميسي ضااايع وبدون شخصية وهوية بقيادة ملك العك دي ماريا وباقي العاهات .,negative,negative,Negative
النائب أبل يسأل الوزير العبيدي عن الملاحق الصحية بالخارج,neutral,neutral,Neutral
غير غوتشي ماحط,positive,negative,Negative
": #أردوغان لـ ""حيدر العبادي"" : الجيش التركي لن يتلقى أوامر منك فألزم حدك ، وأنت لست بمستواي ولست ندي وصراخك في #العراق ليس مهما…",negative,negative,Negative
كيف اعرف شركات الشحن اللي بيشحن عليها امازون اذا طلبت طلبيه يقولي الشحن المباشر يعني وش مافهمت هالجزاء,neutral,neutral,Negative
: وفعلها سعد رمضان وتحول إلى عريس في ضيعته برجا@Saad_Ramadan,positive,positive,Positive
عامر الكبيسي كغيرهيحلمون بالعودة للوراء من خلال اردوغان او داعش او حتى من خلال ا…,negative,negative,Negative
جستن بيبر الزمن,neutral,neutral,Neutral
: #أوباما : هناك مرشح واحد للانتخابات الأمريكية هي هيلاري #كلينتون,positive,neutral,Neutral
": مدرسة أمريكية بمصر تدرس ""انتصار إسرائيل بحرب أكتوبر"" بمناهجها..ووزارة التعليم تحقق",negative,negative,Neutral
ليه ميبقاش في مدرسه لتعليم السحر زي هاري بوتر ؟؟ 😟,neutral,negative,Negative
نجم برشلونة السابق ينقذ ميلان من شبح الاصابةالتفاصيل:,positive,positive,Neutral
": المفتن الحسون يستلم درع مليشيا أبو الفضل العباس من أوس الخفاجي مختزلا مايحدث في سوريا بقوله "" مازالت هند بنت عتبة آك…",negative,negative,Negative
اللي يعرفون اغنية بيونسيه Halo تعالو نتصادق,neutral,positive,Neutral
كل المباريات الي جمعت بين فيدرر ونادال ❤لكن المباراة الخالدة ف ذاكرتي مباراة فيدرر وروديك ف ويمبلدون قمةالمتعة♥ #افضل_مباراة_تنس_شاهدتها,positive,positive,Positive
“الغيطي”: “إسرائيل لعبت بقبرص واليونان أثناء حكم مبارك.. وإحنا نايمين في العسل”,negative,negative,Negative
: الهييه احسهم مرا متأثريين بفلم هاري بوتر 😅 #الهييه_رادع_لكل_اعدا_الوطن,neutral,positive,Negative
: سنظل علي العهد ولن ترك سوريا وحيده ولن نترك بشار الاسد فريسه سهله ولن نترك ليبيا للغرب هي ديه مصر 🇪🇬✋🏻,positive,positive,Positive
برلمانيون أوروبيون يطالبون بمحاكمة دولية لمجازر #إيران via #1988Massacre,negative,neutral,Neutral
احد قد جرب يشتري قهوه من اي هيرب ولا امازون يتفضل يساعدني 😓,neutral,neutral,Negative
": غلاف الماركا | جوهرة التاج - ريال مدريد يستثمر 400 مليون دولار لتحويل البرنابيو إلى "" تحفة معمارية "" .",positive,positive,Neutral
: هل ترك السيد بانكي مون كل ما حدث ويحدث في سوريا، العراق، وفلسطين من جرائم بشرية فادحة وينظر الى السعودية في ا…,negative,negative,Negative
#ﻭﺯﺍﺭﺓ_ﺍﻟﺪﻓﺎﻉ ﺍﻟﺮﻭﺳﻴﺔ، تعلن ﺍﻟﻴﻮﻡ، نقل ﻣﻨﻈﻮﻣﺔ ﺍﻟﺪﻓﺎﻉ ﺍﻟﺠﻮﻱ ﻣﻤﺜﻠﺔ ﺑﺼﻮﺍﺭﻳﺦ “ ﺇﺱ - ”300 ﺇﻟﻰ ﻗﻮﺍﺕ ﻧﻈﺎﻡ ﺑﺸﺎﺭ ﺍﻷﺳﺪ ﻓﻲ…,neutral,neutral,Neutral
سولانج.. شقيقة بيونسيه تتصدر بيلبورد الأميركية,positive,neutral,Neutral
وزي ماتشوف اخي مصطفىبأسم القدس والحسين وزينب تدمر حلب فوق رؤوس اهلها,negative,negative,Negative
والله مشكله الارجنتين بدون ميسي! الحمدلله ان التصفيات طويله ويمديه يرجع ولا صعبه التأهل!!!,neutral,negative,Negative
يااااارب افوووز من رمضان أشارك معك ملاك ومافوز الحين متفائلة راح تفوزيييني😊😔,positive,positive,Positive
الله ينعلكم وينعل هاري بوتر فوقكم.,negative,negative,Negative
: المناظره الثانيه بين #دونالد_ترامب و #هيلاري_كلنتون التاريخ:الاحد 9 اكتوبر 2016الوقت :الساعه 9 بتوقيت واشنطن (الاثنين 4…,neutral,neutral,Neutral
نsupport هارى بوتر الفنان ياخوننا 😂😂,positive,positive,Negative
مساكين من الصبح و هوما رايحين راجعين عاى غوغل تعبت بدالهم ههههه ي,negative,negative,Negative
في ذكرى أكتوبر.. سفير إسرائيل يحضر عرضا مسرحيا بمصر   #العربية,neutral,neutral,Neutral
قال النبي ﷺ(لا يؤمن أحدكم حتى يحب لأخيه ما يحب لنفسه) صحيح البخاري #ريال_مدريد,positive,positive,Positive
فضيحة في سوريا بسبب غوغل تؤدي لطرد موظف كبير,negative,negative,Negative
في الفندق تواجد عدد من قيادات المشترك العادية لمقابلة هيلاري كلنتون ولكن لتأخرها في مقابلة صالح تم الغاء الموعد المحدد العلني,neutral,neutral,Neutral
: المتحدث باسم البيت الابيض جوش إيرنست: جميع العمليات العسكرية ضد #داعش هي تحت سيطرة الحكومة المركزية في #العراق.,positive,neutral,Neutral
من المعتقدان الكثيرمن #حكام_العرب لايتمنون عدم فوز #ترامب ليس لأن #هيلاري_كلنتون أفضل،وإنماهي يمكن تبتزهم وتمالئهم،لكن ترامب سيبتزهم ويفضحهم,negative,negative,Negative
: تقرير: شخصيات_عربية_هزت_عرش_إيران وقضت مضاجع حزب الله.تعرف عليهم,neutral,neutral,Neutral
: ليست المره الأولى تنجح في شوط المدربين فقد فعلتها مع العراق ولكن الشيء الفني الجميل هو إدخال فهد المولد كمهاجم في الوقت المن…,positive,positive,Positive
: ﻗﺒﻞ ﺃﻛﺜﺮ ﻣﻦ 6 ﺃﺷﻬﺮ ﻛﺘﺐ ﻭﺯﻳﺮ ﺍﻻﺳﺘﺨﺒﺎﺭﺍﺕ ﺍﻟﺴﻌﻮﺩﻱ ﺍﻟﺴﺎﺑﻖ“ﺗﺮﻛﻲ ﺍﻟﻔﻴﺼﻞ”ﻣﻌﺎﺗﺒﺎ ﺍﻟﺮﺋﻴﺲ ﺍﻷﻣﻴﺮﻛﻲ ﺑﺎﺭﺍﻙ ﺃﻭﺑﺎﻣﺎ:ﻫﻞ “ﺍﻧﺤﺮﻓﺖ ﺑﺎﻟﻬﻮﻯ ﺇﻟﻰ ﺍﻟ…,negative,neutral,Neutral
: كاسيميرو : عندما يكون اللاعب مصاب في ريال مدريد إجباري أن يحضر المباريات في المدرجات إلا في حال طلب إذن الغياب من المدرب زيدا…,neutral,neutral,Neutral
نجمة بوليوود جاكلين: #بيونسيه سر نجاحي,positive,positive,Positive
": شاهد بالفيديو: رد #أردوغان على #حيدر_العبادي ""لست بمستوانا ولست بقدرنا .. وإننا نفعل مانريد""",negative,negative,Neutral
: يا سيسي لتكن تحالفاتك علنيه مع روسيا والصين وإيران دوله بحجم وثقل مصر يجب أن تكون تحالفاتها مع دول نوويه عظمى وبشكل عل…,neutral,negative,Negative
: عجججججججيب هالانسان والله يفهم 😍😍ركزوا على كلامه عن ميسي درر 😍😍❤️❤️,positive,positive,Positive
صار #حزب_الله مثل #فيلق_القدسيتحدث عن فلسطين وهو يقتل العرب ويدمر حلب,negative,negative,Negative
جستن بيبر؟,neutral,neutral,Neutral
الله يسعدك ويوفقك ويحقق مرادك ابغا ايفون الله يخليك,positive,positive,Positive
حملة هيلاري كلنتون تؤكد وجود سماسرة اردنيين يشترون اصوات لترامب وخصوصا باوهايو 😂,negative,negative,Negative
#جوجل ستفتتح أول متجر ” MadeByGoogle ” في مدينة نيويورك يوم 20 أكتوبر - علوم وتكنولوجيا,neutral,neutral,Neutral
": مباراة كرة قدم بين كوريا و إيرانتم وضع لافته في مكان بارز""من هو الحسين""ليقوم الكوريين بالبحث عن الإسلام الرافضيوالت…",positive,neutral,Neutral
#الدوري_الاسباني بالفيديو : نيمار يتسبب في احراج صحفيي برشلونة #برشلونة #ريال_مدريد,negative,negative,Neutral
: للبيع عدد 3 ايفون 6 و 6s بلس1 ٦٤قيقا ذهبي بلس نظيف جدا1 ٦٤ قيقا روز قولد بلس نظيف جدا بالكرتون1 ١٢٨قيقا 6لاع…,neutral,neutral,Neutral
مبروك عليك ويندوز 10 .. ربنا يخلهوللللللك,positive,positive,Positive
: خليفتنا #أردوغان رضى الله عنه ينام على الهواء خلال كلمة بوتين فى مؤتمر مشترك بإسطنبول وخبيريؤكد ان فخامته مرهق من شدة العمل…,negative,negative,Neutral
: جند الأقصى سابقا تريد حقن الدم وتقدر جرح الشام االأول وهمها الأول فك حصار حلب واستمرار معركة حماةلذلك هاجمت نقاط للأحراربتحتا…,neutral,neutral,Mixed
"بالصور.. #بيونسيه تتألق في عرضها الأخير بـ""نيو جيرسي""",positive,positive,Positive
سيقدم دليل ان هيلاري كلنتون طرحت فكرة تصفية الرجل بسبب التسريبات التي يقوم بها,negative,negative,Negative
#Pamplona باراك أوباما يؤدي حركة غريبة في البيت الأبيض,neutral,neutral,Neutral
م حبيت الموديلات .. بس اهتمامهم ب ادق تفاصيل الفنشنق م اقدر اتجاهلو•#فاشن #غوتشي #الرياض #جدة #الخبر #الدوحة #دبي…,positive,positive,Positive
: الحكم العسكري في مصر هو السبب الرئيسي لخروج الارهاب من مطلع الخمسينات فاكبر منظرين القاعدة خرجو من السجون المصرية #مصر_تص…,negative,negative,Negative
شتان بين هيلاري كلنتون ونورية بن غب... 🌚,neutral,neutral,Negative
جاك أيفون ٧ هدية 📱,positive,positive,Positive
#أسأل_تويتسو لما ادخل في جوالي على جوجل واكتب مثلا سيرة شخص ما وعلى ويكيبيديا الحرة يحمل ولما اخرج اجده يحمل واسكر جوال يروح تحميل,negative,neutral,Negative
: مصر تشيد جدارا أسمنتيا لتأمين حدود إسرائيل وتشديد حصار غزة via : هذا السفاح م…,neutral,negative,Negative
مهما بلغت لحاجة وخلقنة غوتشي الا انها مازالت اشيائها انيقة ,positive,positive,Positive
: بدون اي تعليق فقط شاهد الأرقام.(55)شهيد في مدينة حلب وريفهابستان القصر(25)الفردوس (14) القاطرجي (2) صوران (3) منبج…,negative,negative,Neutral
: #بوتين و #أردوغان.. ودارت الأيام!#عكاظ,neutral,neutral,Neutral
رياضه المشي: يعتبرالمشي السريع كأفضل رياضة لمنطقة البطن، الأوراك والسيقان وممكن حرق 360 سعرة حرارية في الساعة #ريال_مدريد,positive,neutral,Neutral
: ما يقع في #سوريا عموما وفي #حلب خاصة هو كارثة عظمىقتل وسحق وهدم وقهر.اللهم اجمع كلمة المسلمين، وكن معهم مؤيدا…,negative,negative,Negative
هذا فيلم هاري بوتر الجديد,neutral,neutral,Neutral
: ميسي أو كرستيانو ؟ كاسانو : كرستيانو مثل نادال أذا سقط لا يستطيع النهوض ، أما ميسي هو مثل فيدرر دائما بـ القمة ..,positive,positive,Neutral
هل تعتقد أن #الأسد يصدق ما يقوله؟#آرانيوز #سوريا #بشار_الأسد,negative,neutral,Neutral
خفي علينا يا بيونسيه 😂,neutral,negative,Negative
جراند اداء فيدرر ف امريكا 2007 واستراليا 2007 و2010 كان خرافى استراليا 2010 فاينال موارى يدرس لغاية دلوقتى,positive,positive,Positive
: وبعدها ينحازون لأمهم داعش الغدر والخيانة.. اللهم هل بلغت اللهم فاشهد,negative,negative,Negative
المنتخبات الثانيه ماعندها ميسي لكن تشوفها في الميدان افضل وما اشوف حتى لعيبتهم افضل من الارجنتين لكن المدربين يفرقون,neutral,neutral,Mixed
عائدات بوكيمون جو مليوني دولار يوميا #All_Techno_news,positive,positive,Neutral
: اليمن: الحوثي: لدينا الأدلة الفنية القاطعة على ضلوع #السعودية في ارتكاب مجزرة صنعاء,negative,negative,Neutral
"جوزيه: صحوة الزمالك؟ طبيعية بعد رحيل ""برشلونة إفريقيا""",neutral,neutral,Neutral
ممتنة للثريد وكايسو انهم يفتحون نفسك 💛وايوه بوكيمون تمام، كيف حبيبة البوكيمون طيب؟ يومي مذهلرائع شكرا لك، احصلي…,positive,positive,Positive
: حرس المرشح الامريكي الجديد يمزقون العلم العراقي اثناء تجمع مؤيدين للرئيس القادم (دونالد ترامب)..,negative,negative,Neutral
أبل: 54% من الأجهزة تعمل بنظام التشغيل iOS 10 #البحرين #الكويت #السعودية #الإمارات #قطر #عمان #المنامة #تكنولوجيا,neutral,neutral,Neutral
: تفقدوا أحوال جيرانكم وأقاربكم ومن تعرفون قبل رمضان فكم من ابواب خلفها 《 فقراء 》﴿ يحسبهم الجاهل أغنياء من التع…,positive,positive,Negative
إيران وجنون العظمة بعد قرار السعودية بارسال قوات إلى سوريا -...,negative,negative,Negative
: مذيع يخدع المارة ويعلن أن #هيلاري_كلنتون انسحبت من الترشيح للرئاسة الأمريكية وأن #ترامب هو الرئيس !..شاهد ردة فعل المارة…,neutral,neutral,Neutral
: خضيرة مع ريال مدريد كان يقوم بنفس أدوار فيدال وبشكل أفضل من التشيلي برأيي وكان من الأسباب الرئيسية بفوزنا بالليغا ونجاح ف…,positive,positive,Positive
الارجنتين بدون ميسي مضحكه 😂😂,negative,negative,Negative
«الإسكندرانية» الأكثر بحثا عن «طريقة عمل العاشورا» على «جوجل»,neutral,neutral,Neutral
": #الاهلي_برشلونهميسي في تصريح للاكازيتا دي سبورت:"" من المهيب مواجهة عقيل بالغيث…اتمنى ان لا يكون في احسن مستوياته…ا…",positive,negative,Neutral
إسرائيل تفرض طوقا أمنيا على الضفة الغربية,negative,negative,Neutral
": سيشهد التاريخ للأجيال أن الرئيس محمد مرسي قال: ""لبيك يا سوريا"" فأطاحوا به، ونصبوا السيسي الذي جعل #مصر_تصوت_لصالح_المشروع_الر…",neutral,negative,Negative
#افضل_مباراة_تنس_شاهدتها اي مباراة يلعبها فيدرر هي الأفضل 💙 بس اكيد مباراة 2008 فيدرر ونادال,positive,positive,Positive
اه بس لا رافا ولا فيدرر التنس الى اين 💔 ؟,negative,negative,Negative
موقع لاستخراج روابط الـ APK من متجر سوق #جوجل,neutral,neutral,Neutral
: القاريء رعد الكردي .. من السليمانية في العراق .. ما شاء الله وتبارك الله .. على هذا الصوت وكأنه من مزامير داوود..,positive,positive,Positive
: هنتاي المدرسي والاغتصاب والدياثة الفتاة تغتصب من قبل المتعقب المهوس الحلقة الثانية مترجم عربيمشاهدة مباشرة جوجل,negative,negative,Neutral
: مع هدف الباراغواي رجعنا لنغمة ميسي احب اذكركم ميسي مالعب قدام تشيليفي دور المجموعات بالكوبا وفازت الارجنتينولعب النهائي و…,neutral,neutral,Mixed
حلو ده#جوجل,positive,positive,Positive
لندن تحظر على وزارئها ارتداء ساعات أبل .. والسبب ؟!,negative,neutral,Neutral
بيني وبين اوباما سته اشخاص ؟,neutral,neutral,Neutral
السعودية تنفرد بالقمة وأول انتصار لقطر والعراق,positive,positive,Positive
: الحوار المتمدن:الملف الذي يرعب ملالي #إيران #المقاومة_الايرانية #الشرق_الاوسط #1988Massacre,negative,negative,Neutral
: قد يأتيك الابتلاء علي هيئة بوكيمون مش عارف تجيبه 😄😄,neutral,negative,Negative
: ريال مدريد ..والله واحشني موترغم ان القادم صعبالا اني اعد الايام والدقايقلـ شوفة ..,positive,positive,Positive
الفرق بين المرشحين هيلاري كلنتون وترامب ١-هيلا كلنتون 👈🏻عدوا مخفي ٢-ترامب👈🏻عدوا واضح,negative,negative,Neutral
: الأهلي يواجه برشلونة بكامل نجومه,neutral,neutral,Neutral
أبل تتصدر قائمة أعلى الشركات قيمة,positive,positive,Neutral
: بالصوورابو سن يبكيبعدالقبض عليه من الشرطةبعد ظهوره بشكل مسيئالصوور,negative,negative,Neutral
من امازون تقريبا كان سعرها ٢٨٠ ريال,neutral,neutral,Neutral
: نحن مع مصر بالطبع مصر لن تركع مهما حاول السيسي في ان يجعلها تركع لروسيامصر لن تركع يا سيسي #مصر_لن_تركع,positive,positive,Positive
#عيب_يا_سيسي أدب و هذب إعلامك!!#مصر,negative,negative,Negative
أوباما يطلب من جميع وكالات الأمن القومي بحث جميع الخيارات بشأن سوريا: الرئيس الأميركي باراك أوباما يطلب من وك...,neutral,neutral,Neutral
: إقبال كبير على تذاكر السعودية أمام الإمارات Via,positive,positive,Neutral
إسطيفو:عجز #مجلس_الأمن بشأن #سورية يعكس حالة من الشلل لا تخدم الأمن العالمي#الائتلاف#العهد,negative,negative,Negative
هو نفسه حق شيلة بوكيمون يلعنم جوه,neutral,negative,Negative
: #وظائف بالشركة السعودية للخطوط الحديدية سار برواتب تصل الى 8 الاف جامعيين للتقديم 👇👇🌹🌹,positive,neutral,Neutral
: بعد شرب الكحول يأتي دور التطبير♦️♦️#الشيعه #العراق #بغداد #كربلاء #النجف #لبنان #سوريا #حلب #البحرين #الكويت #قطر #الجزائر #…,negative,negative,Negative
اللهم بارك تلك الحمم التي تنزلها بطون الطائرات الروسية والسورية على رؤوس الجماعات الإرهابية في حلب,neutral,negative,Negative
ممكن حساب ليو ميسي الرسمي 😘,positive,positive,Neutral
سبوتنيك: الخارجية الفلسطينية تدين قرار تفعيل الاستيطان الإسرائيلي: دانت الخارجية الفلسطينية، اليوم الاثنين، ق...,negative,negative,Neutral
انا بس ابي فلوس ايفون اثنين اهديهم لصديقاتي وواحد لي7بس والله اتمنى من كل قلبي تجيني يسعدك ربي اذا قدرتي توفريها لي ب😢💕,neutral,positive,Positive
ما لو الكلب قفل الرابعة كنا كسبنا بس كان فيدرر عظيم فعلا الماتش ده 😂,positive,positive,Positive
: #العراق١. الرئيس العبادي يقول ان التهديدالتركي للعراق تهديدا للامن القومي وكانه يستنجد بالعرب لان الامن العراقي وطني…,negative,negative,Negative
: أبل لـ «الراي»: 2200 شقة للكويتيات ... وللمشمولين بقانون «من باع بيته» - محليات -,neutral,neutral,Neutral
قال رسول الله صلى الله عليه وسلم :«الصلوات الخمس، والجمعة إلى الجمعة، ورمضان إلى رمضان، مكفرات ما بينهم إذا اجتنبت الكبائر» #نشر_سيرته #ﷺ,positive,neutral,Neutral
بص يا سيسي بما انك بتبيع في البلد ومش بنشوف منك حاجه انا عايز حقي ناشف 󾌴,negative,negative,Negative
نجم روما: ”ميسي خامس أخطر مهاجم واجهته”، فمن هم الأربعة الآخرون؟؟ رابط الخبر :,neutral,neutral,Neutral
"المنافسة بين #أبل و#سامسونغ تصل إلى ""#سيري""",positive,positive,Neutral
كلام جميل يافاطمةلكن في الواقعلماذا يقوم الشيعة بالتنكيل بأهل السنة بالعراق على أساس طائفي,negative,negative,Negative
ملاااااك شوفيني محتاجه ابي ايفون او اي شي لو شنطه 😭😢💔💔💔💔💔💔💔💔💔,neutral,negative,Negative
: رسميا | أسطورة كرة القدم جيجي بوفون ينال جائزة القدم الذهبية لعام 2016 متفوقا على الأرجنتيني ميسي و البرتغالي رونالدو . h…,positive,neutral,Neutral
شاهد #زبون #فرنسي غاضب يقتحم أحد متاجر #شركة_أبل #تكنولوجيا,negative,negative,Neutral
: ..كانوا معنا ينتظرون شهر رمضان ، و اليوم ينتظرون أبسط الدعوات منا ليسعدوا بها في قبورهم ، اللهم ارحم موتانا و موتى المسلم…,neutral,positive,Positive
الأهم أن ندرك هذا الخبر فى سياق إستراتيجية الرئيس السيسى فى مواجهة الإنفلات الإعلامى..تخيلوا لو كان إستجاب لدعوات إ…,positive,positive,Positive
هيلاري كلنتون تقول ان داعش صنيعتنا بمساعده بعض الدول والسعوديه على رائس تلك الدول هذا كلام عمتك مو ايران,negative,negative,Negative
تدريب موظفي الحكومة الاتحادية على استشراف المستقبل #ريال_مدريد #برشلونة,neutral,neutral,Neutral
: #كوريا تستحق الإحترام.. #كوريا تستحق الإسلام.. فمن لها يا كرام؟!,positive,positive,Positive
"لعل أكثر المتابعين للشأن السوري لايعرف أن أسباب الخلاف الجاري بين الإسلاميين في سوريا هو شخص الرئيس التركي "" رجب...",negative,negative,Neutral
6 خصائص ستحبها وتكرهها في هاتف أيفون 6,neutral,neutral,Neutral
[ شرح ] : حل مشكلة اللغة العربية في ويندوز 7 و ويندوز 10 مشكله اتجاه الكتابة في الوورد .,positive,positive,Neutral
: أسهم #تويتر تنخفض 20% بعد تراجع #غوغل و #ديزني عن الرغبة في شرائه,negative,negative,Neutral
#فن #منوعات #تسلية شقيقة بيونسيه تنافسها وكريغ لن يترك جيمس بوند: يبدو أن دانيا... #الكويت #كويتيات,neutral,neutral,Neutral
: الجيش اليمني يحرر منفذا حدوديا مع السعودية تابعا لصعدة,positive,neutral,Neutral
: ⁧#الارهاب_صناعه_امريكيه_لاسعوديه⁩ ⁧#قانون_جاستا⁩محمد الملا يتكلم عن مذكرات هيلارى كلنتون,negative,neutral,Negative
يوسف سونة : دونالد ترامب و هيلاري كلينتون من يحضن من ما بعد الانتخابات ؟,neutral,neutral,Neutral
"الماركا:""جوهرة التاج الملكي"".""النادي سيستثمر ٤٠٠ مليون يورو لتحويل البرنابيو لمعلم هندسي عالمي"". #ريال_مدريد…",positive,positive,Positive
#التحرير | #واشنطن : بدأنا مراجعة برامج المساعدات لـ #السعودية,negative,negative,Neutral
": #المرصد_الايراني#الأخبار | الحرس الثوري يقتل أحد ضباطه لرفضه القتال في سوريا""ترجمة خاصة""",neutral,negative,Neutral
ركبت جستن بيبر كيف ارفه عن نفسي💔🙂,positive,negative,Negative
: رئيس الكونغرس يتهم البيت الأبيض بحماية الأسد، و يطلب أن يتوقف أوباما عن معارضته لفرض عقوبات جديدة على نظام الأسد ..h…,negative,negative,Negative
جالسة اصيد بوكيمون في غرفتنا😂😂,neutral,positive,Negative
تطبيق إسلامي رائع حمله أكثر من 10 مليون مسلم !للتحميل #آندرويد: #آيفون:,positive,positive,Neutral
: سفاح القرن الـ20.. بشار الأسد قتل 300 ألف سوريا بشهادة الأمم المتحدة,negative,negative,Negative
: اذا ماعليكم امر وعجبكم الهاشتاق عطوني رايكم #نبي_البنوك_يوقفون_اقساطهم_من_رمضان_لذوالحجه,neutral,neutral,Neutral
: أردوغان يدعو لوقف إطلاق النار في سورية وإيصال المساعدات البديل,positive,neutral,Neutral
الأرجنتين بدون ميسي مثل الشتاء بدون مطر .. ☔️🌧,negative,negative,Negative
الله معاي ياكوكي ومعاي تعاويذ هاري بوتر السحريه ,neutral,positive,Positive
منزل باراك أوباما ..للفخامة عنوان,positive,positive,Positive
#مصر | شاهد: محمد ناصر يفحم ابراهيم عيسى بشدة: أيوة السعودية هي كفيل سيسي,negative,negative,Neutral
بوكيمون اتكلم,neutral,positive,Neutral
4 عروض فلكية رفضها #نيمار من أجل #برشلونة - للتفاصيل اضغط الرابط #الوطن_العربى,positive,neutral,Neutral
: شكرا #بشارآثرتهم على نفسك .و زففتهم للجنة شهيدا تلو #شهيد وألقيت بنفسك في حفرة مهما أمتلأت /تصرخ :( هل من مزيد ؟…,negative,negative,Negative
غدا سوف يتم الاعلان عن اللاعب الثالث الذي سيشارك في #بطولة_مبادلة - ابوظبياتمنى مشاركة #فيدرر@MubadalaTennis B…,neutral,neutral,Neutral
شاهد الاناحتفال لاعبين برشلونة بلقب الدوري الاسباني2016 ونزول الجماهير الي ارض ...,positive,positive,Neutral
: ريال مدريد تلاعب فساد رشاوي كل ماهو قذر يمارس لإيقاف هيمنة برشلونة ولكن بلا فائدة #لن_ننسىٰ فضيحة الموسم الماضي 👇🏼,negative,negative,Negative
: #فهد_المولد مبدع صديق ميسييضيع 50 إنفراد ويسجل على الطائر عل طريقة فان باستنوما رميت إذ رميت ولكن الله رما,neutral,neutral,Positive
آردا توران: برشلونة رفض بيعي بمبلغ فلكي! - #برشلونة,positive,neutral,Neutral
: مفكر كويتي: موقف #مصر من التصويت لـ #روسيا يخدم #إيران و #إسرائيل ⁧#مصر_تصوت_لصالح_المش…,negative,neutral,Negative
والله كلام طويل يااخي ابحث ف جوجل,neutral,neutral,Negative
4 متصفحات مميزة لهواتف أندرويد -,positive,neutral,Neutral
النظام الصحي الأمريكي يحرم أكثر من 13 مليون أمريكي من العلاج,negative,negative,Negative
#بيكيه لاعب #برشلونة يعلن اعتزاله اللعب دوليا بعد كاس العالم 2018 في #روسيا,neutral,neutral,Neutral
: في ليلة فاقت الوصف من جمالها يحلق في سورة غافر الشيخ عبدالله الجهني ليلة ال٢٣ من رمضان ١٤٣٢ هـ,positive,positive,Positive
لماذا قمتم بتدمير هذا العتاد؟ لا يمكن لنا إخفائه. همممممممن تمكن من السيطرة على ريف حلبعجز عن إخفاء كابينة فولغا! #جاوب_كسطل#هندي_أسمر,negative,negative,Negative
مو ماركات تقليد عندهم منتجات تجميل طبيعه نفس جودة المنتجات الكورية جربتها طلبتها من موقع امازون لكن صعب اطلبها من موقعها الاصلي,neutral,neutral,Mixed
: أوباما:نعمل على إرسال بشر في غضون 15 عاما إلى المريخ. #السعوديه #صحيفة_فجر,positive,neutral,Neutral
: عاجل | ترامب : هيلاري تجيد الكلام فقط وسياسة أوباما حين كانت وزيرة خارجيته سببت إيجاد #داعش,negative,negative,Neutral
اول ما شغلوا بيونسيه كرايزي ان لوف فطست ضحك 😭😂,neutral,positive,Negative
تطبيق Trip Tracker لتتبع الرحلات على أجهزة أندرويد,positive,neutral,Neutral
نيويورك تايمز: على أوباما وقف دعمه للسعودية إذا لم توقف مذابحها في #اليمن و... #اليمن #اليمن_الان,negative,negative,Neutral
: المباريات القادمة للمنتخب السعودي في التصفيات•28 / مارس /2017•#السعودية_العراق•08 / يونيو /2017•#استراليا_السعودية,neutral,neutral,Neutral
: مع اخي مايكل واخي ديمتري وهم من المسلمين الجدد في البحرين بعد تعرفهم على الاسلام من خلال مركز رحمة بيض الله وجوهكم يا أهل #ال…,positive,positive,Positive
لقد تاجروا بنا يا صديقي,negative,negative,Negative
: ابي احمل برنامج Megastat على ويندوز 10 كيف 🌚💔؟ #حاسوبيات,neutral,neutral,Neutral
مبروك ل هيلارى كلنتون للرئاسة امريكا,positive,positive,Positive
من الفضاوه والملل ناطرين مناظره هيلاري كلنتون مع ديشامب. ماكوووو شغل,negative,negative,Negative
وأخيرا وصلت صواريخ ارض جو الى سوريا 😂,neutral,positive,Positive
": لله درهكلام ماتع""لن نتخلى عن الإسلام لو تخل عنه العالم اجمعياأخي نحن لسنامضطرين أن نرضي خلق الله ونكفر ونجحدبالله",positive,positive,Positive
"في يوم ""الغفران"".. إسرائيل تغلق الضفة وغزة بشكل كامل",negative,negative,Negative
طريقة عمل العاشورا هههههه ظهرلى كده ع جوجل #احمد_يونس_في_صاحبه_السعاده,neutral,positive,Negative
: انفاق قناه السويس. الله عليك يا سيسى زعيم لا ينظر تحت اقدامه يعمل لما بعد الرحيل كان ال…,positive,positive,Positive
: عاصفة غضب يمنية في وجه #السعودية,negative,negative,Negative
: كاسيميرو : ريال مدريد لن يغير طريقة لعبه في حال لم أتواجد ، المباراة السابقة مثلا لعب كروس.,neutral,neutral,Neutral
وكيل رمضان صبحي يصف اللاعب بالاستثنائي ويوضح الفرق بينه وبين صلاح.. -,positive,positive,Neutral
"#مشاهير عاصي الحلاني عن فضيحة ""بيغ أبل أوورد"": وحياة أولادي لم أدفع مالا مقابل جائزتي: أثار مقال نشره الإعلا...",negative,negative,Neutral
: تهيئة بـ #مصر لخفض دعم الوقود بعد تأخر إمدادات #السعوديةرابط الموقع الجديد:,neutral,neutral,Neutral
المشهد اللي نقل هاري بوتر من عمل عظيم الى اعظم عمل,positive,positive,Positive
: ال سعود من يملك معظم القنوات العربيه الماجنة ويدعون انهم يحافظوا على الاسلام وهم…,negative,negative,Negative
حل مشكلة إعادة ضبط Apple ID وكلمة السر #ios10problems,neutral,neutral,Neutral
": قال أنس بن مالك رضي الله عنه :"" ما سئل رسول الله ﷺ على الإسلام شيئا إلا أعطاه "".رواه البخاري#اللؤلؤ_المكنون",positive,positive,Positive
هههههههههههههههههه سيسي الرز,negative,negative,Negative
تراث باراك أوباما السياسي! - العربية.نت | الصفحة الرئيسية,neutral,neutral,Neutral
اسطورة التنس روجر فيدرر وصاحب 88 لقب منها 17 جراند سلام #اسطورة ❤️,positive,positive,Positive
قناة يوتوب الجهر بالالحاد الحلقة 210هل داعش تمثل الإسلام ؟؟؟؟؟. الجزء 4مع الملحد سامي التونسي Ramzi Allouchi ❤❤,negative,negative,Neutral
قصدك خبره ف اجهزة اللاب توب ولا نظام ويندوز 10,neutral,neutral,Neutral
اتق الله و أدعو إلى التصالح والتسامح بين المسلمين واترك الخلافات لله وتوقف عن التحريض المذهبي فهذا لا يخدم إلا أعداء أمة الاسلام,positive,positive,Negative
: كل سيسي وله سلمان يربيه💚 #ايقاف_امداد_مصر_بالنفط,negative,negative,Negative
: #هيلاري_كلينتون و #ترامب مختلفان بكل شئ الا في قضايا العرب وان اختلفت اليات كل منهم لتنفيذ المخطط.. فقط البعض مخدوعين…,neutral,negative,Negative
أسرع هاتف #أندرويد في #الولايات_المتحدة#اسأل_أكثر,positive,positive,Neutral
: مركز حلب الإعلامي ينشر تصوير جوي يوضح حجم الدمار في حي المشهد بحلب إثر الغارات الجوية المكثفة التي استهدفت…,negative,negative,Neutral
التعويذات المذكورة في سلسلة أفلام هاري بوتر هي كلمات حقيقية ، من لغات مختلفة ، وكلها تأتي بصيغة الأمر بنفس طريقة التعويذات السحرية,neutral,neutral,Neutral
قصة شاب اشترى محرك #جوجل بـ 12 دولارا فقط.. ليعيد بيعه بسعر مذهل!اكتشفوه عبرالرابط,positive,neutral,Neutral
لماذا شعب سوريا لا يتحملون ويجمعون أموال للشعبهم سوريا بدل مكوده ودعاراتهم الم يكونو مثل شعبهم طزززز بسوريا,negative,negative,Negative
جربتي أمازون؟,neutral,neutral,Neutral
: هاتريك ميسي ذو ال١٩ عام في مرمى ريال مدريد,positive,neutral,Neutral
: ما قام به اردوغان اليوم من جريمة اكرام بوتين وتطوير وتعزيز العلاقة معه، لا يقارن بذنب السيسي يوم امس بتصويت لا قيمة له.,negative,negative,Negative
: ترتيب المجموعة الثانية:1- السعودية 10 نقاط2- استراليا 8 نقاط3- اليابان 7 نقاط4- الامارات 6 نقاط5- العراق 3 نقطة6- تايلان…,neutral,neutral,Neutral
اييييييييه ع قولت بيونسيه دورنت ورري بيبي دونت ورري😢,positive,positive,Negative
#بالتأكيد #الشيعه_في_خطر بسبب اتباعهم #ملالي_إيران_إجرام_باسم_الإسلام #عاشوراء #ياحسين #يازهراء #اليمن_الآن…,negative,negative,Negative
#السعودية تطالب #مجلس_الأمن باجراءات ضد دول تدعم ميليشيات الحوثي والمخلوع في اليمن,neutral,neutral,Neutral
": أهلنا في #القلمون_الشرقي : أبشروا بما يسركم؛ فإن أبناءكم وإخوانكم المجاهدين يثخنون بعصابة #داعش قتلا حتى استئصالهم""بإذن…",positive,positive,Positive
"مصادر في ""#المستقبل"": #السعودية تبلغ #الحريري ما تريده مباشرة وليس عبر تغريدات",negative,neutral,Neutral
بوكيمون غو Pokemon رسميا في الدول الإفريقية ومن بينها دول عربية,neutral,neutral,Neutral
اسحب كل كلامي السابق عن جستن بيبر والله انه اسطوره.,positive,positive,Positive
: عند زيارة المجرم بوتين لتركيا ولقاءه مع اردوغان#المفك وباقي شلة الاخونجية #حريم_السلطانلا ارى !لا اسمع !لا اتكلم !,negative,negative,Negative
متلازمة الالتزام بما يلزمنا به الملتزمين .(كم م و ز في الجملة واربح #ايفون_٧ ),neutral,neutral,Positive
: اغنية جستن بيبر و بنبره حزينه و انا بتروش : That should be me 🌞🎵,positive,negative,Negative
المسلط: إيران تمول الإرهاب.. وشعبها يعاني الفقر عبر,negative,negative,Negative
: #أوباما : إهانة #ترامب للمسلمين والأقليات مرفوضة تماما,neutral,negative,Negative
": الباقي:هو وحده له البقاء، الدائم الوجود الموصوف بالبقاء الأزلي، غير قابل للفناء فهو الباقي بلا انتهاء""٩٦""اللي يحفظه رتويت…",positive,positive,Positive
وش دونالد ترامب من الآخر شكله عامل زي وش إبراهيم الأبيض في أول مشهد خناقة في الفيلم... انا فعلا مش عارف هيحصل ايه بجد...,negative,negative,Negative
اذا ما لعب ميسي مو مهم عنده المنتخب الارجنتيني,neutral,neutral,Negative
لعبة بوكيمون جو تفوق التوقعات,positive,positive,Positive
الفرق بين ارهاب داعش وارهاب الاخرين، داعش يوثقون ارهابهم صوت وصوره ويبثونها للعالم,negative,negative,Negative
: ان الترجمة تفسد الأمر برمته فأم كلثوم مزيج خاص لا يفهمه سوى عربى .. مثلها مثل صوت الشيخ رفعت قبل الإفطار فى رمضان ، وص…,neutral,negative,Negative
نشكر ثقتكم وهدفنا دوما ارضائكم 🌹#وسيط_امازون,positive,neutral,Positive
بالفيديو.. فيلم يوضح مخاطر لعبة “بوكيمون غو”,negative,negative,Neutral
"إيقاف عنصرين مناصرين لـ ""داعش"" بطانطان وكلميم، أحدهما شقيق...",neutral,neutral,Neutral
: شعب يحب التجديد، منح فرصة للسود (أوباما) والآن النساء (هيلاري كلنتون),positive,positive,Positive
#امريكا تحارب وتدعم الإرهاب في آن واحد!تحاربه مع التحالف ، وتدعمه بالسلاح مثل ب ي د الكردية وغيرها!!ودعمت خونة البحرين والحوثيين ، متآمرة!,negative,negative,Negative
ذكروني بغاندالف في سلسلة افلام هاري بوتر هولاء الدلوخ😂😂,neutral,positive,Negative
(ربنا اكشف عنا العذاب إنا مؤمنون) [الدخان:12] #ريال_مدريد,positive,positive,Neutral
"انا اشفق على هيلاري كلنتون فهي مضطره لمناظره ""خبل"" نص كلامه مو مفهوم",negative,negative,Negative
": ميزة في هاتف #جوجل تكشف ""ابتزاز #أبل""#الوطن #منوعات",neutral,neutral,Neutral
قبل أن يسدل #أسبوع_الموضة ستاره، انتقت النجمة #CateBlanchett أنسامبل بغاية الأناقة من #Gucci، ما رأيك بإطلالتها؟,positive,positive,Positive
: لحظة وصول الإرهاب للشرق الأوسط ونزوله من الطائرة الفرنسية,negative,negative,Neutral
للأسف ملقتش البتاعه الي بيلبسوها في دماغهم في هاري بوتر قولت دي تمشي,neutral,negative,Negative
مايكروسوفت تتيح الترقية مجانا لـ ويندوز 10 لأصحاب النسخ...,positive,neutral,Neutral
: هاشتاج #الاخونجيه بتاع وقف امدادات النفط ل #مصر مصدره #بريطانيا و #اسكتلندا وصخلان #اردوغان ينبحون من الشرق الاوسط 😂😂😂…,negative,negative,Negative
اللي معجبك بلورد اوف ذا رينقز؟ هاري بوتر مختلف عن(لاذر)جي كي بنص كل فلم تحسسك انك قافط الوضع ومتوقع الاحداث لكن بالنهاية=,neutral,positive,Negative
النجمة العالمية بيونسيه تتألق بمظهر كامل من روبيرتو كڤالي The star #byonce is glowing with a…,positive,positive,Positive
انا قلت الخليج قطر والكويت ما فيها؟ و السعودية كمان فيها يا جاهلة يلا على النكاح ولك!!! يلا طوبزي ينكحك أوباما!!,negative,negative,Negative
خايف من اليوم اللي هنقول فيه ولا يوم من أيامك يا سيسي.,neutral,negative,Negative
#صحيفة_الوئام أسوس «زين فون 3» أسرع هاتف أندرويد في الولايات المتحدة #عاصفة_الحزم,positive,positive,Neutral
: #الاخوان_احفاد_مسيلمة ما زالوا يكذبون خبر شركة #ارامكو من قبل موضوع التصويت يا كاذبون لن تستطيعوا زرع الفتن يا #صخلا…,negative,negative,Negative
الدبلوماسية أم القوة.. صحيفة تكشف عن خلافات في واشنطن حول التعامل مع قضية حلب via,neutral,neutral,Neutral
": حملة سورية لجمع مليون دولار تعيد إرث #نوبل لـ""الخوذ البيضاء"" #حلب",positive,positive,Neutral
أوباما: تصريحات ترامب مقززة وتمثل اعتداء جنسيا #تونس,negative,negative,Negative
هذا بيرفكت تقريباسريع رامات كبار شاشة كبيرة ويندوز 10بس في موصفات زي مثلا شاشة لمس و منافذ USB و HDMI لازم تحطينها فالحسبتن,neutral,neutral,Negative
كيتي بيري و بيونسيه من اغنيه وحده بس دخلو مليون تقريبا 😐,positive,positive,Positive
: سيسي عذاب سيسي دمار ..سيسي خراابه..خربها ابن المبقعه.. وبيتفلسف ع المعاتيه...,negative,negative,Negative
: هاري بوتر؟👓🎩,neutral,neutral,Neutral
أردوغان يقنع شابا بعدم محاولة الإنتحار من فوق جسر ويوجه بحل مشاكله وتقديم العون له.  -,positive,positive,Neutral
40 % ارتفاع الذهب في سورية منذ بداية العام #سناب intshaar #تداول #السعودية,negative,neutral,Neutral
: قرقاش يهاجم مندوب السعودية: يبكي سقوط الإخوان ومرسي في نقده الموقف المصري,neutral,negative,Negative
: لان راتبين ذالاشهر مش ممكن ابدا تخيلو اربع شهور راتبين لا على الاقل شهرين رمضان وذوالقعده #نبي_البنوك_يوقفون_اقساطهم_من_رمضان…,positive,negative,Negative
وتصويت مصر سيسي لصالح روسيا بالامس اليست خيانة ايضا ام انها وجهة نظر خيانية، مصربلحة اصبحت كالعاهرة بعهد سيسي الكل يشوطها,negative,negative,Negative
ترامب حاول يبرر فضيحته ب ان بيل كلنتون فضيحته اكبر منه ؛هيلاري تعجبني شخصية و قوة ثبات رهيبه 🌸,neutral,neutral,Mixed
بالصور.. علبة مكياج هاري بوتر تثير هوس مستخدمي الإنترنت,positive,positive,Neutral
لأول مرة في حياتي بشعر بعدم الرغبة بمشاهدة هاري بوتر لآخرو,negative,negative,Negative
: #عاجلهيلاري كلينتون تتقدم على دونالد ترامب ب 9نقاطبحسب استطلاع جديد ل وول ستريت جورنال و NBCصدر قبل لحظات,neutral,neutral,Neutral
: ⚽✅ #RMCityقد بدأ التدريب!#ريال_مدريد #هلا_مدريد,positive,neutral,Neutral
ليش هي لحجيه غره مزيته لبس ما يزبط إلا ع بيونسيه خرا عليها وجهها شوي يشفع لها,negative,negative,Negative
إلي في اليسار جستن بيبر؟!؟؟,neutral,neutral,Neutral
"بهدف قاتل في اللحظة الاخيرةفالنتين ستوكر يحسم قمة ""سويسرا المجر"" لبلاد روجيه فيدرر",positive,neutral,Neutral
: نداء الى الاخوة في فتح الشام اتستراد حماه حلب ان لم يفتح للامداد وتبديل نقاط الرباط ستسقط القرى والمدن وتهجر وتهدم,negative,negative,Negative
: تابعوا المناظرة الرئاسية الثانية بين دونالد #ترامب وهيلاري #كلينتون 4 صباحا بتوقيت أبوظبي مع عمرو عبد الحميد …,neutral,neutral,Neutral
“أبل” تتربع على عرش العلامات التجارية الأكثر قيمة في العالم #المواطن,positive,positive,Neutral
: ليس واحد بل ثلاثه صالح ... بشار ...سيسي,negative,neutral,Negative
: #حزب_اللي_ماحملو_البوكيمون#بوكيمونسبب انتشار اللعبه,neutral,neutral,Negative
#افضل_مباراة_تنس_شاهدتها#فيدرر ضد #نادال 2006 نهائي روما .. اعتقد انها اجمل مباراة فيها لمحات في تاريخهما,positive,positive,Positive
يا اردوغان انت عبارة عن كل نابح . اعلم يا هذا بان العراق العظيم لا يمثله المهزوز العبادي وانما يمثله السيد مقتدى الصدر,negative,negative,Negative
#واشنطن :نواصل المناقشات حول إسقاط #بشار_الأسد,neutral,neutral,Neutral
: #بوكيمون جو تتحدى الألعاب الأولمبية Rio 2016#الاخبار_التقنية,positive,neutral,Neutral
لا ابدا ومشان هالشي اللاعب السوري ما بحاجة يدخل سوريا اساسا عشان يمثل سوريا ..كل مبارياتنا بماليزيا ورأيك السياسي غير مهم,negative,negative,Negative
😑 غوغل حقك تجميع شعيب الأرطاويه,neutral,neutral,Negative
اشكر جوجل لإشباع رغبتي قليلا في سماع صوت الحوت,positive,positive,Positive
: قناة T العربية/ #أردوغان: لا يمكن أن نقسم الإرهابيين إلى إرهابي جيد وإرهابي آخر غير جيد، هذ - عبر نبض,negative,neutral,Neutral
انا بيونسيه وانت جاي زي,neutral,neutral,Negative
: حلب لن تسقط واهلها لن يغادروها والحصار سيتم فكه رغم انف اوباما وبوتين,positive,positive,Positive
: وشو بالنسبة لمنكوبي #حلب ...ضحايا راهنوا عليكم وقوبل رهانهم بالخذلان والتجاهل وتركوا ليواجهوا قصف حليفكم بوتين ..عزل…,negative,negative,Negative
طفلة سورية تواسي أمها بطريقة لافتة!:   لكلمة الطفل البسيطة وقعها الساحر في النفس، فهم عادة ما يهذون بكلمات...,neutral,positive,Positive
مايكروسوفت مع ويندوز 10 تسير في الطريق الصحيح نتمنى تستمر ولا تغير ما بدأت.,positive,positive,Positive
: سفير #العراق في #إيران راجح الموسوي :لولا #الحشد_الشعبي لسبى #داعشنساء #الخليج‼️تخيلوا أن شذاذ الأفاق من #الحشد_الشيعييداف…,negative,negative,Negative
: مهما كابر البعض .. الارجنتين بحاجه ماسه الى هذا الرجل !من دونه نتائج سيئه جدا .. الارجنتين من دون ميسي لاشيء ..,neutral,negative,Mixed
: سعد رمضان زف عريسا في مسقط رأسه,positive,positive,Positive
: ان شاء الله يا #بوتين انت و#بشار_اﻷسد بتروحو فعس ومعس ودعس وبتجيكون جلطة تسكر الشريان اﻷبهر متل ما قهرتونا😔#HolocaustA…,negative,negative,Negative
أرملة سورية تــــريد زواج مســــــــــيار,neutral,neutral,Neutral
أبل تنتصر على سامسونغ وتربح 120 مليون دولار محكمة الاستئناف الأمريكية بانتصار شركة أبل في إحدى معاركها مع من…,positive,positive,Neutral
: صرخات ألم ودم وما من مجيب ..من مدينة المجازر #حلب اليوم#Aleppo #Syria #PutinAssadCrimes #ObamaComplicity,negative,negative,Negative
: القوات السعودية تصد هجوما للحوثيين على #جازان | #سكاي_أخبار,neutral,neutral,Neutral
خريطة: مساحة احتلال داعش تتقلص بسرعة ولاية #ديالى :,positive,neutral,Neutral
ساعة أبل محظورة بقرار وزاري في بريطانيا,negative,negative,Neutral
: إذا لم تضع الأمة (الإسلام) قبل العروبة فستبقى في ذيل الأمم، كانت العرب على العروبة متخلفة أكثر من ألف عام فجاءهم الإسل…,neutral,negative,Negative
لعبة رائعة #فطحل_العربرابط اندرويد : :,positive,positive,Neutral
دعم دول الخليج للجيش في مصر ضمانه للحفاظ على مصر لكن في سوريا اقليه علويه تذبح بالسوريين السنه قبل ان يحملو السلاح,negative,negative,Negative
#توران يعلن رفض برشلونة 50 مليون يورو من الصين للتخلي عنه,neutral,neutral,Neutral
#أدب (الخليج) طيران الإمارات و«غوغل» يطلقان «هيا نحتفل بعام القراءة» #الرمس_نت #alramsnet,positive,positive,Neutral
: من أخطر الفيديوهات الخطيرة على الإطلاق.هيلاري كلنتون تفضح امريكا بصناعة داعش بدعم سعودي.,negative,negative,Negative
: تفصيل الخبر لمن يريدالإستزادة والإطلاع 10دورسينما ف مصرستعرض فيلماعن بطولات قاسم سليماني ف العراق وسوريامن إنتا…,neutral,neutral,Neutral
عارفه الاغنيه دي بتاعت جستن بيبر 😂,positive,positive,Positive
"جنوبي السعودية : اعتراض صاروخ باليستي ""حوثي"" -",negative,negative,Neutral
: ابك يولد هاري بوتر فلم للورعان شجرة تمشي وضفدع يتكلم ميخييييس,neutral,neutral,Negative
: ريال مدريد يطلق مشروعه لتحديث ملعب سانتياغو برنابيو بتمويل من امارة ابوظبي,positive,neutral,Neutral
": ومازال "" تحرير القدس"" يمر عبر تدمير سوريا وقتل السوريين والفلسطينيين بمساعدة أبو علي بوتين ..- مخيم خان الشيح ليلة أم…",negative,negative,Negative
: زيدان يكشف عن حلمه الذي لم يتحقق في ريال مدريد,neutral,neutral,Neutral
#kuwait سولانج شقيقة بيونسيه تتصدر «بيلبورد» الأميركية - مشاهير: تصدرت المغنية سولانج نولز أخت النجمة الشهيرة...,positive,positive,Neutral
تعرضت البلوك منها من قبل رمضان يعني تخيل من شهر رمضان حتى الان ماشالت الحظر عقابها مرة قاسي,negative,negative,Negative
: ديميتروف إلى هذا الحد 😐استطاع التغلب على:نادالجوكوفيتشمورايفافرينكالكن لم يستطع التغلب على الذي علمه السحرروووووجير…,neutral,neutral,Neutral
: جائزة نوبل في الكيمياء لرئيس الفريق البحثي لمدينة العلوم السعودية,positive,positive,Neutral
نسينا يوم الخسيسي يلحق اوباما وما سلم عليه مصر اكبر من الخسيسي,negative,negative,Negative
"""أمازون"" تستهدف إطلاق متاجر متنقلة لبيع منتجات استهلاكية البديل",neutral,neutral,Neutral
سولانج شقيقة بيونسيه تتصدر «بيلبورد» الأميركية,positive,neutral,Neutral
: فيصل القاسم: لماذا يستعرض بوتين إس٣٠٠ و٤٠٠ وباقي اسلحته فقط في سوريا ولانرى هذا في العراق ؟لأن تدخلها بسوريا هو بمواف…,negative,negative,Negative
: هدف #بيكيه السادس على ريال مدريد ليلة جلد مدريد بالسداسية التاريخية على ملعبه وامام جماهيره 😂🔥,neutral,neutral,Neutral
تتشرف باري غاليري بدعوتكم لحضور ومقابلة فاطمة الدوسري خبيرة التجميل عند نقطة بيع مستحضرات تجميل غوتشي يوم 28 سبتمبر…,positive,positive,Neutral
السلام عليكمعندي مشكله اذا ابطلب من امازون البريطاني يطلع لي اخر شي نفس اللي بالصوره شنو السبب ؟,negative,neutral,Neutral
أرسنال يراقب خريج الريال: ذكرت تقارير أن أرسنال يراقب عن كثب لاعب وسط واعد في ريال مدريد اسم... #C7_ae #دولي,neutral,neutral,Neutral
": #غوغل تطلق حملة إعلانية ضخمة لهاتفها الجديد ""بيكسل""",positive,positive,Neutral
حتي جوجل مش مصدق اني في بيت دمياط 💔,negative,negative,Negative
: #السعوديه_الامارات #المنتخب_السعودى#فهد_المولد سيلفي ميسي مع هدف صديقه فهد المولد 😁👍🏻⚽️,neutral,neutral,Neutral
: أبل ردا على الخرينج : بدأنا إجراءات التخطيط والتصميم لجنوب عبدالله المبارك تمهيدا للتوزيع,positive,neutral,Neutral
: شبكة #شام الإخبارية|| سورية ومأساتهابقلم: وليد البني,negative,negative,Neutral
دعوة الست قصده هيلاري كلنتون مثلا,neutral,neutral,Negative
": أفضل 5 هواتف أندرويد تحل محل ""نوت 7"" القابل للانفجار",positive,positive,Neutral
: كل قطرة دم برقابكميا…أحرار الشاميا…جند الأقصىيا…ثوار #سوريالم تعد ثورتكم ثورةبل مقاومة محتلإنكم أمام إحتلال روسي…إي…,negative,negative,Negative
: تحميل كتاب باراك أوباما احلام من ابي لكاتبه باراك أوباما ن هذا الرابط,neutral,neutral,Neutral
خلال المناظرة الرئاسية.. #ميلانيا_ترامب تتألق بتصميم باهظ من #غوتشي #مشاهير,positive,positive,Positive
متخلفين جهله ملهمش علاقه بي الدين الاسلام برياءمنهم ومن افعلهم دول اوسخ من اليهود,negative,negative,Negative
أرقام روجر فيدرر بعد وصوله سن الـ30,neutral,neutral,Neutral
: تحية للشقيقة مصر على تصويتها لدحر الإرهاب في سوريا حماية للشعب السوري من وحشية عناصر التنظيمات الإرهابية #مصر_تصوت_لصالح_ال…,positive,positive,Positive
ميركل : بشار الأسد هو المسؤول الأول عن وقف إطلاق النار في سوريا -,negative,neutral,Neutral
: #أيفون_البروفيسورمسابقة على أيفون7 أسود مطفي 265جيجالمعرفة شروط المسابقهضيفني سناب شات F_Naita,neutral,neutral,Neutral
اللهم أنت السلام ومنك السلام تباركت يا ذا الجلال والإكرام #ريال_مدريد,positive,positive,Positive
على وقع حمى الانتخابات الأميركية ويكليكس تكشف عن دور هيلاري كلنتون ودعمها للإرهاب تقرير : قسم الأخبارقراءة :...,negative,negative,Neutral
"على البي سي""ويندوز 10""",neutral,neutral,Neutral
عندي وحده تشبه هاري بوتر يا انها كيوتيه😨!😭💗,positive,positive,Positive
نوال الزغبي (الشاب خالد ليس عالمي) هههههههه أتفرجي على ها الفيديو يا مبتدئة vía,negative,negative,Negative
تقول نوال الزغبي :,neutral,neutral,Neutral
نوال الزغبي لطيفه الفنانه الوحيده اللي كل الفيديو كليبات تبعها ماتسبب تلوث بصري ولا سمعي لو صوتها اقل من عادي,positive,positive,Positive
لما قالت نوال الزغبي لابقلها هاللقب فرحوا فانزها 😂😂😂كان لازم ياخدوها اهانة مش ثناء,negative,negative,Negative
الفنانة نوال الزغبي سنة 90,neutral,neutral,Neutral
"تذكرني بأغنية نوال الزغبي ""عينيك كدابين""",positive,negative,Negative
"بلا تشفير- أمل حمادي بتنتقد النجمة نوال الزغبي:"" نتي...",negative,negative,Negative
“إيغيل فيلمز” تطلق “#ولعانة”.. و #نوال_الزغبي توجه كلمة لـ #ماغي_بوغصن عبر”فوشيا”,neutral,neutral,Neutral
فنانة لبنانية كبيرة صوتها إسطوري ؟! #ماجدة_الرومي #نجوى_كرم #نوال_الزغبي #جوليا_بطرس,positive,positive,Positive
#لبناني_يقيم_دوره_مكياج_بالرياضمانكبنى غير براطم نوال الزغبيونهود اليساومؤخرة هيفاء وهبيقلنالكم كله نفخ وهوابس😉😉 يازين نفخهم يلطش,negative,negative,Negative
نوال ازايطب احلفي برحمة الزغبي انك نوال,neutral,negative,Positive
سيلفي للفنانة 👇الذهبية #نوال_الزغبي باطلالة رقيقة جميلة صباح اليوم 💋❤🌹صباح الخير 😍,positive,positive,Positive
منافسة كبيرة بين #نوال_الزغبي و #أمل_حجازي ومشاكل وغيرة متبادلة من هي نجمة شركة #لايف_ستايلز_استوديوز#توقعات2017,negative,neutral,Neutral
إحلفي انك نوال الزغبي 😳,neutral,positive,Negative
روئيتك #تريح #النظر #سماعك #يريح #الاعصاب #كلماتك #بلسم #الجروح ي #نجمتي #الذهبية #نوال_الزغبي #بحبك …,positive,positive,Positive
#star_news@Cheb_Khaled_ رد الشاب خالد على نوال الزغبي مضحك ههههههههههه نوال لازم ما تتكلمي على اسيادك,negative,negative,Negative
Listen to سنتين وانا احايل فيك -نوال الزغبى,neutral,negative,Negative
عم بحكي مع حالي #نوال_الزغبي,positive,positive,Positive
لو اشوفه قدامي ذبحته بس طبعا مو قبل التحقيق 😅😅 #nadinenassibnjeim #nnn #star #actress…,negative,negative,Negative
نوال الزغبي و وائل كفوري مين حبيبي أنا,neutral,neutral,Positive
- آلعآقل آلآگثر جنونآ بآلذهبیةة #نوآل_آلزغبي ❤😍💗💗,positive,positive,Negative
هناك لعبة وتبادل ادوار بين ميشال عون وحزب الله لخداع السعوديه حتى يحصلوا على الهبة الماليه فحزب الله في ضائقه ماليه .,negative,negative,Negative
هذي بنت الفنانة نوال الزغبي,neutral,neutral,Positive
"- ﺑﻴﻦ گل "" ﻧﻔﺲ ﻓﻴﻨﻲ "" صوتگگ"" #نوآل_آلزغبي #آغلى_آلحبآيب 💙💗💗😍❤",positive,positive,Positive
"-بيار رباط: لا هلق بدي اسئلك، مين صديقك أكتر "" الرئيس ميشال عون أو سليمان فرنجية؟""مش علينا هالحركات. إنو اعترف بغلطتك #بلا_هبلPart 2",negative,negative,Negative
مني معاي شيرين والا نوال الزغبي,neutral,negative,Negative
- علآج ﻟﻠﻤﺰآﺝ آﻟﻤﺮ ﻓﻲ صـوتگگ 💛💗💙❤💙#نوآل_آلزغبي #گل_یوم_جمعةة 💗💛,positive,positive,Neutral
وداد جابر: ميشال عون لن يكمل ولايته #للنشر,negative,neutral,Neutral
ترا انا اخاف من واحد اصغر منيويسمع نوال الزغبي وسميره سعيد,neutral,negative,Negative
I liked a video from نوال الزغبي و وائل كفوري مين حبيبي,positive,positive,Positive
ومن غير #الرئيس_ميشال_عون يستأهل ذلك في وجه الفساد والحراميي #جهزوا_سواعدكم,negative,negative,Positive
14. ايش بتقول #نوال_الزغبي ؟,neutral,neutral,Neutral
نوال الزغبي صوت الهدوء ❤️❤️,positive,positive,Positive
"رأى الرئيس ميشال عون أن (الرئيس السوري) بشار الأسد لو خسر الحرب، لتحولت سورية إلى ليبيا ثانية""،",negative,neutral,Neutral
- حوآر آلنجمةة آلذهبيةة #نوآل_آلزغبي مع سلطآن آبو طير على صفحآت جريدةة آلوطن : تصرح آلآن.. آصبحت نآ…,neutral,negative,Negative
نوال الزغبي من الحجات الي هتفضل جميله علي طول...😍😍😍😍,positive,positive,Positive
أولى بشائر النظام اللبناني المسخ بعد تولي ميشال عون الرئاسة، جدار فصل عنصري حول مخيم عين الحلوة، والله العرب بيأدوا…,negative,negative,Negative
لاااااااااااا أنا بقصد نوال الزغبي❤❤❤,neutral,positive,Negative
"الأصيل يبقى أصيل ما يتغير 👌🏼 تعلموا التواضع من #كلودا_الشمالي ""#فارس_كرم #مروان_خوري #وائل_كفوري #نجوى_كرم…",positive,positive,Positive
الرئيس #ميشال_عون. ابشرك سيخسر حليفك الطاغية الاسد ولو بعد حين بإذن الله .,negative,negative,Positive
بس إنتي نسيتي نوال الزغبي😊😊,neutral,negative,Negative
أجمل اعلانات النجمة الذهبية نوال الزغبي ، بانتظارك في عمان 31/12/2016,positive,positive,Positive
بعدالاشتباك السياسي بين الكهلانميشال عون ونبيه بريجعلني اعيدالتفكيرمرتين بترشيح جعجععون للرئاسةبكل الاحوال جعجع داهيةوهذه لاتحتاجلنقاش!,negative,negative,Negative
بين نوال الزغبي وعاصي الحلاني.. منافسة محتدمة,neutral,neutral,Neutral
ولو لك في حد غير أكيد نوال الزغبي,positive,neutral,Positive
الحيوان ميشال عون يقول: لوخسر الأسد لأصبحت سوريا مثل ليبيا! ياحيوان سوريا أصبحت كارثة العصر،ثم لولا الأسد لما صرت أنت في قصر بعبدا يانذل,negative,negative,Negative
-: للمسآء💤✍🏻 — جورجي وجوي توينز #نوال_الزغبي نحب التوينز من قبل ما نعرف انه نوال عندها توينز نحسهم نفس الشخص ون…,neutral,positive,Positive
أنطريني نوال أنا جاي لعندك حبيبتي كتييير بحبك يا أغلى فنانة بحياتي بدعي ربنا يحميكي ويحفظك يارب…,positive,positive,Positive
ميشال عون مقضيها امنيات و قصصمين وايل الزبالة بعدها,negative,negative,Negative
مش دي نوال الزغبي؟ شوفتي بقي الفرق بين المصريات واللبنانيات😜عشان كنتوا فاكريني بكدب عليكوا,neutral,negative,Negative
نوال الزغبى دى كانت مزة المزز.😍,positive,positive,Positive
مهو ميشال عون صار رئيسهم وهو صهيوني طبيعي منه هالتصرف,negative,negative,Negative
نوال الزغبى بزازها لسه بخيرهاعشاق الفنانات فينريتويييييييييت بليز,neutral,positive,Negative
تقريبا البرنامج اللي عامله جديد اسمه كل يوم جمعه مش جايب فيه الا فنانين لبنانين سمعت انه جايب اليسا نوال الزغبي وائل جسار,positive,negative,Negative
مقولة ان #ميشال_عون بات بعد انتخابه #بي_الكل، تتساقط لانه يمارس #الكيدية لا #الابوة ويستغل منصبه في تصفية حسابات سابقة مع معارضيه سياسيا.,negative,negative,Negative
“بدك تسأل عليي” جديد نوال الزغبي قريبا,neutral,neutral,Neutral
سلفي جديد للنجمة الذهبية #نوال_الزغبي .. 😍,positive,positive,Positive
مشكلتنا مش مع ميشال عون، مشكلتنا مع الكلاب الجائعة للسلطة يللي عم تحوم حولو....#إذا_شي #بس_هيك,negative,negative,Negative
"انتهت الفنانة نوال الزغبي من تسجيل أغنية جديدة بعنوان ""بدك تسأل علي"" من كلمات أحمد ماضي، ألحان جان صليبا وتوزيع باكيتو باهيم.",neutral,neutral,Neutral
ريال اشكبره بوعيال للحين يحب نوال الزغبي,positive,negative,Negative
كل مرة جورج ياسمين بقدم الاخبار بحط ايدي ع قلبي ليقطع قطوع الرئيس ميشال .....عون 😟😳,negative,negative,Negative
نوال الزغبي شو بتعملي ؟؟,neutral,neutral,Neutral
"مش عارفة ليه بس انا بسمع نوال الزغبى ""بيلبقلك لو شفت عليهن حالك """,positive,negative,Negative
عدم تشكيل حكومة #الحريري قبل عيد استقلال #لبنان، اول نكسة لعهد #ميشال_عون، طبعا المسؤول عن #النكسة الاولى هو #العهد نفسه.,negative,negative,Negative
ما تروحش يا علي الله يخليلنا علي ههههه حسيتا مثل نوال الزغبي بتتهزهز زي ڤيديو عم بحكي مع حالي بس ناقصا شال الرقص,neutral,negative,Negative
قريبا جدا عمرو اديب ببرنامج #كل_بوم_جمعه مع الديفا الماسية #نوال_الزغبي على قناة #ON_E المصرية,positive,positive,Neutral
المدعو #ميشال_عون صاحب ورئيس مجلس إدارة قناة OTV لاحفظك الله ولاأكرمك أما بعد:فإن مما أدركه الناس من كلام...,negative,positive,Negative
سوري بس وين نوال الزغبي و نجوى كرم كأفضل فنانين؟؟؟؟هني لازم يكونو قبل الكل؟؟,neutral,positive,Negative
وين مانروح بيطلع صوت الذهبية #نوال_الزغبي يا هيك النجاح والنجومية يا بلا 👌,positive,positive,Positive
كيف يدعو دوري شمعون الرئيس العماد ميشال عون الى حفل ازاحة الستار عن بوليفار كميل شمعون، وهو اي دوري، كان شكك...,negative,negative,Negative
هل أنت موافق على تغيير #نوال_الزغبي مدير أعمالها القديم #باسكال_مغامسوأستبداله بشقيقها #مارسيل_الزغبي@MarcelZoghbi ???,neutral,neutral,Neutral
للتصويت للماسية نوال الزغبي يرجى زيارة هيدا لينك #top30tvgulf,positive,neutral,Neutral
إن إنتخاب الجنرال #ميشال_عون رئيسآللجمهوريةتم خلأفآ لإرادة الطبقةالسياسية الحاكمةوالمستبدةوماقبولهم به إلا اقرارأ…,negative,negative,Negative
#خاص – منافسة محتدمة بين #نوال_الزغبي و #عاصي_الحلاني #ليلة_رأس_السنة …,neutral,neutral,Neutral
مـج ـلة 🎅🎄™ 󾠮󾠰 #Magazine13Arab الذهبيه#نوال_الزغبي بسحر جمالها الذهبي في اطلالتها اليوم…,positive,positive,Positive
حزب ايران سمح يكون سعد رئيس حكومه.حزب ايران رفض اعطاء وزاره سياديه للقوات.حزب ايران فرض ميشال عون .وبقولوا ان هيدي شجاعه من سعد😂,negative,negative,Negative
مين من فانز نوال الزغبي من لبنان وحابب يكون ضيف بحلقة خاصة من ارسل رسالة على حساب,neutral,neutral,Neutral
قريبا النجمة الذهبية #نوال_الزغبي على غلاف مجلة ليالي عمان في حوار شيق ومطول نتطرق فيه لأمور عدة! #سلطان_أبو_طير…,positive,positive,Neutral
احمد فتفت صار مغضوب عليه بمجرد اعترضو على ميشال عون . (ديمقراطيه)😂😂,negative,negative,Negative
نوال الزغبى وديانا حداد يهنئان مملكة البحرين بالعيد الوطنى,neutral,neutral,Neutral
ما في اجمل من نوال الزغبي وما بيخلق 😂#غرد_كانك_في_التسعينيات,positive,negative,Positive
استياءه من الحرية الزائدة المعطاة للوزير جبران باسيل من قبل الرئيس ميشال عون للتدخل في ملف تشكيل الحكومة,negative,negative,Negative
الممثلة #نادين_نسيب_نجيم ترفض المشاركة في المسلسلات الخليجية وأداء اللهجة لأنها لهجة صعبة.,neutral,neutral,Neutral
أكيد #عم_بحكي_مع_حالي لذهبية نوال الزغبي,positive,positive,Positive
حفل ميريام فارس إلي نزعت فيه ملابسها تسبب لها بالسجن - عبر,negative,negative,Negative
نادين نسيب نجيم ضد انو تتحرر حلب من داعش ..!! شو قصدك بآخر بوست نشرتيه,neutral,negative,Negative
نوال الزغبي لما بتنزل اغنية بتكون اغنية 👍جامدة ودة...💃💃💃 دليل نجاح,positive,positive,Positive
ميريام فارس تعمدت إخفاء وجه ابنها في أحدث فيديو له؟,negative,neutral,Neutral
"ماذا كشف #تيم_حسن عن ""الهيبة"" وثنائيته مع #نادين_نسيب_نجيم؟",neutral,neutral,Neutral
سيلفي للذهبية 👇الفنانة #نوال_الزغبي باطلالة رائعة بإبتسامة جميلة باحدث صورها 💋,positive,positive,Positive
صدف اني شفت فيديو كليب اجنبي لمغنية كنت اشوفها راقية إلى حد ما.. وشفت فيديو كليب ميريام فارس، واثنينهم كانوا بالنسبة لي مقدمة فلم سكس او سكس,negative,positive,Positive
لكل يلي ما شاف حلقة النجمة #نادين_نسيب_نجيم في برنامج #في_بيتنا_ضيف موجودة على هذا الرابط 👇😍,neutral,neutral,Neutral
- #آستقبلو عآم 2017 بحفل خمس نجوم مع آلنجمةة آلذهبيةة #نوآل_آلزغبي في عمآن في فندق لو رويآل للحجز…,positive,positive,Neutral
مش ظابطة مع #يارا باللهجة الخليجية مؤخرا ألبوم وأغاني منفردة وما ظبطت #مفروض_عدم_تكرار_التجربة عكس #ميريام_فارس أغنية #غروك 👌🏻 والكليب رائع,negative,positive,Mixed
فيديو: الأمير خالد الفيصل يدعو الرئيس اللبناني ميشال عون لزيارة المملكة,neutral,neutral,Neutral
حواري مع النجمة الذهبية #نوال_الزغبي على صفحات جريدة الوطن وتصرح: الآن أصبحت ناضجة! …,positive,neutral,Positive
على حساب ماأوت إليه الأحداث في حلب ،يوحي بأن هناك صفقة سرية مع موسكو واشنطون على تقسيم سوريا ،ودرع الفرات يكفي؟؟؟؟,negative,negative,Negative
مصادر لـ العرب : زيارة خالد الفيصل لـ #لبنان ..دعم سعودي مقابل عدم الارتماء في احضان المحور الإيراني,neutral,neutral,Neutral
"الفنانة الذهبية 👇الجميلة #نوال_الزغبي قريبا"" في #كل_يوم_جمعة مع #عمرو_أديب",positive,positive,Neutral
بشار قتل الشعب السوري ليخدم الصليبيين هنا يشكره البابا وبطريرك موسكو ...,negative,negative,Negative
ماذا قال ميشال عون للبنانيين بمناسبة عيد الاستقلال؟,neutral,neutral,Neutral
نوال الزغبي تهنئ شعب قطر بعيدهم الوطني -,positive,positive,Neutral
صحف عبرية..#حلب: بين #طهران و #موسكو وتل أبيب,negative,neutral,Neutral
الحقيقة| رسالة الاستقلال لرئيس الجمهورية ميشال عون,neutral,neutral,Neutral
بل لله من جد. لا يكون نوال الزغبي وانا مادريت,positive,negative,Negative
#موسكو: لن نتحالف مع الاتحاد الأوروبي ضد واشنطن #الرياض #جدة,negative,neutral,Neutral
ولكن عناد ميشال عون الشرس ووفاء السيد حسن وحنكة جعجع بس يللي ساعدو العماد عون يجي رئيس،بس أكيد أكيد ساعدت في المصالحة المسيحية مشكور موت,neutral,positive,Positive
دلعونا نوال الزغبي: عبر,positive,positive,Positive
"تركيا تنفى إبرام أى ""صفقة"" سرية مع موسكو حول سوريا - كاذب مضلل أنت تحت حذاء بوتين ياحقير",negative,negative,Negative
"-بيار رباط: مين صديقك أكتر "" فخامة الرئيس ميشال سليمان أو سليمان بيك فرنجية؟""-جورج قرداحي: أكيد سليمان بيك بس قصدك "" ميشال عون""Part 1",neutral,neutral,Neutral
جميلة اسمعوها — لا يعلى ع #نوال_الزغبي,positive,positive,Positive
"الحياة اللندنية||الإجتماع الثلاثي في #موسكو يقر ""خريطة #بوتين"":وقف النار لايشمل فتح الشام وداعش ،وإطلاق عملية سياسي…",negative,neutral,Neutral
فخامة الرئيس ميشال عون في رسالة الاستقلال الأولى في عهده,neutral,neutral,Neutral
#غرد_كانك_في_التسعينيات ماما دوريلي التلفزيون بدي شوف كليب نوال الزغبي الجديد يمكن اسمو الليالي.. ههه.. #ذكريات,positive,negative,Negative
"موسكو تندد بالهجوم على مكتب وكالة ""نوفوستي"" في كييف",negative,neutral,Neutral
الجريدة | عاجل: خادم الحرمين الشريفين يدعو الرئيس ميشال عون لزيارة...,neutral,neutral,Neutral
#مجلة_النجوم3 النجمة الذهبية #نوال_الزغبي في احدث اطلالتها عبر الانستغرام❤❤❤,positive,positive,Neutral
تقصد دمشق اللي هي فرع موسكو بسوريا,negative,neutral,Neutral
الأمير خالد الفيصل يدعو ميشال عون لزيارة السعودية عبر,neutral,neutral,Neutral
""": “بدك تسأل عليي” جديد نوال الزغبي قريبا",positive,neutral,Neutral
#الاتحاد_الاوروبي يمدد رسميا العقوبات الاقتصادية على #روسيا لمدة ستة أشهر جديدة لتاريخ ٣١ تموز يوليو ٢٠١٧ #موسكو #بروكسل #عاجل,negative,neutral,Neutral
وفد سعودي رفيع في بيروت الرئيس اللبناني ميشال عون مع أمير مكة خالد الفيصل العلاقات الثنائية بين البلدين. وس…,neutral,neutral,Neutral
#غرد_كانك_في_التسعينياتكانت نوال الزغبي عم بيشلوها بالسيارة 💖,positive,negative,Positive
"يعني ""بموافقتنا"" لأن دمشق صايرة موسكو",negative,neutral,Negative
وفد سعودي برئاسة مستشار #الملك_سلمان يزور #لبنان ويقدم الدعوة لـ #ميشال_عون لزيارة #السعودية,neutral,neutral,Neutral
شجرة النجمة الذهبية ..ذهبية #نوال_الزغبي,positive,positive,Positive
اجتماع وزراء روسيا وتركيا وايران يجتمعون في موسكو غدا لمناقشة الوضع في #حلب اين النظام السوري اللي هنئته يا…,negative,negative,Negative
#ميشال_عون: #لبنان ليست سلعة تباع في الأسواق الخارجية .. حافظوا على الوطن أرضا وشعبا #عيد_الاستقلال,neutral,neutral,Positive
- آلنجمةة آلذهبيةة #نوآل_آلزغبي تهنىء مملگةة آلبحرين بعيدهآ آلوطني 😍,positive,positive,Positive
حملة هيلاري تفجر موضوع تواطؤ فريق ترامب مع موسكو من جديد,negative,neutral,Neutral
الرئيس اللبناني ميشال عون لـ الأمير خالد الفيصل : أول بلد عربي سنقوم بزيارته السعودية#النشرة_السعودية #اخبار,neutral,neutral,Neutral
احلام هالسنه منا نشوف الذهبيه بحلقه من ارب ايدل نوال كل مره بتقول انتي بتجنني بارب ايدل وبكلشي بتحبي نوال الزغبي؟؟؟,positive,positive,Positive
العهر الدولي فاق عهر روسياعندما تشترط موسكو موافقة دمشق على دخول المراقبين الدوليين فهو عهر موصوف ... لكن العهر...,negative,negative,Negative
بدو يدعم و يشجع و يوقف ورا ميشال عون تيصير استقلال فعلي. بغض النظر انو في مرا انقسم الجيش كرمال عون.,neutral,positive,Mixed
"#غرد_كانك_في_التسعينيات المطرب الصاعد وائل كفوري والمطربة الصاعدة نوال الزغبي يتألقان في دويتو بعنوان ""مين حبيبي أنا""",positive,positive,Neutral
#الاتحاد_الاوروبي يمدد العقوبات الاقتصادية على #روسيا بسبب الأزمة الاوكرانية حتى 31 يوليود#أوكرانيا #كييف #القرم…,negative,neutral,Neutral
الشعب بلا أرض هو لاجىء والأرض بلا شعب هي مشاع فأرضكم هي هويتكمفخامة رئيس الجمهورية العماد ميشال عون,neutral,positive,Negative
أعجبني فيديو على نوال الزغبي زفة طلت اميرتنا,positive,positive,Positive
روسيا تقول بزيارة #اردوغان الى موسكو اتفقنا مع #اردوغان على الحل ب #حلب-يعني خيانه يعني #اردوغان خان المسلمين بحلب #حلب_تباد,negative,negative,Negative
كلمة الرئيس ميشال عون في عيد الاستقلال,neutral,neutral,Neutral
#الزمن_الجميل #نوال_الزغبي كانت تعحبني جدا انيقه وجميله واغانيها تهبل طفى بريقها الحين خساره 💔,positive,negative,Negative
بعد حملة مراجعة مواقف بعض المعارضين والناشطين الاخيرة .. قريبا سوف نرى: الحج الى موسكو!!,negative,neutral,Negative
الأمير #خالد_الفيصل ينقل دعوة خادم الحرمين لرئيس #لبنان #ميشال_عون لزيارة #السعودية والذي بدوره قبل بالدعوه بعد تشكيل الحكومة..,neutral,neutral,Neutral
قريبا جدا #كل_بوم_جمعه مع الديفا #نوال_الزغبي 👸❤ #AmrAdib#Egypt #Beirut,positive,positive,Positive
ليس غريبا على من تربوا في حضن #البعث، أن يتسابقوا الى #الاستانة و #موسكو و #حميميم،عليهم فقط أن يفعلوا ما كانوا...,negative,negative,Negative
الرئيس ميشال عون:لعدم اللجوء الى الخارج بغية الحصول على منفعة على حساب مصلحة الوطنترجمةفي 25 حزيران 2016حسن...,neutral,neutral,Neutral
#نوال_الزغبي قبل ماتنامي تذكري اني بحبك❤وبكرا رح حبك اكتر❤😍🙈,positive,positive,Positive
قاللك اجتماع روسى تركى إيرانى فى موسكو لتسويه أزمة حلبطب يا بيه والناس اللى دافعه فلوس دى ملهاش مكان ع الترابيزه 😃,negative,negative,Negative
#عيون_السفيرقال أحد النواب المستقلين للرئيسين ميشال عون وسعد الحريري: أثبتا لي أنني كنت مخطئا !#لبنان--مخطئا بماذا؟,neutral,negative,Negative
بتعرفني انا يا حبيبي قلبي معلق فيك و صدقني انا انا بنسى حالي و ما بنسيك و ايام الهنا يا حبيبي عشت بقربك انت ما انت #نوال_الزغبي,positive,positive,Positive
في موسكو ...إشتري 4 بكرات ورق لامؤاخذه (تواليت)و إربح رحله سياحيه لفردين ل (مصر) ... #تحيا_ماسر,negative,positive,Positive
#ميشال_عون يؤكد حرص بلاده على تعزيز #العلاقات_اللبنانية_السعودية #لبنان #السعودية_لبنان,neutral,neutral,Neutral
نوال الزغبي عملت لايك 🤔😂,positive,positive,Positive
إعلان بطريرك الأرثوذكس فى موسكو أن ماحدث فى حلب هوانتصارللصليب .أتفق الروس والمجوس واليهود على الباطل واختلفنا...,negative,neutral,Mixed
الرئيس اللبناني ميشال عون : لو خسر الأسد الحرب لتحولت سوريا إلى ليبيا ثانية,neutral,neutral,Neutral
#تفاحه_نيوتن_بكلمتيننيوتن لو رأى الذهبية نوال الزغبي كان الغى قانون الجاذبية و اختصرو بعيون الذهبية #نوال_الزغبي,positive,positive,Positive
لو قلت ليمني ان درجة الحرارة اليوم في موسكو 6 تحت الصفر بيقلك بس البرد حقنا يدخل العظم ياخي.. حقنا الفشرة مافيش زيها 😂,negative,negative,Negative
ميشال عون لصحيفة فرانس كاتوليك: بشار الأسد لو خسر الحرب، لتحولت سوريا إلى ليبيا ثانية. هل كان ذلك ليؤدي إلى السلام الإقليمي والأمن العالمي؟,neutral,neutral,Neutral
الاغنية دي جبارة :) انا مش مسامحة يالي سرقتوا من حياتي الفرحة :') #نوال_الزغبي,positive,negative,Positive
يا استاذ فيصل ..هل تتوقع ان نراك في سجون الاسد بعد اجتماع موسكو وطهران وتركيا .. فتنتك بين المسلمين لن تنفعكلاتحسبن الله غافلا ..,negative,negative,Negative
الرئيس ميشال عون: مناورات قام بها سياسيون لبنانيون لمنعي من العودة من المنفى. وتدخلات من قبل وزارة الخارجية الفرنسية لإبقائي في فرنسا.,neutral,negative,Neutral
اه نوال الزغبي عالمية و الشب خالد مش عالمي 😏,positive,negative,Negative
حلب وجولات آستانة… موسكو تنقلب على جنيف,negative,negative,Neutral
المونيتور يكشف: هذه رؤية ميشال عون للحكم في لبنان.. لعل وعسى تنجح !,neutral,neutral,Neutral
متل نجومية نوال الزغبي ماحدا محقق و نقطه عالسطر,positive,negative,Positive
يبدوا أن جديد اجتماعات #موسكو هو الجانب التركي، وهذا ما يطرح بعض علامات الاستفهام حول دور #أنقرة المتقلب في الشام والعراق.,negative,negative,Negative
أكدت مصادر رسمية لـ «الحياة»أمس، أن وفدا سعوديا رفيعا سيزور #بيروت غدا (الإثنين) للقاء رؤساء الجمهورية العماد #ميشال_عون,neutral,neutral,Neutral
نجمتنا الذهبية #نوال_الزغبي مع الإعلامي #زكريا_فحام صاحب موقع #خبر_عاجل 😍,positive,positive,Positive
#دبي_اليوممفوض برلين للشؤون الروسية: موسكو مصدومة من الانتقادات الدولية حول حلب,negative,neutral,Neutral
قالت لنا العصفورة : في أول زيارة خارجية له منذ تسلمه منصب رئيس الجمهورية في لبنان الرئيس ميشال عون الى دمشق قريبا للقاء الأسد,neutral,neutral,Neutral
#نوال_الزغبيﻫﻲ ﺗﻌﻨﻲ ﻟﻲ ﺁﻟﺴﻌﺂﺩة ﻭ اﻟﻨﻘﺂﺀ ﻭ ﺁﻟﻔﺮﺡ ﻭ أﺷﻴﺂﺀ ﻵ ﺁﺳﺘﻄﻴﻊ ﺁﻟﺘﻌﺒﻴﺮ عنها 😍🙈ﻫﻲ ﺷﻲﺀ ﺁﺗﻤﻨﻰ ﺁﻥ…,positive,neutral,Neutral
هالعقلية الذكورية ما كنا نخلص منها! انو بدن يقولولي انو بكل لبنان عامة و المجتمع المسيحي خاصة ما في امرأة تستحق منصب وزاري!,negative,negative,Negative
الرئيس اللبناني ميشال عون: لو خسر #الأسد الحرب لتحولت #سوريا إلى #ليبيا ثانيا.. لقد اصبحنا مضرب مثل!!,neutral,negative,Negative
هاي كيفك انشأالله الأف مبروك حياتي بليزاريدموقع الفنانة نوال الزغبي ؟واخبارها وجميع اغنيهالاني بحبهاكثير,positive,positive,Positive
جنرال روسي: #ايران و #حزب #الله يثرثرون ولايحاربون #عرب #الخليج #مصر #عراق #لبنان #كويت #دبي #قطر #السعودية #عمان,negative,negative,Negative
بدي أسالك سوءال انت هلاء شو بيعنيلك الرءيس ميشال عون,neutral,negative,Negative
اريد اخبار الفنانة نوال الزغبي,positive,neutral,Neutral
توقيف مطلوبين 2 في برج البراجنة بجرائم سلب وسرقة بقوة السلاح #,negative,neutral,Neutral
مع كامل محبتي الشخصية للرؤساء عون وبري والحريري، لا تفهموني خطأ؟؟؟ عندما يقبل الرئيس ميشال عون بأن ينتخب من قبل...,neutral,positive,Negative
اريد اخبارالمشاهيرالعرب بختصار(نوال الزغبي)ارجوكم,positive,neutral,Neutral
والله ثم الله لاجيبك على وجهك لو انك في قلعة وادرين في لبنان او فلسطين جايبك جايبك و بعدها بعلقك و ادخل سيم مجمر في مكوتك يالكلب,negative,negative,Negative
*💥👈🏻مقدمة النشرة المسائية* 💥بعد السجال بين رئيس الجمهورية ميشال عون ورئيس مجلس النواب نبيه بري، دخلت البلاد...,neutral,neutral,Neutral
حبيبة قلبي يا نوال الزغبي #حبيبي_انا كل قلبي هواك ❤🌷😘😉,positive,positive,Positive
في جميع بلدان العالم تشكل الحكومة لتحقق تطلعات الشعب ونهضة الوطن في #لبنان تشكل لترضي الأحزاب والمليشيات وسعادته,negative,positive,Negative
ترامب في البيت الأبيض. ميشال عون في بعبدا. مارين لوبان على مقربة من الإليزيه. بوريس جونسون وزير خارجية بريطانيا بعد Brexit.٢٠١٦ باختصار..!,neutral,neutral,Neutral
لما خلصت عمليتي وكنت بحالة البنج والله العظيم الاهل والاصدقاء بيقولو بس تحكي نوال الزغبي احبج ويارب يجعل كل ايامج اسعد الايام,positive,positive,Positive
تابع حكومة لبنان هاذاالمسكين حكومته من30 وزير والشعب مايلقى ياكل منتهى السخف ولامبالاه لانه يعتمدعلى الخليج لتغطيته على اهل الخليج حفظ مالهم,negative,negative,Negative
هل انتهت مرحلة الاحباط المسيحي بوصول ميشال عون إلى الرئاسة؟,neutral,neutral,Negative
حبيبتي إنتي طيبة أوي يا نوال الزغبي بالبنطلون الأحمر,positive,positive,Positive
بالصيفيات الحلوه محد يقرر ينزلني على لبنان لما وصلت درجه الحراره تحت الصفر امي تقول نفكر نروح لا شكرا,negative,positive,Negative
"حال الرئيس #ميشال_عون يقول:""اللي نطر سنتين ونص كرمال الرئاسة وما تراجع بينطر كم يوم زيادة كرمال الحكومة..""",neutral,negative,Negative
نوال الزغبي بالأحمر بتبقى نايس أوي,positive,positive,Positive
في #لبنان وزارة للمرأة يترأسها الوزير جان اوغاسبيان. 😊😎😁,negative,neutral,Neutral
بمعنى اخر #ميشال_عون ما زال أسير ماضيه بفعل بعض البطانة، واذا لم يستدرك الامر فان بقية القوى السياسية قد تعود لمناقشة الماضي إياه.,neutral,negative,Negative
المزيد من الصور من حفل النجمة الذهبية #نوال_الزغبي بالريفيرا ببيروت #لبنان 😍,positive,positive,Positive
نجران: إطلاق صلية صواريخ على تجمعات لـ #الجيش_السعودي وآلياته في موقع الهرم محققة إصابات مباشرة #لبنان_الآن,negative,neutral,Neutral
مين حضرتك حتى تقيم المسيحيين ؟مسيحيي لبنان عامة ومسيحيي فخامة الرئيس ميشال عون خاصة هم أشرف الناس.منيح أو بعيد,neutral,positive,Negative
استمع الى ريمكس الديفا نوال الزغبي عم بحكي مع حالي . by Phil Romano #np on #SoundCloud,positive,positive,Neutral
معدل عمر الوزراء في الحكومة العتيدة 59 سنة، تتراوح بين 45 و 78 سنة، فيما متوسط العمر في لبنان (Median Age) لا...,negative,neutral,Neutral
المسيحيين بفلسطين غير عن مسيحيين ميشال عون لا يمكن وضع جميع المسيحيين بنفس السلة رجاء,neutral,negative,Negative
الذهبية نوال الزغبي ❤ #توبر_قلبي,positive,positive,Positive
يلي جاب وزير الطاقة ذكي كتير. لان مع كل انقطاع الكهربا مسباة عل الوزير بإسمو بس هلق مين رح يحفظ اسمو. 👍 #حكومه_لبنان,negative,positive,Negative
بالفيديو – الصين تتابع باهتمام وصول الرئيس ميشال عون الى سدة الرئاسة.. (Video) – Agoraleaks,neutral,neutral,Neutral
نادين نسيب نجيم تبدأ تصوير الهيبة مع تيم حسن,positive,neutral,Neutral
فعلا هذه المعرفات من خارج السعودية واغلبها يديرها روافض في ايران و لبنان وغيرها..تحياتي لك..وآسف,negative,negative,Negative
الوزير الياس #بو_صعب ممثلا رئيس الجمهورية ميشال #عون خلال إعادة افتتاح جادة كميل شمعون: لبنان لن يكن يوما قويا إلا حين كان ابناؤه موحدين,neutral,neutral,Neutral
يا إلهي كم هي جميلة تلك السمراء 😍💗 #نادين_نسيب_نجيم #nadinenassibnjeim #nnn #star #actress,positive,positive,Positive
"عجبني ب #حكومة_لبنان وزارة ""شؤون مكافحة الفساد"" بحسسوك انه لبنان دولة متحضرة و فيها محاسبة للمسؤولين",negative,negative,Positive
شابة لبنانية مريضة بالسرطان تلتقي الرئيس ميشال عون وتتجول معه في قصر بعبدا,neutral,neutral,Neutral
أنا بأيد رأيك نور وبالنسبة إلي كمان نادين نسيب نجيم هي الأفضل بضم صوتي لصوتك,positive,positive,Positive
لا بترحمو ولا بتخلو رحمة الله تنزل...و بتعرفو انو التغيير صعب.ولك بالحب الشخص بحط الحق عالظروف...لبنان بالتوازن.انو بنشحط بعض مثلا!,negative,negative,Negative
رسالة الى فخامة رئيس الجمهورية العماد ميشال عون أتذكرون يا فخامة الرئيس حين زرتكم منذ ست و عشرين عاما ، في بيت...,neutral,positive,Positive
تصبحو على ألف خير 😙#نادين_نسيب_نجيم #nnn@nadinenjeim,positive,positive,Positive
هذا يذكرني بحصار بيروت ومناطق واسعة من لبنان من قبل الجيش الاسرائيلي للجيش السوري الجبان وبعد اتفاق بواسطة الامم...,negative,negative,Negative
فادي الأعور: الرئيس ميشال عون وحده الذي يعلن عن تحركاته,neutral,neutral,Neutral
وأرى جمالك فوق كل جميلةوجمال وجهك يخطف الأبصارا .❤ #نادين_نسيب_نجيم,positive,positive,Positive
اهم شئ الهدف تحقق واصبحت سوريا بلد ضعيف مهلهل شبه مفكك وبشار مجرد رئيس صوري كماهو الوضع في لبنان والعراق واليمن,negative,negative,Negative
يلا نبتدي فوازير 😁 اول اغنيه صعبه شويه مين الي كان بيغني اخر دويتو عملته ميريام فارس معاها ؟ كيفك انت #متسمعش_وبس,neutral,negative,Negative
جمال الليل في نظرة عيونك ،، ونور البدر مرسوم بجفونكوكل الكون ما يسوي يا نادين بدونك😘😘😍😍الله يحميكي ندووون…,positive,positive,Positive
هذه الحكومة كأنها مقهى #حكومة_لبنان,negative,negative,Negative
الفنانه ميريام فارس ورقص المثير,neutral,neutral,Neutral
بجملتين سأكتفيعشقتك منذ البدايةوسأحبك حتى النهاية ...💖💖💖💖#نادين_نسيب_نجيم,positive,positive,Positive
لبنان: ’’سخرية’’ من تعيين رجل وزيرا لشؤون المرأة,negative,negative,Neutral
الاستاذه ميريام فارس ليها اغاني حلوه فشخ مش واخده حقها,neutral,positive,Positive
يا ربي على هالجمااال 😱😩 كمية جمالها لا يوصف ماشاءالله ربي يحميكي من العين 🙏🏻#نادين_نسيب_نجيم ❤️🌹❤️🌹❤️,positive,positive,Positive
حكومة سهرة ليليه تتشكل في لبنان..المطرب من حزب الله والراقصه مسيحيه وجمهور السهره المسطول والمصفق سني..والخادم درزي..وحارس المرقص ايراني!!,negative,negative,Negative
شاهدي أول فيديو لابن #ميريام_فارس من داخل المنزل myriamfares,neutral,neutral,Neutral
أحلى خبر ندووون وأخيرا ح نعيش نهاية سعيده 💃😍😍😍كل التوفيق والنجاح يا أروع نجمة #نادين_نسيب_نجيم,positive,positive,Positive
كتير ب #لبنان عم يقولوا ان الحكومة الجديدة ل #المستقبل إدارتها ول #حزب_الله قرارها!,negative,negative,Negative
سبحان الله نفس كلام ميريام فارس يوم كانت متعلقه فيني الله يهديك بس ما ابغا اتذكر,neutral,positive,Negative
حوار خاص مع النجمة #نادين_نسيب_نجيم لمجلة #ماري_كلير 💭 #ملكة_الصحراء 👑❤,positive,neutral,Neutral
لولا حزب الله وتضحيات مقاوميه واحتضان بيئته الحاضنة لهلم يكن هناك من لبنان لتتصارعوا على سرقته والاستئثار بالمناصب التي تحمي فسادكم.,negative,negative,Negative
#عطنا_تغريده_مهايطيه راشد الماجد و ميريام فارس وجورج قرداحي حالفين الا امرهم زيلامسي المشكله انه ماعندي وقت يالله افف .,neutral,negative,Negative
دبي وأهل دبي وصحراء دبي كلها تحت أمرك 😍😍 فديت قلبك أنا 💜💜💜💜 #نادين_نسيب_نجيم,positive,positive,Positive
جان أوغاسبيان ، وزير الدولة لشؤون (المرأة) رجل في حكومة لبنان !! شف الاسم وشف المنصب ، موب موب عندنا (العرج) وماسك تماسيح وتولجوه نزاهة 😂,negative,negative,Negative
تخيلو طلعت ميريام فارس مع عساف بكرة بنفس الحفل 💔💔💔💔💔😭 ما بتخيلهم سوا ابدا,neutral,negative,Positive
الله يحمي هالعيون 😍🙏💗 #nadinenassibnjeim #nnn #star #actress #نادين_نسيب_نجيم,positive,positive,Positive
مع إنو مش مقتنع،البطالة والفساد بلبنان مخيفة بس الله بيعين رح حاول شوف وإحلم بلبنان الوطن الجميل مستقبلا مع الحكومة الجديدة.. #حكومة_لبنان,negative,positive,Mixed
و ميريام فارس .. ربداوية,neutral,neutral,Negative
تألمت كثيرا ورغم جميع أوجاعي بقيت بوجه ضاحك وقلب يحلم بالسعادة 💕 جبران خليل جبران #nnn #star…,positive,negative,Positive
#حكومه_لبنان العبرة بالعمل لمصلحة الشعب اللبناني مش لمصلحتن الشخصية .,negative,positive,Negative
ما هو لو الملل والزهق بيحرقوا سعرات حرارية كان زمان كل البنات زي ميريام فارس والله 😂😂الله يعينكوا على قعدة البيت,neutral,positive,Negative
الف الحمدلله .. و يا رب تكون النهايه سعيده ويمرء العيد على خير وننبسط بـ نادين والمسلسل والنهايه والعيد 🙏🏻🙏🏻…,positive,positive,Positive
تعرف على غرائب حكومة لبنان الجديدة #العربية,negative,negative,Neutral
#صدى_البلد | ميريام فارس تروج لحفلها في دبي #البلد |,neutral,neutral,Neutral
"حوار خاص مع النجمة #نادين_نسيب_نجيم لمجلة ""ماري كلير العربية""",positive,neutral,Neutral
كل هذه الميليشيات ووراءها حكومات وميزانيات وجيوش ثلاثة دول (لبنان وسورية وإيران) ، وخلفهم قوى عظمى من الشرق...,negative,negative,Negative
لسه بمسك الفرشاة وبجيب شعرى على الجمب واقلد ميريام فارس،مبعرفش انام غير على بطنى،بستعمل شامبوو جونسون، بحب الاقلام…,neutral,positive,Negative
ملكة الصحراء والجمال والدراما#نادين_نسيب_نجيمفي كواليس جلسة تصوير مجلة #ماري_كلير العربية في #دبي@nadinenjeim ❤👑,positive,positive,Positive
في لبنان كل شيء ممكن جذا وزير شئون المرأة .. رجل ...... ووزير الثقافة طبيب جراح ...وهكذا بقية الحقائب الوزارية لا أحد له علاقة بحقيبته .!!,negative,negative,Negative
كنت ميريام فارس على غفلة بس طبعا تعرف احنا يسموونا ياام كعشة مو زي ميريام صارت مشهورة بشعرها😂,neutral,negative,Negative
كواليس أجواء جلسة التصوير الخاصة بالملكة #نادين_نسيب_نجيم في دبي 🎬❤Qween 👑💭❤#نادين_نجيم,positive,positive,Neutral
"#سوريا مصادر: ""حزب الله"" يستثمر مجازر ""حلب"" للسيطرة على لبنان #SYRIA",negative,negative,Neutral
الجمهور يتفاعل مع فيديو نجل #ميريام_فارس - شاهد,neutral,neutral,Neutral
كواليس الجلسة التصويرية الخاصة بالملكة #نادين_نسيب_نجيم في #دبي 🎬❤#ملكة_الصحراء 👑🌿إسم الله على جمالك 😍😍😍 الله يح…,positive,positive,Positive
أوقات لازم تشيل التفاحة الصالحة من السلة المليانة تفاحات فاسدين#ابو_صعب #حكومة_لبنان,negative,negative,Negative
أخبار النهار| ميريام فارس: لهذا السبب أخفي زوجي عن الإعلام #فنون,neutral,neutral,Neutral
بوجودك أنت تزداد الدراما جمالا وروعة🌹👑🌹#نادين_نسيب_نجيم,positive,positive,Positive
#ابناينا_المحتجزين_بايرانعنصر أفغاني من الميليشيات #الشيعية الداعمة لقوات النظام قتل قرب #مطار_T4 التيفور شرقي…,negative,negative,Neutral
#ميريام_فارس تنشر الفيديو الأول لابنها جايدن,neutral,neutral,Neutral
عيوووني مآ تشوف غير ( جمالك) 🙈😳بسم الله عليك وعلى عيونك وجمالك وكل شي فيك 💜#نادين_نسيب_نجيم,positive,positive,Positive
يعني نفهم من كلامك أن امريكا وروسيا هم من يحارب اسرائيل ويحاول تقوية محور مقاومة إسرائيل؟ #العراق #سوريا #مصر #اليمن #لبنان,negative,negative,Negative
"أول فيديو لـ""جايدن"" إبن ميريام فارس",neutral,neutral,Neutral
#نادين_نسيب_نجيم ❤️❤️❤️مجلة #ماري_كلير 💭#ملكة_الصحراء 👑,positive,positive,Positive
السامة عندما ترفع الملقط عن انيابها - يكفي انه فضح فسادهم وقلة ضميرهم هنيئا لك يا لبنان بأحتفال الفاسدين النادر,negative,negative,Negative
مادري منو قايل حق البنات انه كشه ميريام فارس حلوه ولازم تسونها كل يوم وتلوعون جبدنا فيها يا اختي سويه كبه اذا ماتبين تسوينه يعني,neutral,positive,Negative
من كواليس جلسة تصوير ندون في دبي ❤#نادين_نسيب_نجيم,positive,positive,Positive
سامي الجميل: هذه الحكومة لا تشبهنا وسننضم إلى المعارضة #Lebanon,negative,neutral,Neutral
احب ميريام فارس ومايا دياب الاخ واضح انه من جماعة هزي يانواعم يبي امتع نظره 💃👌,neutral,positive,Positive
ما أجملها 😍#نادين_نسيب_نجيم #nnn@nadinenjeim,positive,positive,Positive
تنظيم #داعش يعدم فتى في مدينة الطبقة في ريف الرقة الغربي بتهمة التعامل مع ’’التحالف الدولي’’ #لبنان_الآن,negative,negative,Neutral
شاهد لأول مرة بالصور ميريام فارس ترتدي الحجاب: via,neutral,neutral,Neutral
ربآااه ما الذي أرى أمامي 😱😱😱😳.بعد جمالها مستحيل يحلى بعيوني شي 😍😍😍 ❤#نادين_نسيب_نجيم,positive,positive,Positive
امريكا تحارب مع جيش #العراق وروسيا تحارب مع جيش #سوريا هل يحاربون عملاءاسرائيل لتثبيت حكم اعداء إسرائيل؟ #مصر #اليمن #لبنان,negative,negative,Negative
صدر أليسا وجه رؤى الصبان شعر و رشاقه ميريام فارس و مكوه روبيو عيون زينب ذيك المغربيه و الصوت مثل نوال الكويتيه وبس والله,neutral,positive,Positive
وهب الإله بك الجمال تجملاحتى كأنك للجمال جمال .. ❤#نادين_نسيب_نجيم,positive,positive,Positive
#ايران.. اضراب لبناني عن الطعام في سجن ايفين.#لبنان #الشرق_الاوسط #حقوق_الانسان,negative,negative,Neutral
صدر ميريام فارس لا يقل اثارة عن مؤخرتها via,neutral,positive,Positive
يسعدلي كل أوقاتكم ♡بليز لا تنسوا تصوتوا للنجمة #نادين_نسيب_نجيم على هالرابط ك أفضل ممثلة لبنانية وملكة جمال لبنانية,positive,positive,Positive
وزير الدولة متل الحكم الرابع بالفوتبولبيقعد بيحضر الماتش وبيفل وبيقبض متل الحمام الباقيين#حكومة_لبنان,negative,negative,Negative
شقيقة ميريام فارس نسخة طبق الأصل عنها! 😲 #مشاهير #عائلة #شبه,neutral,negative,Negative
أحبك هذه هي بداية صباحي😍😍😘💐بتمنالك نهاار رائع وحلو مثل ضحكاتك 😃😃#نادين_نسيب_نجيم,positive,positive,Positive
#حكومة_لبنان فصلوا وخيطوا وقسموا ع مقاسهم والشعب بعالم آخر,negative,negative,Negative
كلمات وألحان يوسف العماني - أرتاح من أشوفه - ميريام فارس,neutral,neutral,Neutral
خاص - هشام حداد لأوائل نيوز حلقة نادين نسيب نجيم كثير قوية,positive,positive,Positive
لبنان في ضع خطير الله يستر,negative,negative,Negative
حرام عليك 👊 هي لازم تبقى شبه ميريام فارس 🔫🔫🔫🔫,neutral,negative,Negative
أجواء كواليس الجلسة التصويرية للنجمة #نادين_نسيب_نجيم لمجلة #ماري_كلير_العربية التي زارت اخيرا مدينة #دبى ملكة الص…,positive,positive,Neutral
#حكومه_لبنان مش معقول وزير لشوؤن المراة فقط في لبنان,negative,negative,Negative
كم شخص يحب ميريام فارس,neutral,positive,Neutral
يخليلي عيونك اللي عرف قلبيطعم الحياه من بعدها 😍💜💜 #نادين_نسيب_نجيم #ملكة_الهيبة,positive,positive,Positive
حكومة بتمثل مصالح وحصص وما بتمثل المواطن، المهم ينشغل عقانون انتخاب يمثل الكل وما تنظلم صيدا بالنيابة متل ما انظلمت بالحكومة#حكومة_لبنان,negative,negative,Negative
ميريام فارس تحيي حفلا غنائيا في دبي 6 ديسمبر,neutral,neutral,Neutral
صباحو 😘يا رباه ريتويتين من ندون ❤💕#نادين_نسيب_نجيم #ملكة_الهيبة #الهيبة_الندونية #الهيبة_نادين_نسيب_نجيم #الهيبة…,positive,positive,Positive
الروافض في لبنان بالتحالف مع رئيس الجمهوريه والأحزاب التابعه لسورياسيطروعلى الحكومه الجديده وتم استبعادالكتائب وشرفاء طرابلس لرفضهم السيطره,negative,negative,Negative
إستفتاء:هل تشبه شقيقة ميريام فارس النجمة إليسا؟,neutral,neutral,Neutral
#نادين_نسيب_نجيم تابعو الاعلامية الجميله #داليا_ايمن 👇🏻👇🏻,positive,positive,Positive
#الحكومه_الجديدة وزيرة واحدة ووزير لشؤون المراة!!!! يا نساء لبنان الناشطات في الاحزاب اللبنانية لماذا؟؟؟؟؟؟,negative,negative,Negative
إعجاب #ترامب بالكرملين.. ولع قديم من الرئيس الأمريكي الجديد بـ #موسكو,neutral,positive,Neutral
#نادين_نسيب_نجيمنجمة الشاشة العربية بوقت الحالي 💗😍,positive,positive,Positive
الضباط الفرنسيين الذين يتحدث الجعفري عن تواجدهم في حلب المحاصرة مثل تواجد مصنع أحرار الشام للاسلحه الكيماوي بصفحة فيسبوك مواليه ونقله عنها,negative,negative,Negative
موسكو تحتضن اجتماعا ثلاثيا غدا للنظر في القضية السورية,neutral,neutral,Neutral
الجمال كله يا أجمل نادينفي أنتظار جديدك دائما #نادين_نسيب_نجيم,positive,positive,Positive
عادة ما يطلق على من يترك دراسته بالجامعة بالشخص الفاشل. ويندوز، أبل، تويتر، فيسبوك، أوراكل، واتساب، أوبر، وغيرها كث…,negative,negative,Negative
"أنقرة تنفي إبرام أي صفقة ""سرية"" مع موسكو بخصوص مستقبل سوريا",neutral,neutral,Neutral
#نادين_نسيب_نجيم بتستاهلي لانك فعلاافضل ممثلة لامانة انا بحبك وبحب ثمتيلك ❤,positive,positive,Positive
و قفلت فيسبوك فترة كبيرة ساعتها، فالحمدلله يعني بجد منظري كان ابن وسخه وما زال بردو,negative,negative,Negative
"⭐️ #دولــــي • عرض يحاكي ""معركة موسكو"" عام 1941: شهدت ضواحي العاصمة الروسية عرضا عسكريا يحاكي معركة موسكو التي غيرت…",neutral,neutral,Neutral
ملكة على عرش كل الاستفتاءات👑 #نادين_نسيب_نجيم,positive,positive,Positive
ما تتكلمي عربي و تعيشي عيشة أهلك يا شيخه يعني فيسبوك و تويتر عملالى فيها من باڤرلي هيلز !,negative,negative,Negative
لافروف: المحادثات حول سوريا في موسكو ستسمح باستعراض التطورات مع أولئك القادرين على تحسين الوضع -,neutral,neutral,Neutral
ولعانه الحلقة أكيد على نار منتظرين♥♡ #نادين_نسيب_نجيم,positive,positive,Negative
هاي مش كل واحد بيألش ولا كل واحدة مضايقة شوية ولا أي حد يجمع بوستات على فيسبوك يعملوها كتب .. حرام والله أغلب...,negative,negative,Negative
من موسكو,neutral,neutral,Neutral
#نادين_نسيب_نجيم جمالل❤😍💅,positive,positive,Neutral
انا بتفح فيسبوك كل شهر مثلا عشان اتفاجئ بال ريكويست مسج و المحن,negative,negative,Negative
"تركيا: لا ""صفقة"" سرية مع موسكو حول سورية #زد_رصيدك64#قول_مثل_شعبي",neutral,neutral,Neutral
صوتوا للنجمة #نادين_نسيب_نجيم كأفضل ممثلة لبنانية وافضل ملكة جمال لبنانية. بتقدروا تصوتوا مرة كل 12 ساعة. وشكرا❤️…,positive,positive,Positive
فيسبوك هيستوري دي هتبقي حاجه مرعبه كمان 20،30 سنه .. لما تلاقي هيستوري ليك بالبعد الزمني ده هيبقي الوضع مأسوي والله,negative,negative,Negative
تركيا: لم نبرم أي صفقة سرية مع #موسكو بخصوص #سوريافي حالة الحجب,neutral,neutral,Neutral
النجمة الجميلة نادين نجيم 😘😍😍في #في_بيتنا_ضيف 😍✌🏻️ندون عنوان الجمال ، الذكاء والاناقة ❤️#نادين_نسيب_نجيم…,positive,positive,Positive
فيديو | مصرع مقيم يمني إثر انقلاب سيارته أثناء بث مباشر على “فيسبوك”,negative,negative,Neutral
اجتماع يوم في موسكو بين ايران تركيا روسيا لوضع نقاط على حروف لتفعيل جيش موحد من معارضه ونظام وحكومه موسعه براس الاسد وقتال الدوله,neutral,neutral,Neutral
#نادين_نسيب_نجيم بالصدارة 😌✌ تصويت : أفضل ممثلة لبنانية وأفضل ملكة جمال لبنانية. بتقدروا تصوتوا مرة كل 12 ساعة 👏👏…,positive,positive,Neutral
إلى أصدقائي الأعزاء،تلفوني عطاكم عمرو،ما بقدر اقشع عليه،للضرورة احكوني فيسبوك Inbox,negative,neutral,Negative
أعرب فلاديمير تشيجوف، مندوب روسيا لدى الاتحاد الأوروبي، الاثنين 19 ديسمبر/كانون الأول، عن ثقته بأن محاولات ممثلي...,neutral,neutral,Neutral
نجمة درامية استثنائية تحولت الى ايقونة في عالم الدراما العربية #نادين_نسيب_نجيم مع #هشام_حداد ببرنامج #لهون_وبس ولع…,positive,positive,Positive
السعودية مهزومة حتى لو تدعمها الشياطين الأمريكي أم أياديها و معاضديها الالكتروني مثل تويتر و فيسبوك و..,negative,negative,Negative
موسكو وطهران تستقطبان تركيا الغاضبة من دعم واشنطن للأكراد,neutral,negative,Negative
ناطرين الحلقة على نار 🔥🔥 أكيد رح تكون حلقة ولعانة وكلها ضحك معك ومع عفوية وخفة دم #نادين_نسيب_نجيم 😍❤,positive,positive,Positive
""" وليس لديه عيادة ""بس يسوي دورات تنمية بشرية يضحك بيها عالناس بفلوس، اعلانات ، صفحة فيسبوك والخ ....انسانية 😜😂😂😂…",negative,negative,Negative
"عرض يحاكي ""معركة موسكو"" عام 1941",neutral,neutral,Neutral
بعشق هالضحكة الله يديمها على هالوجه القمر 🙏🏻 💞🌸 انتي #نادين_نسيب_نجيم عنوان الحب و السعادة الله يحميكي حبيبة قلبي 💞…,positive,positive,Positive
شبكة #تدمر الاخبارية ||تعرضت صفحة الشبكة على فيسبوك لبلاغات كثيرة مما اضطرنا لتوقيفها عدة ساعات وحل بعض مشاكلهاوسنتابع اخبارنا على #تويتر,negative,neutral,Neutral
إجتماع ثلاثي ف #موسكو ، بالنيابه عن أهل السنه #تركيا هي ممثلنا .,neutral,neutral,Positive
الحب كلو 😻💘#نادين_نسيب_نجيم #ملكة_الهيبة #الهيية_الندونية #الهيبة_نادين_نسيب_نجيم #الهيبة #رمضان_٢٠١٧,positive,positive,Positive
#شكون أنا باش #نتكبر عليك وشكون #نتا😂 ولا #نتي باش نديها#فيك أرخف😘 روحك #صاحبي 😉هذا #فيسبوك😎 ماشي #هولييود😉 👉💣💣💣#AnaSs,negative,neutral,Negative
اجتماع ثلاثي في موسكو لبحث أزمة #حلب,neutral,neutral,Neutral
ندون متل ما حكت خلص تبنينا ما عنا مشكله احنا😂❤❤#نادين_نسيب_نجيم #في_بيتنا_ضيف #NNNs,positive,positive,Positive
ينعل أبو دا تحديث فيسبوك,negative,negative,Negative
علاقة واشنطن موسكو على المدى المنظور!!,neutral,neutral,Neutral
😄😄😍😍😘 الله يديمها ل هالضحكة الجنان#نادين_نسيب_نجيم,positive,positive,Positive
اللينك مش شغال بس شفت الڤيديو علي فيسبوك ..حسبي الله ونعم الوكيل :D,negative,negative,Negative
أحلام ترامب في موسكو.. والعودة الى الماضي,neutral,neutral,Negative
الكياته كلها 💘💘💘💗💗💗💜💙#نادين_نسيب_نجيم #في_بيتنا_ضيف@nadinenjeim,positive,positive,Positive
نفسي فيسبوك يقترح عليا حد اعرفه بقي,negative,negative,Negative
#رصداجتماع تركي روسي إيراني غدا في موسكو من أجل حلب,neutral,neutral,Neutral
إبتسامتك سماء من الفرح ،، تخلق في قلبي ألف نبضه من السعادة ♡♥ الله يديم هاﻹبتسامه الحلوه على هالوجه الحلوو 😘😘…,positive,positive,Positive
"ونعم المصدر ""منشور فيسبوك"" 😂",negative,positive,Positive
عرض يحاكي “معركة موسكو” عام 1941,neutral,neutral,Neutral
اﻷسم الجدير دائما بالصداره نادين نسيب نجيم👍✌🏻 ولسه مكملين تصويت#نادين_نسيب_نجيم,positive,positive,Positive
الواحد مبيفتحش فيسبوك عشان البهايم انتوا تجيبوا بوستس البهايم تحطوهاله هنا طبعا,negative,negative,Negative
من موسكو.. شاهد أخطر الآثار الباقية من الحرب الباردة,neutral,neutral,Neutral
خليكم عم تصوتوا. نحنا بالصدارة دائما😌✌ #نادين_نسيب_نجيم #نادين_نجيم #نص_يوم,positive,positive,Positive
"كيف يسرق فيسبوك مليارات المشاهدات منذ فترة أعلن ""فيس...",negative,negative,Neutral
تركيا: لم نبرم أي «صفقة» سرية مع موسكو حول مستقبل سوريا,neutral,neutral,Neutral
غشيانه ضحك😹😻يارب خليلنا إياها و خليلنا ضحكتها 🙏❤#نادين_نسيب_نجيم #في_بيتنا_ضيف #ملكة_الهيبة #الهيبة #رمضان_٢٠١٧…,positive,positive,Positive
الشيخ معاذ الخطيب “يبق البحصة ” على فيسبوك :شيطنتم الاسلام وخربتم سورية كأدوات لدول اقليمية,negative,negative,Negative
ميدل ايست أونلاين||#موسكو و #طهران تستقطبان #تركيا الغاضبة من الدعم #الأمريكي لـ #الأكراد .,neutral,negative,Neutral
كل ما فيكي جميلبراءة وجهك ،، وإبتسامتك اللطيفة ،، وعيناكي الفاتنتان😘😘😍😍🌷يسعد مساكي ندوون@nadinenjeim…,positive,positive,Positive
هما لغوا خاصية switch account في تحديثات فيسبوك ماسينجر الجديدة عند كل الناس؟ ولا ده غباء من الأبليكيشن اللي معايا بس ولا ايه اللي بيحصل؟,negative,negative,Negative
اجتماع ثلاثي بين روسيا وإيران وتركيا في موسكو بشأن سوريا,neutral,neutral,Neutral
تصويتكم للمبدعة #نادين_نسيب_نجيم 😍😍😍,positive,positive,Positive
"نعرف وحدا تهيالي تطلع من حوشهم مقصود بش ادور حاجه او موقف او تشوف شخص تروح تكتب عليه بوست طويل عريض عل فيسبوك و معاه "" اشعر بالغثيان """,negative,negative,Negative
"""لا صفقات سرية مع موسكو"".. تركيا تنفي إبرام اتفاق مع روسيا حول مستقبل سوريا",neutral,neutral,Neutral
نادين نسيب نجيم😌😍😍,positive,positive,Neutral
احداث سبتمبر ٢٠١٣ جابت الزيت اما ١٩ ديسمبر عباره عن فيسبوك لايف وهاشتاق Actions louder than words#العصيان_المدني_السوداني_19ديسمبر,negative,negative,Negative
"#تركيا تنفي إبرام ""صفقة"" سرية مع #موسكو حول #سوريا .",neutral,neutral,Neutral
اﻵن على قناة LDC تشاهدون مسلسل #عشق_النساء#نادين_نسيب_نجيموندوون تجمعنا 🌹,positive,positive,Neutral
تويتر دلوقتي غير تويتر زمانمفهوم التعامل معاه دلوقتي بقي سخيفوالوافدين عليه قليل اللي فاهمهوالباقي بيتعامل انه فيسبوك او جروب واتساب :|,negative,negative,Negative
غدا في العاصمة الروسية #موسكو اجتماع ثلاثي تركي روسي ايراني بشأن #سوريا,neutral,neutral,Neutral
أحب كلامهاأحب صوتهاأحب ضحكتهاأحبها من كل قلبي💗🌸💗#نادين_نسيب_نجيم,positive,positive,Positive
شركة ابل مستحيل تدعم صفحة فيسبوك او اى صفحات اخرى لو فى صفحة هتكون لهم فقط مش دعمأقرب ابل ستور ليك فى الوطن العربى فى الإمارات غير كدا بلح,negative,negative,Negative
بالفيديو: اول قطار سريع يبدأ رحلاته بين موسكو وبرلين الاسبوع القادم,neutral,neutral,Neutral
إبتسامتك اﻷعجوبه الثامنة ...وأما السبع السابقات كلها أنت😍😍🌷😘😘#نادين_نسيب_نجيم,positive,positive,Positive
فيديو: 10 منشورات فيسبوك غبية ألقت بأصحابها في السجن,negative,negative,Negative
الشرق الأوسط||إجتماع ثلاثي [ #تركي - #روسي - #ايراني ] في #موسكو غدا حول #حلب و لبحث بدء المفاوضات #السورية .…,neutral,neutral,Neutral
يا ويل ويلي شو خطر سحرك يا روحي شو خطرلو غردتلي ع تويتر قلبي بترغل ترغلالالالالا ترغللالالالي 🎶🎶😄😄😍😍…,positive,positive,Negative
فيسبوك لايت ده معاق، مش عارف اعمل haha ولا love على أي بوست!!,negative,negative,Negative
تركيا تنفي إبرام «صفقة» سرية مع موسكو حول سوريا #الكويت,neutral,neutral,Neutral
#نادين_نسيب_نجيم #نادين_نجيم اكييييد ❤️️❤️️❤️️💘,positive,positive,Positive
تعال أقنعني أن جيش يستفزه منشور على فيسبوك أو تغريدة على تويتر يقد يحمي دولة بحجم ليبيا ويقنطها !!تعااال !,negative,negative,Negative
وزير الخارجية مولود #تشاوش_أوغلو يتوجه غدا إلى العاصمة الروسية #موسكو للمشاركة في الاجتماع الثلاثي التركي الروسي ال…,neutral,neutral,Neutral
جوائز والقاب نادين نسيب نجيم 👑تستحقي كل جائزه وكل لقب وتستاهلي الاكثر و اتمنى لك التوفيق بأعمالك الجايه💕…,positive,positive,Positive
"🔷 قوات الاحتلال تجمع هواتف المارة وتقوم بتصفح موقع ""فيسبوك"" الخاص بهم على حاجز مدخل قرية عابود صباح اليوم.",negative,negative,Neutral
"#موسكو: استئناف #المفاوضات السورية في #كازاخستان ""أمر واقعي""",neutral,neutral,Neutral
نجمة دراما استثنائية تحولت الي أيقونة الدراما العربية 💫ناطرينها #نادين_نسيب_نجيم #لهون_وبس …,positive,positive,Positive
"فيسبوك بيحب يقلب عليا المواجع:"""""""""""""""")",negative,negative,Negative
#بلدياجتماع #تركي #إيراني #روسي في #موسكو من أجل #سوريا,neutral,neutral,Neutral
"واما عن امكانية خوفه من ""التكريس"" بتكرر التعاون مع الممثلة نادين نسيب نجيم، فيرد حسن بان ""عنصر…",positive,neutral,Neutral
وهؤلاءما هم الا فيسبوك وتويترولم يتحدثواعن اليمن بكلمة واحدة وجالسين يغمزون ويلمزون بمن يحرراليمن الان اتحداك تنكر,negative,negative,Negative
وسط تفاؤل حذر.. موسكو تجمع أنقرة وطهران لمناقشة الملف السوري #سوريا #حلب_تباد,neutral,neutral,Neutral
دي صاروخ الكل منها إدوخ 🚀😩ملكة جمال مصر و لبنان 👑متغازة منها جارتنا إم حنان 👌🏻😂😂😂😂#نادين_نسيب_نجيم #في_بيتنا_ضيف…,positive,positive,Positive
انا الغلطان افتح فيسبوك ليه 😒 الاقي في وشي اقتراح انضم لجروب مربيين الماعز البور في مصر 😳 ماعز وبور كمان؟ لا وفيه ييجي عشرتلاف واحد 🤔مريب,negative,negative,Negative
استئناف عمليات الإجلاء من #حلب .. و #اجتماع_إيراني_روسي_تركي غدا فى #موسكو - للتفاصيل اضغط الرابط…,neutral,neutral,Neutral
عجز الكلام عن وصفك 💗💗💗#نادين_نسيب_نجيم #في_بيتنا_ضيف@nadinenjeim,positive,positive,Positive
عايزين يلموا اي ابن متناكة يوزرز اللي هو خد انستجرام ستوريز و لو عايز في فيسبوك برضه و حوار اللايف برضه,negative,negative,Negative
تركيا تنفي عقد اي صفقة سرية مع موسكو حول مستقبل سوريا وتشدد على موقفها بشأن رحيل الاسد!,neutral,neutral,Neutral
صباح الورد و السعادة من القلب 💗🌷#نادين_نسيب_نجيم #في_بيتنا_ضيف,positive,positive,Positive
بفتح فيسبوك بلاقي الجملة بوجي بفتح تويتر بلاقيها انستغرام ولك حتى سنابشات! خايفة افتح البراد تطلعلي! 😢,negative,negative,Negative
مسؤول كبير في وزارة الخارجية التركية ينفي ابرام اي “صفقة” سرية مع موسكو حول سوريا,neutral,neutral,Neutral
تصويت #نادين_نسيب_نجيم #نص_يوم_نادين_نجيم,positive,neutral,Neutral
فيسبوك منزل اعلان دواء للايدز من ساحل العاج .. يعني هو مش كفاية علينا اعلانات الشيخة مرجانة المغربية في التلفزيون !!!,negative,negative,Negative
وزراء خارجية تركيا و روسيا و ايران سيجتمعون غدا في موسكو للبحث عن مخرج للازمة السورية,neutral,neutral,Neutral
حبيت كلامها وحكمتها 👌🏻😌 #في_بيتنا_ضيف #نادين_نسيب_نجيم,positive,positive,Positive
فيسبوك لا يعتبر مصدر يا غبي .,negative,neutral,Negative
تركيا تنفى إبرام أى “صفقة” سرية مع موسكو حول سوريا,neutral,neutral,Neutral
#نادين_نسيب_نجيم أكثر النجمات كلاسيكية: شاهدوا أجمل إطلالاتها في 2016 #NNN…,positive,positive,Neutral
#عرب48 | تطويق الأخبار الكاذبة على #فيسبوك: تهدد الديمقراطية,negative,negative,Neutral
#موسكو و #بكين تطلقان طائرات منافسة لـ #بوينغ و #إيرباص #اسأل_أكثر,neutral,neutral,Neutral
خاص – نادين نسيب نجيم تختتم عام 2016 بمقابلة استثنائية مع هشام حداد,positive,neutral,Neutral
صحيفة لوفيجارو:المرشح للرئاسة الفرنسية فرنسوا فيون يرفض استقبال الامير السعودي محمد بن سلمان في باريس.#السعودية #اليمن #فرنسا,negative,neutral,Neutral
موسكو تأمل بإجراء حوار بناء حول سورية خلال الاجتماع الثلاثي غدا – الوطن أون لاين...,neutral,neutral,Neutral
😂😂😂😂 فضيعه #nadinenassibnjeim #nnn #star #actress #نادين_نسيب_نجيم #في_بيتنا_ضيف,positive,negative,Negative
فرنسا ..هولاند ماشى وجى اليمن المتطرف بقيادة مارى لوبان زى ترامب كده,negative,negative,Negative
خبر عاجل : وزراء دفاع روسيا وايران وتركيا يبحثون الازمة السورية في موسكو غدا الثلاثاء,neutral,neutral,Neutral
الله يخلي لنا هالضحكة وصاحبتها 😍😍😍😍💗💗💗💗💗🙏🙏 #nadinenassibnjeim #nnn #star #actress #نادين_نسيب_نجيم…,positive,positive,Positive
#ليبيا اتساع مخاطر التصور حول عدد المسلمين في فرنسا وألمانيا وبلجيكا (إنفوجرافيك),negative,neutral,Neutral
#موسكو: اللقاء الثلاثي حول #سوريا سيضم وزراء الدفاع إضافة إلى وزراء خارجية #تركيا و #روسيا و #إيران #لافروف #شويغو #ظريف #جاويش_أوغلو,neutral,neutral,Neutral
Bonjour 💗💗وبخصوص الملابس تجننن والشوز والتنورة 😍🔥🔥 وكل شيء بالحلقة كان رائع 😘🙈 #nadinenassibnjeim…,positive,positive,Positive
فرنسا قلبت علينا لو متابع بسبب سوريا و روسيا مش حليف الباقيين غير مؤثرين .. مفيش غير الصين,negative,negative,Negative
موسكو تكثف اتصالاتها مع أنقرة وطهران لبحث التسوية السورية,neutral,neutral,Neutral
#نادين_نسيب_نجيم الأكثر تداولا من ليلة أمس حتى هذه اللحظة👑,positive,neutral,Neutral
أصل حافظ الأسد ...سليمان الجحش البهرزي.. يهودي من أصفهان !!لتعرفوا حقيقة #الأسد وحقيقة #تواطؤ_إيران_فرنسا_اسرائيل…,negative,negative,Negative
موسكو: إرسال مراقبين دوليين إلى #حلب يجب أن يتم بموافقة الحكومة السورية.,neutral,neutral,Neutral
يلي ما شاف المقابلة موجودة هلأ باليوتيوب كاملة #في_بيتنا_ضيف #نادين_نسيب_نجيم,positive,neutral,Neutral
#فرنساالمرشح الفرنسي للرئاسه في فرنسايرفض استقبال الاميرالمعتوه محمدبن سلمان,negative,neutral,Negative
حركة الاستقلال في كليفورنيا تعلن استقلالها عن الولايات المتحدة الامريكية وتفتح سفارة في موسكو؟!,neutral,neutral,Neutral
انتي رائعة ووين ما بتطلي بيكون في بسمة وفرحة ما إلها نهاية. #نادين_نسيب_نجيم #في_بيتنا_ضيف,positive,positive,Positive
"اين من هؤلاء ""برجت باردو"" التي قامت بحملة ضد المسلمين في فرنسا لانهم بذبحون الأغنام في اعيادهم بكل قسوة!",negative,negative,Negative
#نون_أون_لاينإطلاق #أول_قطار يربط بين موسكو وبرلين,neutral,neutral,Neutral
فريق عمران يحرزكاس المولد النبوي الشريف للقدم,positive,neutral,Neutral
تعبان يا دكتور عايز اتعالجهات فلوس الاول علشان اقولك عندك ايه ١٠٠جروح هات الدواء ده المندوب قال هيطلتونا فرنسا لما نصرفه,negative,negative,Negative
"#سياسي | حول اجتماع موسكو غدا...لافروف يأمل بحوار"" بناء"" بشأن حلب #سيريانيوز",neutral,neutral,Neutral
من أجمل الحلقات ضحكت كتير 😂😍😘❤#نادين_نسيب_نجيم #ملكة_جمال#في_بيتنا_ضيف@nadinenjeim,positive,positive,Positive
طيب وش رايك..⬛ مظاهرات في فرنسا بسبب ارتفاع قضايا الاغتصاب ⬛و سلم لي على حقوق المرأة,negative,negative,Negative
🔴 مستشار روسي: موسكو أبلغت الأسد بأنه لا حل عسكريا بسوريا,neutral,neutral,Neutral
عادي أسرقق غمازتكـ؟ 💙!@nadinenjeim يسعد الله دخيل الله الهضامي مجنون اللي ما بحبك 😍😘 انشالله دايما بضلي منوري ال…,positive,positive,Positive
رئسة صندوق النقدالدولي كرستين لقارد حكم عليهابالأهمال إبان عملهاوزيره ماليه فرنسا ولكن لا سجن ولا غرامه إدانه بالإهمال فقط,negative,negative,Negative
وين الساحة؟ موسكو والا❗,neutral,neutral,Neutral
#نادين_نسيب_نجيمما شفتها بس اكيد كالعادة القمر 🙊😍,positive,positive,Positive
المرأة في الغرب الحضاري⬛ مظاهرات في فرنسا لارتفاع قضايا الاغتصاب ⬛,negative,negative,Neutral
"#إيران تعلن عن اللقاء الثلاثي ""الروسي-الايراني-التركي"" على مستوى وزراء الخارجية والدفاع في موسكو عن #حلب غدا…",neutral,neutral,Neutral
بذوب بضحتك الله يخليلنا إياها وما يحرمنا منها 😩💘 #نادين_نسيب_نجيم #في_بيتنا_ضيف #nnn #nadinenassibnjeim,positive,positive,Positive
بالصور.. قضاء فرنسا يدين مديرة صندوق النقد كريستين لاجارد بتهمة الإهمال,negative,neutral,Neutral
وزراء الخارجية والدفاع بإيران وروسيا وتركيا يبحثون في موسكو غدا الأوضاع في حلب2016-12-19أعلن المتحدث باسم...,neutral,neutral,Neutral
زغرتو ياناس و #نادين ام الفانز 😬 زغرتي يانوسة #نادين راح تعطينا #بوسه لولويش #nnns #نادين_نسيب_نجيم قررت اسيرشاعره بعد التبني😊,positive,positive,Positive
لا عليك استاذ نحن في الجزائر نسميهم ابناء فرنسى و فعلوا فينا مالم تقدر عليه امهم فرنسا,negative,negative,Negative
#روسيا:وزراء خارجية روسيا وإيران وتركيا يجرون محادثات غدا في موسكو.. بشأن #حلب,neutral,neutral,Neutral
إستمتعنا وأسعدتينا كالعادهوأبدا ما بنكتفي بكم ساعة من اللقاء عايزين أكتر ودائما بنتعلم منك ♡Love You NNN…,positive,positive,Positive
"فرنساالقضاء الفرنسي يدين مديرة صندوق النقد الدولي كريستين لاغارد بتهمة ""الإهمال""",negative,neutral,Neutral
وزراء دفاع وخارجية #روسيا و #إيران و #تركيا يجتمعون غدا في موسكو بشأن #سوريا.,neutral,neutral,Neutral
تصويتكم ل #نادين_نسيب_نجيم,positive,neutral,Neutral
"""فرنسا تسرق المكمل الغذائي لزعبيط ""RHB"" و تنتجه"" : via",negative,negative,Neutral
#لافروف: #موسكو تأمل بإجراء حوار بناء بشأن الأزمة في #سورية خلال لقائي مع وزيري خارجية #إيران و #تركيا غدا,neutral,neutral,Neutral
وتصبحون ع حب وسلام 🕊💗 #نادين_نسيب_نجيم #في_بيتنا_ضيف#nadinenassibnjeim #nnn #star #actress,positive,positive,Positive
إدانة مديرة صندوق النقد الدولي بـ«الإهمال» في فرنسا,negative,negative,Neutral
وزراء خارجية روسيا وتركيا وإيران يلتقون غدا في موسكو,neutral,neutral,Neutral
#في_بيتنا_ضيف#نادين_نسيب_نجيم #نادين_نجيمكانت سهره ندونيه خفيفه لطيفه جميله تشكرين عليهانادين 👏🏻…,positive,positive,Positive
فك نفسك من فرنسا وبعدين تعال,negative,negative,Negative
اجتماع وزراء خارجية #روسيا و #تركيا و #إيران..الثلاثاء بدل الاسبوع المقبل,neutral,neutral,Neutral
بس حضرت الحلقة تمنيت اكون ربيع معذور من جمال نادين مش عارف يركز 😂😂 #نادين_نسيب_نجيم,positive,negative,Positive
فرنسا تدين العملية الإرهابية على معسكر للجيش اليمنى فى عدن,negative,neutral,Neutral
#موسكو تكثف اتصالاتها لبحث #التسوية_السورية,neutral,neutral,Neutral
لمن فاتته مشاهدة حلقة النجمة #نادين_نسيب_نجيم من برنامج #في_بيتنا_ضيف الرابط على اليوتيوب👇,positive,neutral,Neutral
القضاء الفرنسي يدين #مديرة صندوق #التقد #الدولي بتهمة الإهمال.,negative,negative,Neutral
مسؤول في الخارجية التركية: وزراء الخارجية التركي والروسي والإيراني سيجتمعون في موسكو يوم غدا لاستئناف المحادثات بشأن #حلب,neutral,neutral,Neutral
لالا لا فوت الحلقة 💔💔💔💔💔💔💔متى الاعاده!؟؟ #نادين_نسيب_نجيم #nnn,positive,neutral,Neutral
لأن فرنسا آمنه وبخير ولم تتدخل فيها #السعوديه و #ايران محوري الشر في المنطقه,negative,negative,Mixed
أكيد انت مولوده فى موسكو,neutral,positive,Neutral
يسعد رب التواضع و الجمال مع سواا 💓 #نادين_نسيب_نجيم,positive,positive,Positive
تلاقي القردوغان او رئيس فرنسا او اي حمار قايم بنيكها مكان الخول حمد,negative,negative,Negative
"وزير الخارجية الروسي ""سيرغي لافروف"" أن موسكو تأمل في إجراء حوار بناء بشأن الأزمة في سورية خصوصا حلب خلال لقائه...",neutral,neutral,Neutral
جنتي على الأرض😌🌸 #نادين_نسيب_نجيم,positive,positive,Positive
الا يابن الشرموطه موزه بتتناك من مين دلوقتي والخول في فرنسا اه صحيح هو من امته كان راجل,negative,negative,Negative
لافروف: موسكو تأمل بإجراء حوار بناء بشأن الأزمة في سورية خلال لقاء وزراء خارجية روسيا وإيران وتركيا غدا,neutral,neutral,Neutral
#نادين_نسيب_نجيم تجنني ندون قمر بتسحري لعيون بجمالك وهضامتك وللطافتك #في_بيتنا_ضيف,positive,positive,Positive
رفض جهاز الأمن الخارجي الإسرائيلي “الموساد” طلبا إيرانيا بتصفية آية الله الخميني الذي كان في منفاه في فرنسا عام...,negative,neutral,Neutral
محادثات تركية – روسية – إيرانية حول حلب غدا في موسكو,neutral,neutral,Neutral
كانت حلقة بتجنننن وكلامك أكتر من رائع، ضحكنا أوي 😂😂 واستفدنا كتير بنصائحك 👌 الله يحميكي 🙏😘❤❤❤#في_بيتنا_ضيف…,positive,positive,Positive
لما شالوا شجرة الكريسماس عرفت اني كنت على حق لما شجعت فرنسا وغيرها على منع النقاب. نجحنا في اننا نخاف من بعض.,negative,positive,Negative
#موسكو ستطلب من #الناتو ردودا بناءة#اسأل_أكثر,neutral,neutral,Neutral
الأكثر تداولا بأكتر من دولة عربية. هي الملكة #نادين_نسيب_نجيم لما تطل ع الشاشة. 👑 #في_بيتنا_ضيف,positive,positive,Positive
اذا كانت هذه الاقلية مضطهدة فلماذا تلتزم فرنسا الصمت تجاهها وتتباكا على ارهابيي حلب..؟؟,negative,negative,Negative
موسكو ستطلب من الناتو ردودا بناءة,neutral,neutral,Neutral
ضحكنا اوي اوي و استفدنا اوي اوي 💗😘#في_بيتنا_ضيف #نادين_نسيب_نجيم,positive,positive,Positive
ادانة مديرة صندوق النقد الدولي كريستين لاغارد بـ'الاهمال' واعفاؤها من العقوبة #فرنسا #باريس,negative,neutral,Neutral
بطريرك الأرثوذكس فى موسكو يعلن أن ماحدث فى حلب هوانتصارللصليب...خطيب جمعة في طهران: ماحدث في حلب انتصار...,neutral,positive,Positive
تطورات قوية احدثتها التوجه السعودي نحو دعم ترشح ميشال عون لرئاسة لبنان مما يدل عن تغيرات في السياسة الخارجيه تجاه لبنان.,positive,neutral,Positive
ولذلك اصغرنا يفهم ويدرك ما يدور في الوطن العربي من مؤامرات ضدالبلادالمسلمةوجزائرتحت هيمنة فرنسا شئت ام ابيت,negative,negative,Negative
وزراء خارجية #إيران و #روسيا و #تركيا يلتقون الثلاثاء في موسكو لبحث أزمة حلبفي حالة الحجب:,neutral,neutral,Neutral
"ناشدت ""جمعية إنماء طرابلس والميناء"" بعد اجتماع لها برئاسة روبير الفرد حبيب رئيس الجمهورية العماد ميشال عون...",positive,neutral,Neutral
أ.أنور يجول في ذهني سؤال.هل انتصرت الثورة الجزائرية حقا؟من الذي كتب تاريخها في آخرمراحله؟ألا تعتقد بأنها قد سرق…,negative,negative,Negative
وزراء الخارجية روسيا وتركيا وإيران يجتمعون في #موسكو يوم غد لاستئناف المحادثات بشأن #حلب,neutral,neutral,Neutral
جنرال الجمهورية باحلى خطاب بأغلى عيد بعيد استقلال وطني لبنان شكرا ميشال عون لكلماتك المحبة والوطنية التي انتظرتها 26 سنة بنت لبنان العظيم,positive,positive,Positive
#مركز_تدريب_قياده_للنساء_فقط هههههه دنتم مسخره ياراقل هونو على انفسكم يامجن فرنسا,negative,negative,Negative
مسؤول بالخارجية التركية: وزراء خارجية روسيا وإيران وتركيا يجرون محادثات في موسكو في 20 ديسمبر بهدف إعطاء قوة دفع جديدة للتوصل لحل في حلب,neutral,neutral,Neutral
دعوة استثنائية سعودية للرئيس #ميشال_عون#لبنان #السعودية #العرب,positive,neutral,Neutral
حتى محمد السادس من أبناء فرنسا ولا فرق بينه وبين جنرالات الجزائر,negative,positive,Negative
الخارجية الروسية: محادثات حول سوريا في موسكو غدا بمشاركة وزراء دفاع وخارجية تركيا وإيران.,neutral,neutral,Neutral
كل عام ولبنان واهلو بالف خير يارب ويكون في امن وامان بقيادة فخامة الرئيس ميشال عون,positive,positive,Positive
#الحجاب_اختيار_وليس_اجبارالحجاب قانون في هذه الدولة يجب ان يحترم ،، مثل ما انتم محترمين قانون منع النقاب في فرنسا ☺,negative,neutral,Negative
اجتماعان ثلاثيان لوزراء دفاع وخارجية #روسيا و #إيران وتركيا في موسكو الثلاثاء,neutral,neutral,Neutral
رئيس لبنان ميشال عون يوجه رسالة إلى الشعب لأول مرة بمناسبة ذكرى الاستقلال:,positive,neutral,Neutral
مقاطعه فرنسا الغباء يجري في دمهم المغرب ينظم إلى الاتحاد الأفريقي قريبا والخرائر دير مشاكل مع أفريقيا 😂بلاد أكبر م…,negative,negative,Negative
رئيس البنتاغون الأسبق يحذر من المبالغة بتقييم تعاطف تيليرسون مع موسكوقال وزير الدفاع الأمريكي الأسبق روبرت غيتس...,neutral,neutral,Neutral
عون للبنانيين عشية الاستقلال: جهزوا سواعدكم... ورشة بناء الوطن بدأتشدد رئيس الجمهورية العماد ميشال عون على ان...,positive,positive,Neutral
هذه نتائج ربع تحرير الجزائر من فرنساوخذلان جبة الانقاذ عندما فازت بالانتخاباتأتذكرون؟حدث لهم كما حدث في مصر,negative,negative,Negative
وزير خارجية #تركيا في #موسكو غدا للمشاركة في اللقاء الثلاثي بشأن #سوريا,neutral,neutral,Neutral
"#جهزوا_سواعدكم اتى عهد التغيير ، اتى بي التحرير : فخامة الرئييس ""الجنرال ميشال عون""",positive,positive,Positive
إدانة لاغارد بالإهمال وإعفاؤها من العقوبة #لاغارد #صندوق_النقد #فرنسا #فساد,negative,negative,Neutral
بالصور... إحتجزتهما ثلوج جرود الكنيسة! - #لبنان,neutral,negative,Neutral
#جهزوا_سواعدكم✌ يقبرني رب الله يللي خلقك ✔لبيك فخامة الرئيس الجنرال ميشال عون,positive,positive,Positive
طيب فرنسا الحريصة على مسلمي سورياومعادية للجزائر ارتحت..,negative,negative,Negative
#صورة تعبر عن الف تعبير والف جمله✋#الروافض#ايران#العراق#كربلاء#بغداد#النجف#كشف_دين_الرافضه#الرياض#سوريا…,neutral,neutral,Negative
#لبنان #ميشال_عون يؤكد على تعزيز العلاقات مع #السعودية,positive,neutral,Neutral
انا ايه اللي خلاني اتعلم اللغة الفرنسية و انا مش هسافر فرنسا اصلا,negative,neutral,Negative
جنبلاط عرض وريتشارد التطورات في لبنان والمنطقة,neutral,neutral,Neutral
فخامة الرئيس العماد ميشال عون مجد لبنان والمشرق #جهزوا_سواعدكم,positive,positive,Positive
"فرنسا تصدر حكم ""الإهمال"" بحق رئيسة صندوق النقد الدولي وذلك بشأن قضية تسوية عندما كانت وزيرة للمالية. هذا قد يعني اس…",negative,negative,Neutral
من ليلة الاربعاء حتى مساء الخميس ستتاثر اجزاء من بلاد الشام فلسطين خاصة لبنان غرب سوريا الاردن بتقلبات جوية باذن الله امطار وثلوج,neutral,neutral,Neutral
#جهزوا_سواعدكم فعهد ميشال عون هو عهد الشعب العظيم,positive,positive,Positive
"#فرنسا: محكمة الجمهورية تدين مديرة صندوق النقد الدولي بـ""الإهمال"" وترفض معاقبتها",negative,negative,Neutral
#مجلة_مرايا_لبنان_الدولية : مجلة دولية ..سياسية ثقافية اجتماعية .. ومنبرللمقاومة ..,neutral,neutral,Neutral
ميشال عون... رجل لن يكرره الزمن #جهزوا_سواعدكم,positive,positive,Positive
#نيويورك: مندوب #سوريا الجعفري:  #فرنسا وبعض الدول لم يستنكروا عمليات حرق الحافلات التي أرسلت لنقل المرضى والجرحى من كفريا والفوعة,negative,negative,Neutral
'الشيخ' الكبش 'مقاوم' في #القصير#سوريا #لبنان #حلب_تباد,neutral,neutral,Negative
استقبل الرئيس ميشال عون اليوم الأمير #خالد_الفيصل والوفد المرافق له وجرى خلال اللقاء استعراض مجمل التطورات السياسية,positive,neutral,Neutral
"قضاء فرنسا يدين مديرة صندوق النقد الدولي بتهمة""الاهمال""عندما كانت وزيرة، الذي قد يكون سمح باختلاس ضخم لأموال عامةلصالح رجل أعمال فرنسي #فساد",negative,negative,Neutral
لا يضيع وقتك! اشحن رصيدك مع تطبيق اشحن #حكومه_لبنان,neutral,neutral,Neutral
لبنان | الرئيس ميشال عون يستقبل الامير خالد الفيصل امير مكة في خطوة لاستعادة العلاقات بين السعودية ولبنان,positive,neutral,Neutral
سبع دول من تدعم داعش امريكا بريطانيا فرنسا إسرائيل تركيا السعوديه قطر,negative,neutral,Negative
تشكيلة الحكومة الجديدة في لبنان التي تم إعلانها يوم الأحد هي فعلا تحكي حالها من ألفها حتى يائها via,neutral,negative,Negative
صحيفة المدينة/ #ميشال_عون يؤكد حرص بلاده على تعزيز #العلاقات_اللبنانية_السعودية #السعودية #ل ... - عبر نبض,positive,neutral,Neutral
كلهم حركيين ووشاة صلبان فرنسا فمن يسرق قوت شعبه ويستثمره في فرنسا لا تترجى منه خيرا ولا سندا,negative,negative,Negative
#حركة_المرور كثيفة على اوتوستراد #المطار باتجاه الانفاق وصولا الى #خلدة دون عوائق #لبنان_الآن,neutral,neutral,Neutral
وإلى اللبنانيين أيضا... جهزوا سواعدكم من رسالة الاستقلال الأولى الموجهة من فخامة الرئيس العماد ميشال عون إلى شعب لبنان العظيم.,positive,positive,Positive
الاهمال تهمة يجب ان يحاسب عليها الانسان و خصوصا اذا مان مسؤول هذه في فرنسا بس مو بالخليج,negative,negative,Negative
#الكرملين: الرئيس الروسي بوتن تحادث مع الرئيس الإيراني روحاني وبحثا الملف السوري #لبنان_الآن,neutral,neutral,Neutral
بي وجود جنرتل ميشال عون الله يحميك #جهزوا_سواعدكم,positive,positive,Positive
#الملك_محمد_السادس سيرمي جثث جنرالات فرنسا في البحر وسينصبه الشعب الجزائري المسلم ملكا للبلاد,negative,negative,Positive
#الكرملين: #بوتين و #روحاني يبحثان في اتصال هاتفي التسوية السورية #لبنان_الآن,neutral,neutral,Neutral
#صحيفة_اشراق_لايفميشال عون يؤكد حرص لبنان على تعزيز العلاقات اللبنانية - السعودية -,positive,neutral,Neutral
عندما قامت فرنسا بجرائمها في الجزاير كانت تقول انها في حرب ضد الإرهابيين فهل يمكن ان يكون فعل فرنسا يتماشى مع افعل الرؤوس والمجوس!,negative,negative,Negative
ماذا تضمنت رسالة الرئيس عون الى السيسي؟ #مصر,neutral,neutral,Neutral
ميشال عون يحتفل بإعادة العلم اللبناني الموقع من مناصريه قبل 27 سنة إلى القصر الجمهوري,positive,neutral,Neutral
يابهيم يوميا مظاهرات بالآلاف بالمغرب وكل العالم عارف ويشوف إلا ابن فرنسا لجبان ههه,negative,negative,Negative
التحكم المروري: حركة المرور كثيفة من اوتوستراد زوق مكايل باتجاه مفرق غزير وصولا الى كازينو لبنان من دون عوائق,neutral,neutral,Neutral
فخامة الرئيس العماد ميشال عون في رسالة الاستقلال:- للعيد نكهة خاصة هذا العام بعد ان اثمر نضالنا واثمرت دماء شهدائنا,positive,positive,Positive
عاجل #فرنسا|القضاء يدين مديرة صندوق #النقد_الدولي كريستين #لاجارد بتهمة الإهمال,negative,neutral,Neutral
تتوفر رواية شبابيك في بلاد حزينة في #معرض_جدة_الدولي_للكتاب جناح مؤسسة الانتشار العربي (لبنان - جناح ٥٤٠),neutral,neutral,Neutral
#ميشال_عون يؤكد حرص بلاده على تعزيز العلاقات اللبنانية السعودية#السعودية #ksa #saudi #الرياض #جدة #مكة #لبنان…,positive,neutral,Neutral
القناة الثانية الفرنسية تكشف: بوتين هدد ساركوزي بالسحق.. #روسيا,negative,negative,Neutral
طيب هيدا منظر طبيعي ينشاف بواجهة بيروت ؟@jamalitani06 #لبنان #بيروت #حكومة_لبنان,neutral,positive,Negative
الرئيس ميشال عون: ما يقوم به جيشنا في الداخل يستطيع أيضا أن يقوم به على الحدود، فعندما تهدد الأخطار الوطن يبقى...,positive,positive,Positive
بالعكس هم واقفين مع الأسد نكايتا في فرنسا التي تقف ضده حتى لو قتل الأسد كل اهل سوريا سيقفون معه بما ان فرنسا ضده، جكاره بالعامية,negative,negative,Negative
#العربية_نيوز : السيسي يستقبل وزير خارجية لبنان، ويتسلم رسالة من الرئيس اللبناني ميشل عون,neutral,neutral,Neutral
"هل قال السيد عن ميشال سليمان ما قاله عن الجنرال عون انه ""جبل ولا بينشرى ولا بينباع""",positive,negative,Negative
عام ١٩٥٦أسقط السوريون حكومة بلادهم لبيعها فرنسا القمح وهي تحتل الجزائر .التي يتغنى وزير خارجيتها اليوم بجرائم الإيرانيين و..,negative,negative,Negative
تشكيل الحكومة الجديدة في لبنان برئاسة الحريري | بوابة الخليج العربي,neutral,neutral,Neutral
ميشال عون راجع,positive,negative,Positive
اصم تيا حمار والله لا تعرف حتى اين يقع طيزك ههههه اما فرنسا فخرجت مهزومة و الان هي من تتحكم فيكم يا عربان,negative,negative,Negative
"الإندبندنت"": لبنان يتجه نحو إنهاء أزمة سياسية بدأت قبل ما يزيد عن عامين، وذلك بعد تكليف الرئيس سعد…",neutral,neutral,Neutral
الحريري: نعول على حكمة وتجربة الرئيس ميشال عون!,positive,positive,Positive
الحين كل ذي الزحمه وانتي في فرنسا. 😒,negative,negative,Negative
يتساقط في هذة الاثناء نفناف من الثلوج في معاصر الشوف #جبل_لبنان 1300متر,neutral,negative,Neutral
وجودو معنا وبيناتنا بيعطي امل مش بس ل حياة وإنما لكل الشعب اللبناني #ميشال_عون...,positive,positive,Positive
للتاكيد، لا ثلوج على بعض المرتفعات كما اورد #طقس_العرب ، ولا زخات ثلجية كما ذكرت الارصاد الرسمية، انجماد فقط #الاردن,negative,negative,Neutral
هاشتاق الاميره 👑 #سهيله_بن_لشهب 👑متواجد بترند #لبنان 🇱🇧 #SouhilaBenLachhab,neutral,positive,Neutral
ميشال عون المسيحي المارون مش بس في لبنان محبوب حتى في العالم العربي يعرفون مواقفه,positive,positive,Positive
طقس العرب ما بالغت هاي السنة بس الشعب قرر ياخد مكانها و يبالغ! حكوا انه تساقط و فش تراكمات و الناس قاعدة بتناقش اذا في عطلة ولا لا,negative,negative,Negative
الوزير جبران باسيل والوزير نهاد المشنوق خلال مراسم تسلم وتسليم كل من وزارة الخارجية و وزارة الداخلية #حكومه_لبنان,neutral,neutral,Neutral
العهد الجديد برئاسة فخامة الرئيس ميشال عون مطالب ان يكون المواطن قيمة وطنية في الحقوق والواجبات ، لا ان يكون نكرة وطنية .,positive,positive,Positive
حلب المحتلة الان تحت التجمد بدرجات حرارة 4- درجات تحت الصفر وغدا الثلاثاء 5- تحت الصفر#حلب #سوريا#طقس_العرب…,negative,negative,Neutral
"ومبروك ل #لبنان انشاء وزارة دولة "" #حقوق_المرأة "" هههههههه",neutral,positive,Positive
بالصور.. #الرئيس_ميشال_عون يحقق حلم هذه الشابة.. ما هو؟#شعب_لبنان_العظيم,positive,positive,Positive
طقس كاذب يقولو ثلوج ويطلع حر😑 #طقس_العرب,negative,negative,Negative
#الكتائب تحمل #عون و #الحريري مسـؤولية بقائها خارج الحكومة- #لبنان,neutral,neutral,Neutral
يكفينا فخرا انو بتاريخ هالجمهورية اجا رجال عالرئاسة الاولى اسمو ميشال عون..,positive,positive,Positive
موقع طقس العرب مش مسترجي يحط حالة الطقس لعشرة أيام 😂😂,negative,neutral,Negative
ليش وزير شؤون المرأه رجل؟ لان بكل بساطه لو كانت امرأه بدنا ١٠ حقائب جديده مقابلها لنفهم شو بدها وزيرة شؤون المراه😅 #حكومه_لبنان,neutral,negative,Negative
رئيس الجمهورية ميشال عون يحقق أمنية شابة بإستقباله لها تقرير: علي عطوي,positive,neutral,Neutral
طقس العرب صايرة توقعاتهم دايما غلط 😒😒,negative,negative,Negative
الخارجية الايرانية: تشكيل الحكومة سيعزز مكانة لبنان ويحقق مصالحه في الداخل والخارج -,neutral,positive,Neutral
الملك سليمان يصل الاثنين الى #بيروت على رأس وفد سعودي لتهنئة ميشال #عون بانتخابه رئيسا للجمهورية.,positive,neutral,Neutral
الرياض.. انخفاض على الحرارة وأجواء مغبرة يوم الثلاثاء بمشيئة الله #طقس_العرب,negative,neutral,Neutral
رح نعمل قرعة بين لبنان ، تركيا ، ماليزيا .... والبلد الي بتطلع رح نسافر عليها ادووععللليييي تططللععع للبننااااننننننن :( !!!!!,neutral,positive,Negative
بالفيديو: العماد ميشال عون يحقق أمنية شابة مصابة بالسرطان,positive,neutral,Neutral
خلص منرد عليك و بلاه طقس العرب,negative,negative,Negative
حزب الكتائب في لبنان اعرق وأقدم الكتل السياسه وأشرف ريفي بسبب رفضهم الهيمنه الايرانية السورية على لبنان وعدم ترشيحهم لعون يدفعون ثمن مواقفهم,neutral,negative,Negative
يعجبني الخطاب المتوازن والمصوغ بميزان من ذهب لرئيس الجمهورية ميشال عون وهو يستحق البحث والدراسة الخطابيين.,positive,positive,Positive
#حمص قبل قليل #حلب #سوريا#طقس_العرب#الطقسطقس سوريا#حلب_تباد #حلب_تنتهك #حلب_تستغيث,negative,negative,Neutral
Retweeted جنوبية | Janoubia ():داغر لـ«جنوبية»: أقصوا #الكتائب بسبب مواقفها السيادية #لبنان...,neutral,negative,Neutral
#ميشال_عون .....نثق بك ، ونحبك ❤لا تعد بنا إلى عام 1988 ...مسارك ومسيرتك يتجاوزانتلك اللحظة. انت المؤهل لإرساء دو…,positive,positive,Positive
#طقس_العرب: #شاهد🔴لحظة تدهور صهريج نفط وانفجاره بشكل مرعب في #امريكا نتيجة الصقيع والإنجاد #الطقس #السعودية #طقس…,negative,negative,Neutral
إبراهيم الأمين | حكومة حلب #لبنان #الحكومة_اللبنانية,neutral,neutral,Neutral
#القوات_اللبنانية أضحت الحليف الحديدي للرئيس #ميشال_عون رئيسك و تاج راسك و تاج راس كل لبناني,positive,positive,Positive
ممكن تعمللي ابلاغ بدي احذف حسابي وشكرا #طقس_العرب,negative,neutral,Negative
#لبنان: امرأة واحدة في حكومة #الحريري.. ووزارة المرأة من نصيب رجل!,neutral,neutral,Negative
العهد الجديد في ظل فخامة الرئيس ميشال عون سيشهد مشاركة كافة المواطنين لحقوقهم وواجباتهم وعدم تهميش اي شريحة ولا سيما ابناء بعلبك الهرمل .,positive,positive,Positive
القريات على الرغم من ان موقع طقس العرب يستبعدها لكن التوقع ان يكون لها نصيب من بعض الامطار خاصه شمال المنطقه والله اعلم,negative,neutral,Neutral
عرض شقق بمساحات مختلف و متكاملة خدمات بارض اللواء المهندسين خلف ميدان لبنان شوف اتفرج من غير متدفع ولاجنيه بس الحق……,neutral,neutral,Positive
#ملكة_المسرح #ميريام_فارس قبل صعودها على المسرح في #دبي 😍😍,positive,neutral,Neutral
#هام🔴.كتلة هوائية شديدة البرودة شمالا، ورياح قوية وغبار على شرق ووسط #السعودية.التفاصيل عبر تطبيق طقس العرب…,negative,neutral,Neutral
معين المرعبي : وزير دولة لشؤون لشؤون النازحين,neutral,neutral,Neutral
وصولنا الآن #ملكة_المسرح #ميريام_فارس الى #دبي ومتوجهين فورا الى الحفل على نافورة دبي مول لإحياء…,positive,positive,Neutral
طقس العرب اخباركم دأئما متاخرة ولاعندكم مصدر لتحري الطقس يخص بكم,negative,neutral,Negative
#حكومه_لبنان إنتبه❗️... أشغال...📌,neutral,neutral,Neutral
دقائق وتطل #ملكه_المسرح #ميريام_فارس علي المسرح 💃👏 #Myriamindubai,positive,positive,Positive
#طقس_العرب: #شاهد🔴عواصف ثلجية قوية تضرب حاليا ولاية #كولورادو غرب الولايات المتحدة الامريكية #أمطار #الطقس #السعودية …,negative,neutral,Neutral
الحريري : النفايات والكهرباء وقانون انتخابات جديد هي أولوية حكومة الوفاق الوطني في #لبنان,neutral,neutral,Neutral
وبعدين ميريام فارس حلوه اوڤر كدا ليه😍,positive,positive,Positive
#ريكي_مارتن وخطيبه يثيران ضجة.. وهذه تفاصيل علاقته بأولاده,negative,neutral,Neutral
لكي اللة لبنان البلد الجميل,neutral,positive,Positive
الغاز الشيبان : ̶̶̶يقول : انشدك عں شقراء جسمها منحوت ردفها بارز ۈشفايفها گبيره أنت تتخيلها ميريام فارسهههههههههههههههههه,positive,positive,Negative
الحين الجبيلان الجيكر ياخذ روسية وانا الي اشبة ريكي مارتن اخذ خليجية ليش بالله لابد في توزيع عادل لثروة😂😂😂😂😷,negative,negative,Negative
في القرب من جعيته لبنان,neutral,positive,Negative
تابعوا الفنانة #ميريام_فارس في #حفلات_في_دبي_مول الليلة بالقرب من الواجهه المائية لنافورة دبي…,positive,neutral,Neutral
"ريكي مارتن خطب واحد ""سوري"" 😂😂😂يا فرحه امك بيك والله 🙈",negative,positive,Positive
#وعد: قراءة في جريمة #الاختفاء_القسري في التشريع البحريني #البحرين #تونس #الكويت #لبنان #Bahrain,neutral,neutral,Neutral
30 إطلالة تثبت أن ميريام فارس هي واحدة من أميرات ديزني - -,positive,neutral,Positive
ريكي مارتن بقي بسكلتة,negative,positive,Negative
Mougleta تطرح البومها من لبنان,neutral,neutral,Neutral
أعجبني فيديو من ميريام فارس تتألق بإطلالة جديدة,positive,positive,Positive
وبلا ما يضهرو معن نحن اصلا شبابنا ربعن ماتو بالحرب و ربعن احتياط و ربعن ع شاكلة ريكي مارتن هالربع البقيان يتركولنا ياهن 😂,negative,negative,Negative
لمتابعة اخبار ونشاطات مكتب الشهيد السعيد السيد محمد الصدر (قدس) / بغداد والمحافظات الشمالية على فيسبوك:…,neutral,neutral,Neutral
أحضر الفنانة ميريام فارس في حفلات من دبي مول في The Dubai Mall,positive,neutral,Neutral
ريكي مارتن خطب واحد لبناني وحاجة أخر 💩💩💩,negative,neutral,Negative
عارفصورة وجدتها علي فيسبوك,neutral,neutral,Neutral
صور ميريام فارس 2017,positive,neutral,Neutral
ريكي مارتن و خطيبه,negative,neutral,Neutral
زادوووو فيه هربنا من فيسبوك عل ود.هاد لعب الدراري الصغار ههههههههههه,neutral,negative,Negative
ميريام فارس تنشر الفيديو الأول لطفلها #mtvlebanonstars,positive,neutral,Neutral
انته شفت مسود الويه ريكي مارتن 😂💔,negative,positive,Positive
هذا تويتر يا استاذ غيث وليس فيسبوكلا نستطيع قراءة المنشور على فيسبوكيا ليت تكتب تغريدات لكي نقرأها ونستفاد منها,neutral,neutral,Negative
يقدم لكم دبي مول النجمة ميريام فارس في حفلة غنائية تقام يوم 6 ديسمبر عند حصان بوتيرو الأندلسي، ابتداء من الساعة 8…,positive,neutral,Neutral
ريكي مارتن حب المراهقه 💔😢,negative,neutral,Neutral
4 ايام بدون فيسبوك تقييم يا شبب ؟ 😎,neutral,negative,Negative
#ميريام_فارس حبيبه حبيبتي 😜,positive,positive,Positive
مو موضوع لحيه رونالدو كشكل ناعم مرا كنه بنوته الغريب ريكي مارتن اعلن خطوبته من هذا السوري,negative,negative,Negative
نود أن نرحب بمكتب الهيئة #الألمانية للتبادل العلمي DAAD في #لبنان على فيسبوك، ونبارك لهم لافتتاح مقر جديد في #بيرو…,neutral,positive,Positive
#عطنا_تغريده_مهايطيه ميريام فارس درست معاها في الضيعه في بيروت.الله ياهي ايااام ي جاسم كنا نكتب ع جدار المدرسه افكار ميريام والشر م ينام,positive,negative,Negative
ريكي مارتن طلع شمال وبيتاخد ورا مصنع الكراسي من صغره 😂😂😂,negative,positive,Negative
المدير العام لمؤسسة التلفزيون محمد الطراونة كتب عبر صفحته الشخصية على موقع فيسبوك أنه سينهي عمله كمدير عام مع...,neutral,neutral,Neutral
#عطنا_تغريده_مهايطيه ميريام فارس كنت اكلمها قبل فتره كذا عاد قلتلها ايش مكانتي عندك راحت سوت اغنية يسألني مكانه وين.الله يهديها,positive,negative,Negative
بعد خطوبتهما ’ المغني الأميركي ريكي مارتن يعلن عن نيته الزواج من شريكه الفنان المولود في #سوريا جوان يوسف #مثليي_الجنس,negative,neutral,Neutral
"تسلط #نايلة_الصليبي الضوء في ""#ديجيتال"" مع الإعلامية #أوكتافيا_نصر على دور الأخبار الكاذبة في فوز ""#دونالد_ترامب""...",neutral,neutral,Neutral
#عطنا_تغريده_مهايطيه ميريام فارس غيرت شعرها من كيرلي للعادي عشان تلفت نظري.,positive,positive,Negative
حلو ريكى مارتن يا بت ؟ بتحبيه صح ؟! طلع لامؤاخذة اهو ..,negative,positive,Positive
الإعلام التقليدي في مواجهة الأخبار الكاذبة في أمريكا وتويتر لإنقاذ الأرواح في لبنان via,neutral,neutral,Neutral
#عطنا_تغريده_مهايطيه ميريام فارس يوم غنت انا مش انانيه كانت تقصدني.,positive,negative,Negative
بقي ريكي مارتن gay ومس انشراح متحولة جنسيا ده غير انها ماتت مقتولة ، انا كنت فين من الfacts. دي كلها !!,negative,negative,Negative
كان يخربش على جدران الحي.كبر وصار يخربش على جدرانإلكترونية: #فيسبوك #تويترتغير شكل الجدار وتطوره لا يعنيتغير عقلية المخربش وتطور وعيه !,neutral,negative,Negative
#عطنا_تغريده_مهايطيه الله يصلحها ميريام فارس من اليوم قاعده تهمزني.,positive,negative,Negative
ريكي مارتن يعلن خطوبته من فنان سوري: عبر,negative,neutral,Neutral
إعلان واجد، للراغبين في مشاهدته على فيسبوك مباشرة,neutral,neutral,Neutral
انا شايف ان وصف سمكة بتاع التباع ما يمشيش الا على ميريام فارس ملكة المسرح فعلا 👏,positive,positive,Positive
ده بمناسبة مقالى السابق عن المثلية ..للى مايعرفش ريكى مارتن كان فى بدايته متنبأ ليه انه يكون مايكل جاكسون الجديد...,negative,neutral,Negative
البوست دة عمال يلف علي فيسبوك ومل الرجالة عاملة منشن لمراتتهم 😂😂😂😂,neutral,positive,Negative
انا كبنت احب الش ر المجعد واسويه بالرغوه مثلها واهو طويل وقصير وفي بعض رجال يحبون الشعر اللي مو مرتب مثل ميريام فارس,positive,neutral,Negative
#البوابة#ريكي_مارتن يعلن خطوبته من فنان #سوري,negative,neutral,Neutral
بتمنى منكن زيارة صفحتي الشخصيةعلى فيسبوكعلى هاد الرابط قناتي عاليوتيوب بأسمي انا احمدعكرةودعم الضفحة والقناة,neutral,neutral,Positive
هذا شعري بس مسويه مثل ميريام فارس,positive,negative,Negative
صاير منتشر بشكل ويتفاخرون فيه امس شفت خبر عن المغني ريكي مارتن انه خطب واحد سويدي 😧😥 اعوذ بالله ... #رونالدو_يعترف_ويفتخر_بالشذوذ,negative,negative,Negative
نحن معكم.. نتلقى استفساراتكم وملاحظاتكم من خلال حسابتنا على مواقع التواصل الإجتماعي: فيسبوك - إنستقرام - تويتر - يو…,neutral,neutral,Neutral
اللي بيحصل_ميريام فارس,positive,negative,Negative
ريكي مارتن تزوج من حبيبه السوري ..يا للعار !,negative,negative,Negative
كلهم اصحاب فيسبوك,neutral,positive,Negative
تابعوا الفنانة #ميريام_فارس في #حفلات_من_دبي_مول اليوم الثلاثاء بالقرب من الواجهه المائية…,positive,neutral,Neutral
الله يحرقك انت طلعت منهم ؟!دانا كنت باحب اغانيك ... يا عيب الشوم على الرجالة ..اتفووووة,negative,negative,Negative
انا رجعت لصور البروفايل على فيسبوك عندي الفرق واضح المشكلة + حلها في اربع صور ورا بعض كدا 😂😂,neutral,neutral,Negative
ميريام فارس 😍💜,positive,positive,Neutral
ولك اذا ريكي مارتن ضهر مع واحد سوري مينو انتي يا معفنة ياشوصة لحتى ماتضهري...😝😅😅,negative,negative,Negative
الغريب ان فريدة عندها فيسبوك الصراحة,neutral,negative,Negative
ماتحمل جمال ميريام فارس😔,positive,negative,Positive
اخص لية كدة بقا انا كنت بحب ريكى مارتن كرهت اهله ✋,negative,negative,Negative
الهام عندج فيسبوك,neutral,negative,Neutral
يله احد يتزوج ويجيب ميريام فارس بزواجه ويعزمن,positive,positive,Negative
"لبنان جاب جورج كلوني ""صهر""، وسوريا عملت ريكي مارتن ""كنة""... 😎",negative,negative,Negative
ماذا يكشف فيسبوك وإنستجرام عنكم؟,neutral,neutral,Neutral
فيديو: #ميريام فارس تشارك محبيها بفيديو جديد #لمولودها,positive,neutral,Neutral
عندما خيروا الشاب السوري بين بنات جامعة البا اللبنانية وبين ريكي مارتن فاختار ريكي مارتن وقال مو ناقصني قرف,negative,negative,Negative
الصفحة الرسمية لقناة سما الفضائية على فيسبوك يرجى الدعم والنشر : آخر الأخبار...,neutral,neutral,Neutral
#المواطن | صور مراحل حمل النجمة #ميريام_فارس,positive,neutral,Neutral
زواج المطرب المشهور ريكي مارتنبرجل سوريهههههعفن الفنواهله,negative,negative,Negative
تعلم الانجليزيه مجانا للمزيد زوروا صفحتنا على فيسبوك و يوتيوب الآن,neutral,neutral,Neutral
~ما تنسوا غدا ملكة المسرح ميريام فارس في حفل جماهيري أمام نافورة دبي مول الساعة 9 مساء 🕘 🎀👸…,positive,positive,Neutral
مين علم عالتاني يا ترى نحنا ولا الإسبان بجوازة ريكي مارتن يتسائل مراقبون 😆,negative,negative,Negative
[ فيسبوك ]تحديث BUCKAROO بصورة لكوانغسو و نارا من اجل الكريسماس ☃️,neutral,neutral,Neutral
لقائكم مع #ملكه_المسرح #ميريام_فارس غدا أمام نافورة دبي مول الساعة ٩ مساء #Myriamindubai,positive,neutral,Neutral
لدى ريكي مارتن !! لكن هي عملة ههههههه,negative,neutral,Negative
"#أوغاسبيان نجم ""فيسبوك"" و""تويتر"".. هكذا علق اللبنانيون على #الحكومة",neutral,neutral,Neutral
يستضيف حي دبي للتصميم حفلةفنيةحية للفنانة ميريام فارس مساءالسبت 10ديسمبر ختاما لفعاليات ملتقى d3 في دورته ال2 المقر…,positive,neutral,Neutral
ايه ريكي مارتن بشحمو وبلحمو تجوز سوري😂😂😂😂,negative,negative,Positive
تابعوا حسابنا عبر فيسبوك #ويكـان,neutral,neutral,Neutral
عندما أنظر للعيون والشعرأنسى أنني شخص يائس أجل إنني المغرم الولهان المتيم بتلك التي تدعى #ميريام_فارس ❤❤بعشقك ميرا,positive,positive,Negative
ريكي مارتن تزوج رجال 🤔😷,negative,neutral,Neutral
لمتابعة الأحداث المحلية والعربية والعالمية تابع الحساب الرسمي لـ #صحيفة_الشرق على #فيسبوك,neutral,neutral,Neutral
ابن #ميريام_فارس أوشك أن يتم عامه الأول..شاهدوا كيف أصبح بالفيديوmyriamfares,positive,neutral,Neutral
افا ريكي مارتن يقولون تزوج واحد سوري 😂😂 استغفر الله ياخي والله مايستاهلون الجمال 💔,negative,negative,Negative
هما مش هيعملوا night mode في فيسبوك بقي؟,neutral,neutral,Negative
#ميريام_فارس تأسر قلوب جمهورها بفستانها - للتفاصيل اضغط الرابط #الوطن_العربى,positive,positive,Positive
ريكي مارتن طلع بسكلته ... ههههههههههههههههههههههههههههه,negative,positive,Negative
"مش متخيل ان في تيم كامل قعد و عملوا برين ستورم و قرروا في الآخر يطلعوا بحملة عن أصول اللغة و من ضمنهم بوست بيقول ""إسمه فيسبوك مش فيس""",neutral,neutral,Negative
هذا الفيديو الظريف نال إعجاب الآلاف من متتبعي أخبارها 😍 ! شاهديه هنا ↙#اخبار #مشاهير #طفل,positive,positive,Positive
حين تتحول المأساة السورية إلى خطوبة ريكي مارتن من فنان سوري.,negative,neutral,Negative
تويتر و فيسبوكاصبحت منابر الشرفاءلرد كيد اعداء الفضيلهفي الاعلام الاجير.,neutral,neutral,Mixed
#فيديو #حصري #ملكة_المسرح #ميريام_فارس من #حفل #زفاف الشيخة لطيفة بن محمد بن راشد آل مكتوم…,positive,neutral,Neutral
ريكي مارتن .. صام صام و افطر ع بصلة,negative,neutral,Positive
#فيسبوك يمتلك #بيانات عن كل #مستخدم لا يمكن تصديقها,neutral,neutral,Neutral
هل تعلم ان النقطه (. )هيه نفسها 👈 (*)بس مسويه شعرها مثل ميريام فارس 🌚😂✋,positive,negative,Negative
اهو طلع عجله يا مصر .... ماشي يا مصر,negative,negative,Positive
هذا آخر ما كتبه لمجرد على موقع التواصل الاجتماعي “فيسبوك” | ماذا جرى,neutral,neutral,Neutral
الجو مال اتلحف بكشه ميريام فارس,positive,negative,Negative
“ريكى مارتن” يظهر بخاتم خطبته من الفنان السورى “جوان يوسف”,negative,neutral,Neutral
اول ما صحيت لقيت notification ان بابا عمل فيسبوك عملتله بلوك 😅,neutral,negative,Negative
والله لو انك حاب هيفا وهبي و ميريام فارس 🖕🏿,positive,positive,Positive
ويل للعرب من شر قد إقترب.. مغني الراب الشاذ ريكي مارتن يتزوج من سوري مشهور. والعياذ بالله.,negative,negative,Negative
شال كروشيه بناتي 😍للطلب واتس 0504226607#كروشيه #كروشيهات #للبيع #بريدة #السعودية #الخليج #الكويت #للطلب #للتنفيذ…,neutral,neutral,Neutral
#ميريام_فارس تنشر أول فيديو لطفلها وهو يلهو بألعابه,positive,neutral,Neutral
كيف طلب #ريكي_مارتن يد صديقه السوري للزواج ؟,negative,neutral,Neutral
لا تسب اناس فيسبوك وممكن يسبوا والديك فتأثم اخوك,neutral,negative,Negative
ميريام فارس تطل بـ”لوك” جديد يظهر ذوقها الرفيع - -,positive,positive,Positive
صهرنا الجديد ريكي مارتن يعلن خطوبته من الرسام السويدي السوري جوان يوسف..😝😝اذا بدكن بالرفاه والبنين 😕,negative,positive,Negative
هو أنا إزاي أعمل download لفيديو من تويتر أو فيسبوك علي الموبايل؟,neutral,neutral,Neutral
ميريام فارس تشارك محبيها بفيديو جديد لمولودها,positive,neutral,Neutral
اصدموني بعد قولو ريكي مارتن شاذ !؟؟ 😢,negative,negative,Negative
لما حد بيقولي إنه بيحب حاجة أوي أيا كانت بطلع ميتينه منشنات علي فيسبوك و إنستجرام و لينكات واتساب و تويتر و بيبقي مش عارف يروح مني فين😂,neutral,negative,Negative
"أول فيديو لـ""#جايدن"" إبن #ميريام_فارس",positive,neutral,Neutral
ريكي مارتن تزوج صاحبه السوري 😳😳😳؟ ياعيب الشوم 😤👊 البلا يفكرون يتبنون طب اذا كبروا حولهم كل الناس اب وام الا انتم اب و اب شلون تقنعونهم 🌚💔,negative,negative,Negative
فتحت فيسبوك تاني و رجعت اشوف سرطان جروبس البنات 😊,neutral,negative,Negative
#ميريام_فارس تطل بـ”لوك” جديد يظهر ذوقها الرفيع #مشاهير #إطلالات_النجمات…,positive,positive,Neutral
"اكراد سوريا الذين إرتضوا ذل العلمانية نساءهم تقاتل .. ورجالهم يتزوجوا رجال !فلقد اعلن ""ريكي مارتن"" خطبته مع الكر…",negative,negative,Negative
زور فيسبوك,neutral,negative,Neutral
كل سنة و انت طيب يا يوسف و يارب ميريام فارس تقولهالك😂🌸💕,positive,positive,Positive
"يعني ريكي مارتن العالمي حب شاب من سوريا !! بنات جامعة ""البا"" اللبنانية ما بحبوا الشباب السوريين #عادي_عهر_العنصرية",negative,negative,Negative
معندكش فيسبوك ماسنجر عشان السكايب مبيفتحش علي الباقة,neutral,negative,Negative
جريدة الموجز elmogaz#الوجزشاهد .. #ميريام_فارس تشارك متابعيها بفيديو جديد لطفلها جايدنالتفاصيل عبر الرابط:...,positive,neutral,Neutral
ريكي مارتن يعلن خطوبته من السوري-السويدي جوان يوسف ، يعني شنو طلعت طول هالفتره متخرفنه على قاي 😭😭😭😭 يع برجع,negative,neutral,Negative
ل عندك:1- ادخل فيسبوك من كمبيوترك2- شغل الڨويس نوت3- استعمل الڨويس ريكوردر اللي بتلفونك و سجل الصوت من سماعة الكمبيوتر😅😝,neutral,neutral,Neutral
فارس💕 غافي💕 وتصبحون على خير,positive,positive,Positive
الناشطون السوريون في العالم مشغولون بزواج ريكي مارتن بشاب سوري هل هو حلال أم حرام #حلب,negative,neutral,Negative
قناة أصدارات أناشيد على التلغرام,neutral,neutral,Neutral
بالفيديو ميريام فارس تتباهى بحركة طفلها ” جايدين ” وضحكته التى خطفت قلوب جمهورها #ميريام_فارس,positive,positive,Positive
"اكراد سوريا ""مودرن"" جدافتياتهم يقاتلوا مثل الرجالورجالهم يتزوجوا رجالفلقد اعلن المطرب ""ريكي مارتن"" خطبته مع الكر…",negative,negative,Negative
#فيسبوك يختبر خاصية المؤتمرات الصوتية لأجهزة الكمبيوتر المكتبية,neutral,neutral,Neutral
I liked a video from للمرة الأولى ميريام فارس تنشر فيديو,positive,neutral,Positive
"صار موضوع الشواذ اوفر انه يحطو خبر انه ""ريكي مارتن"" يخطب حبيبه 😮 انه معقول صار عادي لهالدرجة الشواذ 😒 عرش الرحمان يهتز",negative,negative,Negative
ألمانيا تسعى لتشديد عقوبات نشر الأخبار الكاذبة على فيسبوك,neutral,neutral,Neutral
للمرة الأولى ميريام فارس تنشر فيديو لطفلها جايدن وتنهال عليها التعليقات...وشاهد زوجها الوسيم وصور زفافها...,positive,positive,Neutral
خطوبة ريكي مارتن على الرسام السوري جوان يوسف عبر #كلمه_تقولها_لما_تتنرفز فاكرك نينجا طلعت ترتر 🤓,negative,positive,Negative
صباح الخير يا فيسبوك .,neutral,positive,Positive
#من_الاخير_اخذها ارتباطي بنجوى كرم اشاعة و ميريام فارس بنت حارتي بس 🏃🏻,positive,negative,Negative
ريكي مارتن كان قبل يعجبني بس بعد كلامه حسيته مقرف يلوع بالجبد😷,negative,negative,Negative
مفاجاءات ذا غيك مونت و #نايلة_الصليبي بعد موجز العاشرة بتوقيت باريس من مونت كارلو الدولية مباشر عبر #periscope و#فيسبوك live,neutral,neutral,Neutral
ميريام فارس,positive,neutral,Neutral
كنة سورية ريكي مارتن,negative,neutral,Positive
فيس بوك عربي تسجيل فيسبوك جديد وتسجيل دخول Facebook … via,neutral,neutral,Neutral
ابشتري فيهم يخت وبعرس ع ميريام فارس,positive,positive,Negative
شيخ الشباب-هيئتو معزوم ع عرس ريكي مارتن,negative,negative,Negative
«فيسبوك» يقدم 6 نصائح للآباء والأمهات..بهدف تعامل آمن للأبناء مع الواقع الافتراضي,neutral,neutral,Neutral
مـج ـلة ™ 󾠮󾠰 #Magazine13Arab ملكه المسرح#ميريام_فارس باطلاله انيقه في احد الافراح مؤخرا…,positive,positive,Positive
ريكي مارتن بعد حريم العالم كلها اللي قدامو اختار انه يخطب جوان . جوان دا واحد من اصول عربية . وانا اللي كنت فاكرك نينجا 😂 طلعت ....,negative,positive,Negative
"بالصور.. تتويج ""alicia aylies"" بملكة جمال فرنسا",neutral,neutral,Neutral
#ميريام_فارس تتألق في حفل زفاف ابنة الشيخ محمد بن راشد!#اطلالات #مشاهير #فرحتنا_ناقصها,positive,positive,Positive
هههخخ ريكي مارتن,negative,positive,Negative
نعم كما نلاحظ العرب الموجدين في فرنسا يتحدثون الفرنسيه اكثر من اللغة حتي لا الكلمة يرجع لها من الفرنسي,neutral,neutral,Neutral
المجهرنيوز / بالفيديو.. طفل ميريام فارس يلهو ويلعب في المنزل - عبر نبض,positive,neutral,Neutral
انقرضت المرأة من كوكب الأرض و لم يجد السوري جوان يوسف إلا المغني ريكي مارتن ليتزوج منه !!!,negative,negative,Negative
في حفل توزيع جوائز ال BBC بالأمس لم يمر بدون احتفالية #ايسلندا التي شغلت العالم خلال يورو 2016 في فرنسا .مقالات...,neutral,positive,Positive
ميريام فارس تشارك جمهورها بفيديو جديد لإبنها في غرفة ألعابه,positive,neutral,Neutral
تشيلسي يعمق جراح ضيفه سندرلاند #ريال_مدريد #برشلونة,negative,neutral,Neutral
استخراج #تاشيرة #شنغن في اسرع وقت وباقل الاسعار الاوراق المطلوبة لاستخراج التاشيرة#سفر #سياحة #اوروبا #عروض…,neutral,neutral,Neutral
"ابن ميريام فارس يشعل ""انستغرام"" بطرافته (فيديو)",positive,neutral,Neutral
‘شلبي’ في ‘الإرهاب والكباب’ يودع الدنيا ويرحل #ريال_مدريد #برشلونة,negative,negative,Negative
حقول الخزامى في فرنسا#france#traveltuesday #travel #tourism #hotels #i_like_it #island…,neutral,neutral,Neutral
بالفيديو ميريام فارس تنشر صور ابنها من داخل منزلها للمرة الأولى,positive,neutral,Neutral
موعد مباره ريال مدريد بكره فاشل بمعنى الكلمه,negative,negative,Negative
#هولاند: قرار #مجلس_الأمن يجب أن يتبنى وقف إطلاق نار في #حلب #فرنسا,neutral,neutral,Neutral
"مجوهرات ميريام فارس تلفت الأنظار.. شاهد "" خاتم الثعبان """,positive,neutral,Neutral
ريال مدريد يفتقد راموس في مونديال الأندية,negative,negative,Neutral
فرنسا واستراليا توقعان غدا الثلاثاء عقد توريد 12 غواصة,neutral,neutral,Neutral
بالفيديو: هكذا أشعل نجل ميريام فارس “انستغرام”,positive,neutral,Neutral
احا!........ تخيلوا لو بوجبا دلوقتي ف ريال مدريد بعد ما دفعوا فيه ١٠٠ مليون و ايسكو مثلا كان مشي......,negative,negative,Negative
روسيا الصين.فرنسا. دول اميركا الجنوبية.. قبرص اليونان اسبانيا البرتغال لو متابعة زريارات هتعرفى كويس هو بيتحرك لية,neutral,neutral,Negative
بالفيديو.. طفل ميريام فارس يلهو ويلعب في المنزل,positive,neutral,Neutral
راموس يضع شروط تعجيزية قبل تجديد عقده مع ريال مدريد,negative,neutral,Neutral
مشاهد من غروب الشمس حول العالم.من جولتي على #انستغرام اليوم 🏞🌍#إيطاليا #فرنسا #السويد #كوريا_الجنوبية,neutral,neutral,Neutral
ميريام فارس تعود لأمجادها#ET_بالعربي,positive,positive,Positive
على أساس عالمية النصر نفس عالمية ريال مدريد وبرشلونة ومانشستر ياخي بالله ماتسحتون لما تقولون عالمي :),negative,positive,Negative
ان الله يمهل و لا يهمل.مع اول مصاهرة في الجزائر ستطير الى فرنسا,neutral,positive,Negative
بالفيديو والصور.. ميريام فارس تحيي حفل زفاف ابنة حاكم دبي,positive,neutral,Neutral
تهجير #طائفي وبرعاية #الأمم_المتحدة هكذا مصير من يخالف #أمريكا وربيبتها #إسرائيل وما #روسيا و #إيران و كلبهم المدلل…,negative,negative,Negative
فرنسا: قرار الأمم المتحدة بشأن حلب خطوة أولى وعلى سوريا وحلفائها تنفيذه,neutral,neutral,Neutral
ميريام فارس تنشر أول فيديو لابنها جايدن!,positive,neutral,Neutral
"هلاك 33 جنديا روسيا كانوا على متن الطائرة من طراز ""إيل-18""التي تحطمت شمال #روسيا.اللهم عليك بهم فإنهم لا يعجزون…",negative,negative,Negative
#حديقة #الحيوانات بالرباط، حديقة #النورسيات (فرنسا)، وحديقة الحيوانات #بكولوني تقوم بإنجاز دراسة عن #قطط #الصحراء ب…,neutral,neutral,Neutral
شاركنا| أكتر إطلالة حبيتها لـ #ميريام_فارس؟ #CBCDrama,positive,positive,Neutral
اقلها اليمن مستقره نوعا ما ،اما حلب فكم دوله تحارب سوريا ولا زال السوريين يدافعون عن بلادهم اللتي تدمرت بسبب روسيا,negative,negative,Negative
صيغة توافقية بين مشروعي فرنسا وروسيامجلس الأمن يقر نشر مراقبين دوليين شرق حلب,neutral,neutral,Neutral
اخر اخبار الفن ميريام فارس تشارك محبيها بفيديو جديد لمولودها.. شاهد,positive,neutral,Neutral
😱😱😱😂😂😂👌🏽 روسيا أنا مااستبعد شي عنها,negative,positive,Neutral
#اليمنية| #فرنسا تقول قرار #الأمم_المتحدة بشأن حلب خطوة أولى وتطالب #سوريا وحلفاءها بتنفيذه,neutral,neutral,Neutral
ميريام فارس تنشر فيديو جديد لطفلها وتسجل ضحكته للمرة الأولى.. فيديو,positive,neutral,Neutral
أوروبا تمدد العقوبات على روسيا -,negative,neutral,Neutral
"#فرنسا تقول إن قرار #الأمم_المتحدة بشأن #حلب ""خطوة أولى"" وتطالب #النظام_السوري وحلفاءه بتنفيذه#مجلس_الأمن #مراقبيين_دوليين",neutral,neutral,Neutral
من أحدث اطلالات #ميريام_فارس .. إستوحي #فساتين #خطوبة !myriamfares,positive,neutral,Positive
سحب تنظيم كأس العالم من روسيا وقطر,negative,neutral,Neutral
فرنسا تدعو لضمان تنفيذ قرار الأمم المتحدة بشأن سوريا,neutral,neutral,Neutral
بوتين: التضخم في روسيا لعام 2016 سيكون الأدنى منذ 25 عاما – سانا أعلن الرئيس الروسي فلاديمير بوتين أن التض…,positive,neutral,Neutral
مني ناسيه، بس حتى روسيا عندها مصالحها اولا واخيراقبل مصالح ايه بلد تاني,negative,negative,Negative
مشروع القرار الذي طرحته فرنسا حول إرسال مراقبين دوليين الى حلب لمراقبة عملية الاخلاء والذي صوت عليه بالإجماع اليوم…,neutral,neutral,Neutral
لافروف: نأمل أن يتيح الاجتماع الروسي الإيراني التركي في موسكو إحراز تقدم في تسوية الأزمة السورية أعرب وزير...,positive,neutral,Neutral
والسيسي صرح بنفسه (يدعم بشار الطاغي وجيشه الطائفي إللي يقتلالشعب السوري) فلا يسوي فيها قلبه ع السوريين وهو مع روسيا لمصالحه@zamalkawy_mano,negative,negative,Negative
انا شدخلني ببريطانيا كل دولة لها قانونها. فرنسا دولة عظمى و من اقوى دول العالم وتمنع النقاب ومحترمين قانونها. خل يحترموننا,neutral,positive,Negative
وول ستريت جورنال:احتمالات حدوث إنفراجة في الأزمة بين موسكو وواشنطن بشأن حلب,positive,neutral,Neutral
العميد اسعد الزعبي.. اليوم هناك خسارة في المعنوية ونرى الخلاف بين الملالي وبشار الاسد وبين روسيا #StandWithAleppo,negative,negative,Negative
دكتور انا لدية في عائلة شخص مصاب بقصور كلوي و سببه المثانة و يريد اجراء عملية في الخارج اي في فرنسا او المانيا هل هي ممكنة,neutral,neutral,Neutral
رئيس وزراء اليابان يؤكد توافر إمكانات هائلة لتطوير العلاقات مع روسيا في 18 ديسمبر /قنا/ أكد رئيس الوزراء ا…,positive,neutral,Neutral
إيران و روسيا وش تسوي في سوريا تزرع ورد و توزع هدايا هناك لا بارك الله فيهم,negative,negative,Negative
الجعفري : آن الآوان لمن يدعون أن لديهم نية حسنة تجاه #سورية أن يتعاونوا مع الحكومة السورية الجعفري : #فرنسا...,neutral,neutral,Neutral
#لبنانيارب يارب طهر لبنان من عملاء ايران والمجوس.,positive,positive,Negative
إصابة 16 جنديا #روسيا في حادث طائرة #امل_عباس,negative,neutral,Neutral
برج إيفل في فرنسا يطفئ أنواره في رسالة تضامنا مع حلب؛ فيما يتجهز برج خليفة في دبي لإحتفالات رأس السنة الجديدة اي قلوب تلك؟💔,neutral,neutral,Negative
الرئيس عون والرئيس الحريري مستعجلان على اطلاق ورشة البناء في لبنان,positive,positive,Neutral
والخونة المتحالفين مع روسيا ضد امتهم يحاولون تمثيل دول البطولة اليوم كونهم ضد اميركا .. محاولين خداع السذج ان ذلك ب…,negative,negative,Negative
#الاقتصاد #أستراليا و #فرنسا ستوقعان صفقة غواصات بأكثر من 36 مليار دولار غدا,neutral,neutral,Neutral
منورين وانت بالذات ياليلو ضحكتك بالدنيا 3>#ايلي_نورت_لبنان#قوم_ياحلو#اسياد_الكلام#ElieEliaWorld,positive,positive,Positive
#ياعرب_الشر_اقترب روسيا كشفت عن وجهها القبيح امام الجميع ودعمت الكفار ضدكم وعجبا ان منكم من يساندها,negative,negative,Negative
#فرنسا — هولاند: قرار مجلس الأمن يفتح الطريق أمام وقف للنار بسوريا واستئناف المفاوضات,neutral,neutral,Neutral
الاتحاد الاوروبي يهنئ لبنان على تشكيل حكومته الجديدة برئاسة سعد الحريري,positive,positive,Neutral
د. زاهدي.. سياسيا خرجت المعادلة من يد خامنئي بمعنى انه خسر استراتيجية ابقاء بشار الأسد مقابل استراتيجية روسيا#حلب…,negative,negative,Negative
فرنسا طول عمرها ضد الانجليز وهسه هم حبايب,neutral,positive,Negative
"ريستال رائع انشالله بيولد لبنان الخير والسلام على ايديك ،ياسوع يحفظك ،ميلاد مجيد"" حكيم "".",positive,positive,Positive
بوتين روسيا هو الحاكم العسكري لسوريا هو من يأمر وهو من يوافق اما طراطير الجوقه من حمير جحش سوريا ونعاج خامنيء وقمامة حزب القمامه سرابيت,negative,negative,Negative
#فرنسا تدين العملية المتطرفة على #معسكر للجيش اليمني في #عدن,neutral,negative,Neutral
#lebanon باسيل: لبنان بدأ بالخروج من نفق مظلم,positive,neutral,Negative
"بشار الجعفري، مندوب سوريا لدى الأمم المتحدة صرح بأن هناك ""أجندات خفية"" لدى مؤيدي القرار. طيب روسيا حليفتكم أيدته، هذا إقرار بأجندتها أيضا؟",negative,negative,Negative
#أحوال_العرب: أستراليا توقع الثلاثاء صفقة لشراء 12 غواصة من فرنسا,neutral,neutral,Neutral
صوتوا لأجمل زينة ميلادية في لبنان لعام 2016 via,positive,positive,Positive
فيديو: لحظة سقوط مريض من سيارة إسعاف في روسيا,negative,neutral,Neutral
الجعفري حرق دين فرنسا و بريطانيا و اميركا و بعض العرب من خلفهم و اسرائيل .. كم انت كبير يا بشار الجعفري,neutral,negative,Negative
و #حكومه_لبنان ناقصها الموهندس BOB وزير الطاقة. عندي خطة توليد الكهربا ٢٨/٢٨ دون اي تكلفة على خزينة الدولة,positive,negative,Negative
شنوا الى فى المسرحيه الدوله حليفت روسيا والنظام وتقتل فيهم شنو هل الغباء حسبنا الله ونعم الوكيل همكم الدوله بس,negative,negative,Negative
#عاجل: قرر مجلس الأمن الدولي بالإجماع علي مشروع فرنسي لنشر مراقبين دوليين في #حلب لمراقبة عمليات إجلاء السكان منها…,neutral,neutral,Neutral
الشكر الاول والأخير لمن حرر وطني لبنان القائد المقاوم نبيه بري والشكر للسيد حسن نصرالله والشكر للشعب والجيش اللبنان…,positive,positive,Positive
مع احترامي لتركيا واحتقاري لنظام الملالي تجتمع روسيا وتركيا وايران لتسوية اوضاع #حلب وسوريا ... السؤال اين العرب ؟ من جد مافيهم بركة ..!!,negative,negative,Negative
#فرنسا 🇫🇷عاجل| الخارجية تدعو كل الأطراف للعمل على تطبيق قرار الأمم المتحدة حول #حلب,neutral,neutral,Neutral
البركه في لبنان,positive,positive,Positive
الا أوهن كل حروبها كانت خلف امريكا في العراق وخلف روسيا في سوريا وعملتها طاايحه اقتصاد هزيل,negative,negative,Negative
#مجلس_الأمن يصوت بالإجماع على #مشروع_قرار حول نشر #مراقبين_دوليين في #حلب#فرنسا #روسيا,neutral,neutral,Neutral
ديانا فنانة حببت كل العرب بلبنان وخلتنا نتمنى نصير لبنانيين ونزور لبنان وك انت فخر لوطنك يا نجمة 😍,positive,positive,Positive
اول قرار واضع على التهجير الديمغرافي في سوريا (اجماع مجلس الأمن حتى روسيا) لكم الله يا اهل سوريا,negative,negative,Negative
بكم البرنامج السياحي من والى في فرنسا,neutral,neutral,Neutral
#الحملة_السعودية 1971 وصفة طبية صرفتها صيدلية#العيادات_التخصصية_السعودية في #مخيم_الزعتري#السعودية #سوريا…,positive,neutral,Neutral
#الاتحاد_الأوروبي يمدد العقوبات على #روسيا بسبب #الأزمة_الأوكرانية حتى 31 تموز/يوليو,negative,neutral,Neutral
مواليد جنوب فرنسا في شهر اكتوبر روحي شوفي وش برجي,neutral,neutral,Neutral
كلنا إنتخابات.كلنا للدمقراطية.كلنا للوطن. يلا يا جماهير لبنان الى صناديق الإقتراع🇱🇧,positive,positive,Positive
مطالبات ألمانية بعقوبات رياضية على ر روسيا بسبب المنشطات,negative,negative,Neutral
تنبيه عن الحاله المتوقعه ☁#طقس العرب,neutral,neutral,Neutral
#بنك_مصر_لبنان يواصل خططه التوسعية ويفتتح فرعا جديدا في #البقاع_الغربي,positive,positive,Neutral
«الأوروبي» يمدد العقوبات الاقتصادية على روسيا,negative,neutral,Neutral
#الجوف و #الحدود_الشماليه امطار هذه الليله وصباح الغد ... وثلوج محتمله على بعض مناطق المملكه .. #طقس_العرب,neutral,neutral,Neutral
الجمعة.. المنتج صادق الصباح يحتفل بزواج ابنته فى “Biel” لبنان فن وفنون,positive,neutral,Neutral
حتى مسجدنا له يومين يدعي بس وصخ ملعون محمي من روسيا وايران و امريكا,negative,negative,Negative
آخر تحديثرادار: sat24 | البروق وطقس العرب #فريق_طقس_المدينه/مروان الردادي,neutral,neutral,Neutral
حتى يكتب اسمك بتاريخ لبنان عليك المباشرة فورا بمشروع قطار سريع على طول الساحل اللبناني,positive,positive,Positive
روسيا استخدمت جميع الاسلحه المحرمه 🖕🏻🖕🏻🖕🏻,negative,negative,Negative
توقعات بتساقط الثلوج إن شاء الله علي مدينة #عرعر ليلة الثلاثاء وفي الصباحالله يجيب الخير #ثلوج_عرعر_١٤٣٨ #طقس…,neutral,positive,Positive
نظمت شبيبة كاريتاس لبنان اقليم الكورة بالتعاون مع بلدية كوسبا سباق تحت عنوان “Santa Race” شارك فيه عدد من الاطفال وا,positive,neutral,Neutral
: إحصائية.. استشهاد 96 ﻃﻔﻼ #ﺳﻮﺭﻳﺎ ﻋﻠﻰ ﺍﻷﻗﻞ، ﺑﻄﺎﺋﺮﺍﺕ ﻭﺑﺮﺍﻣﻴﻞ ﻧﻈﺎﻡ ﺑﺸﺎﺭ ﺍﻷﺳﺪ،ﺍﻟﻤﺘﻔﺠﺮﺓ، وإصابة 223 طفلا ﺁﺧﺮﻳﻦ، ﺑﺠﺮﺍﺡ،في مدينة…,negative,negative,Neutral
لا اله الا الله💜#أيفون_البروفيسور,neutral,neutral,Positive
#السودان #sudan سولانج.. شقيقة بيونسيه تتصدر بيلبورد الأميركية: أبوظبي - سكاي نيوز عربية تصدرت… #السودان #sudan,positive,positive,Neutral
حظر ساعة أبل باجتماعات مجلس وزراء بريطانيا,negative,negative,Neutral
جوجل ايرث,neutral,neutral,Neutral
: #صيام_تاسوعاء_وعاشوراء قال رسول الله ﷺ:( أفضل الصيام بعد رمضان ؛ شهر الله المحرم وأفضل الصلاة بعد الفريضة ؛…,positive,positive,Neutral
: #التغطية_مستمرة عاجل حلب استمرار الاشتباكات على محاور المدينة القديمة وسط استهداف بالطيران الحربي لمواقع الارهابيين و…,negative,negative,Neutral
حظوظ المرشح الرئاسي الامريكي عن الحزب الجمهوري دونالد ترامب تتقدم على مرشحة الحزب الديموقراطي هيلاري كلنتون بعد مناظرة البارحة ، والآتي اعظم,neutral,neutral,Neutral
مكياج عيون على طريقة بيونسيه,positive,neutral,Neutral
: الحشد يهدد أردوغان مباشرة,negative,negative,Neutral
ختمة رمضان في جامع الهجرة بمحافظة الخرمة #إسلام #فكر #تاريخ #أدب #بوح,neutral,neutral,Neutral
"الآس:""تغطية البرنابيو"".""فلورنتينو يفي بوعده منذ إنتخابات ٢٠٠٤"".#ريال_مدريد #RealMadrid #LaLiga #الليغا…",positive,positive,Positive
مقطع روبيرت دي نيرو المنتشر بالواتس اب وهو يسفل ب دونالد ترامب، صنع ليلتي ههههههههخلاه ما يسوى التالية من الغنم 😄😄ستوبيدبونك = وضيع 😄,negative,negative,Negative
#حجمك ايفون,neutral,neutral,Neutral
“كيف تحمي هاتفك الذكي بنظام أندرويد من القرصنة؟” by,positive,neutral,Neutral
: ٦- أين دموعهم من الجرائم التي يرتكبونها في سوريا والعراق واليمن وغيرها؟ أين دموعهم من أيديهم الملطخة بالدماء في حلب وكل أنح…,negative,negative,Negative
: #توصيات_تويتسو | تطبيق يوتيوب الأطفال من جوجل يعرض المقاطع المناسبة لهم فقط🌟🌟🌟آيفون,neutral,neutral,Neutral
: بيب : ميسي أفضل لاعب في تاريخ دوري الأبطال و لا يوجد من هو أفضل منه 👌🏻و يلوموني فيك 😍😍,positive,positive,Positive
: #ايقاف_امداد_مصر_بالنفط'لو نجح الإنقلاب بتركيا لظهر سيسي آخر أرتمى في أحضان إيران وبشار,negative,negative,Negative
: مش عارفة انا بدور ع غوغل لما بحتاج وبعمل كوبي بيستهو وعلم الاردن مش بكي بوردتي,neutral,neutral,Negative
#غوتشي للنساءالسلعة: من حولك🔃الجمال بلا فضيلة كالزهرة بلاريحة.#زد_فرصتك4…,positive,positive,Negative
"""أوباما"": الكونغرس ارتكب خطأ برفضه الفيتو ضد قانون ""جاستا"": قال الرئيس الأمريكي باراك أوباما، إن الكونغرس ارت...",negative,negative,Neutral
#اخبار_مستخبية اهم اخبار المغرب : أبل تكسب معركة ضد سامسونغ بشأن براءات #اخبار_الفن…,neutral,neutral,Neutral
احس بيونسيه الفنانه الوحيده الي تقدر تغني وترقص لايف ذي الايام,positive,positive,Positive
بريطانيا تحظر ساعة “ أبل ” الذكية داخل الاجتماعات الرسمية: حذرت رئاسة الوزراء البريطانية، جميع المسؤولي...,negative,negative,Neutral
📷 سوار أبل واتش الرياضي أبيض اللون للمقاسين ٣٨ / ٤٢ للتواصل والطلبات 🚛📦 ٠٥٥٦٦٢١٢٩٧ /٠٥٦٦٦١٨٠٦٩...,neutral,neutral,Neutral
صحيفة #النبأ خريطة: مساحة احتلال داعش تتقلص بسرعة `,positive,neutral,Neutral
"سبوتنيك: سوريا تتهم السعودية باستهداف مجلس العزاء في اليمن بشكل متعمد: قالت الوكالة السورية للأنباء ""سانا"" إن...",negative,negative,Neutral
في أمازون تلاقينهم كلهم و تلاقين حاجات كثير تجلط مره .,neutral,neutral,Negative
يارب عونك ونصرك ورحمتك قبل كل شيء لسكان حلب ،، يارب ارحم ضعف صغيرهم وشيبة كبيرهم وفجع الثكالى والمقهورين 🙏,positive,positive,Negative
#الاتحاد_برس: بشار الأسد: لن نوقف القصف على حلب حتى يغادرها المسلحون - #Syria_feed,negative,neutral,Neutral
نظام بشار الأسد يستخدم مسلسل (Game of Thrones) الأمريكي لاستقطاب السياح إلى حلب,neutral,neutral,Negative
: الحمدلله على نعمه الاسلام نعمه عظيمه,positive,positive,Positive
: 🔶 السيد نصرالله: الهدف لم يكن في يوم من الايام لا الديمقراطية ولا الانتخابات في سوريا المقصود ان تسقط سوريا وتمزق من.,negative,negative,Negative
للـــــــــــــــــزواج أرمـــــــــــــــلة سورية مقيمة جميلة هادئة حنونة,neutral,positive,Positive
افضل الافلام اللي شفتهم للاشهب حقك كيتس /ماين بريم كي ديواني هون/كابهي غوتشي كابهي قام ، بالذات دوره في ماين بريم جممميلو😍,positive,positive,Positive
روبرت دي نيرو مهاجما دونالد ترامب: كلب وخنزير وغبي,negative,negative,Negative
Gucci _ Gucci هو من أطلق ماركة غوتشي وذلك عام 1906 حيث بدأ بشركة صغيرة تصنع الجلديات ليطلق…,neutral,neutral,Neutral
صندوق التلفاز YOKATV KB2 بنظام أندرويد 6 وجودة 4K - #android,positive,neutral,Neutral
خفي علينا يا بوكيمون قو,negative,negative,Negative
: -النك حقها بنت ذاك الامير ، و ما خلت مسابقةة أيفون ما دخلت فيها,neutral,neutral,Positive
ل لحظة حسيتهم يركضون عشان بيونسيه 🙂🔥.,positive,positive,Positive
: #الصرخي_الأمانة_منهجنا :السيستاني خير من خدم وجود الاحتلال في العراق!!!,negative,negative,Negative
#صحيفة_الوئام ميزة في هاتف غوغل تكشف “ابتزاز أبل” #عاصفة_الحزم,neutral,neutral,Neutral
: جيني أسبر للصدى: أشجع برشلونة .. وميسي أشطر .. لكن رونالدو أحلى,positive,positive,Positive
يجب توحيد جبهات القتال في سوريا وتوحيد أهدافهم لإحتلال دمشق وقتل بشار اﻷسد وبذلك تتوقف روسيا عن القصف وبعد ذلك عمل لجنه لحل خلافات الجبهات,negative,negative,Negative
صورة مسربة لـ ويندوز فون 10 توضح شكل الأيقونات الرئيسية,neutral,neutral,Neutral
: استطاع #القفطان_المغربي الضاربة أصالته في عمق التاريخ بتعدد أشكاله،وألوانه،أن ينال إعجاب أشهر الشخصيات في العالم من بينهم هيل…,positive,positive,Positive
: #مصر_تصوت_للمشروع_الروسيأعلم يـ سيسي أن لدينا حدودا من تجاوزها فقد جلب لنفسه المهالك..,negative,negative,Negative
شرح تثبيت نظام ويندوز 10 (الفورمات) + نصائح مهمه بعد التثبيت |2017|:,neutral,neutral,Neutral
#مليارات_العمره_على_هوى_مصرالشعب المصري النبيل الشقيق صاحب الموافق العظيمة إخوتنا وأشقائناأما سيسي فهو زائل قريبا قريبابإذن الله ...,positive,negative,Positive
: #أردوغان في حضور #بوتين: الأطفال في #حلب ينظرون إلى السماء فيجدون الطائرات تقصفهم للمشاهدة: \,negative,negative,Neutral
: محلل صهيوني: اتفاقية الغاز بين الأردن و(إسرائيل) ستجعلنا نحصل على نحو 10 مليار دولارللحجب:,neutral,neutral,Neutral
تعرف على أسرع هاتف أندرويد في الولايات المتحدة,positive,positive,Neutral
: #إيران.. هجوم جليلي على حكومة #روحاني: أرصدة الثورة او نهابون.,negative,negative,Negative
أسيل الرملاوي:إمبراطورية أمازونaseelalramlawi#الرؤية #صحيفة_كل_الإمارات#الإمارات #أبوظبي #دبي,neutral,neutral,Neutral
رئيس شركة أبل: الواقع المعزز سيصبح أهم من الطعام,positive,neutral,Neutral
ﺍﻵﻥ ﻳﻨﻬﺾ ﺗﺤﺪﻱ ﺇﻳﺮﺍﻥ، ﻭﻓﻴﻤﺎ ﻛﺎﻥ ﺍﻟﻄﺒﻴﻌﻲ ﺃﻥ ﺗﻘﻮﺩ ﻣﺼﺮ ﺍﻟﻤﻮﺍﺟﻬﺔ ﺑﺠﺎﻧﺐ ﺍﻟﺴﻌﻮﺩﻳﺔ، ﺃﺧﺬ ﺍﻟﺴﻴﺴﻲ ﻣﻮﻗﻔﺎ ﺁﺧﺮ ﻻﻋﺘﺒﺎﺭﺍﺕ ﺗﺨﺼﻪ ﺷﺨﺼﻴﺎ ﺃﻛﺜﺮ ﻣﻦ ﻣﺼﺮ ﻭﺩﻭﺭﻫﺎ.,negative,neutral,Neutral
منو هذا بوكيمون,neutral,neutral,Negative
لولا هاري بوتر عليا بس❤️😳,positive,positive,Negative
''إسرائيل'' توقف مخططات البناء الفلسطينية بالقدس#اسرائيل #فلسطين #الاحتلال #السبيل,negative,negative,Neutral
جستن بيبر ؟,neutral,neutral,Neutral
بيكيه يسجل رقم مميز مع برشلونة في التمريرات الناجحة -,positive,positive,Positive
: فيديو..أنظروا كيف زرعت #إيران الطائفية في #العراق؟..الأذن تقطع والنفط يسرق!#بغداد_بوست,negative,negative,Negative
: الآن يمكنك الحصول على واجهة #أندرويد نوجا 7.1 قبل الإعلان عنه,neutral,neutral,Neutral
#اليمنية| #أوباما يتوقع إرسال #بشر إلى #المريخ بحلول العقد الثالث من القرن,positive,neutral,Neutral
لا ابوك لا ابو من علمك اللعب بالاسواق.داعش,negative,negative,Negative
هذا التسجيل من العراق شفته قبل سنوات...,neutral,neutral,Neutral
: يشهد رمضان جوا حارا في غالب البلدان،يخففه عظيم ثوابه وجزيل أجرهقالﷺ:من صام يوما في سبيل الله،بعد الله وجهه عن الن…,positive,positive,Positive
أوباما غير راض عن قدرات الجيش الأفغاني الرئيس الأمريكي باراك أوباما أن الجيش الأفغاني صار ينفذ المهام الموكل…,negative,negative,Neutral
: العبادي رئيس وزراء العراق ويمثل دولة العراق أمام دول العالم وأي إهانة له فهي إهانة للعراق وشعب العراق.#العبادي_يمثل_العر…,neutral,negative,Positive
": #فيدرر :""الحافز لدي اقوى من اي وقت مضى..و اتطلع للمشاركة في #استراليا_المفتوحة ""#Federer #RogerFederer",positive,positive,Positive
#مدار_اليوم: بعد الابادة بشار الأسد يفضل الاتفاقات المحلية لتهجير السكان - #Syria_feed,negative,negative,Neutral
"بعد ارتفاع اسعار السجاير ""بيبحث في جوجل بردو "" (كيفية تحويل السجاره الكلوباترا الي سجاره LM احمر ) 😥",neutral,neutral,Negative
: #أبل تكسب معركة بـ 120 مليون دولار ضد #سامسونغ بشأن براءات,positive,neutral,Neutral
مدافع برشلونة يطلب الرحيل في أقرب وقت,negative,neutral,Neutral
شف سلسله هاري بوتر,neutral,neutral,Neutral
تشاريزارد أفضل بوكيمون عندي كله يحب ينام 😂,positive,positive,Positive
. لا حشا الله منكم انتم صهاينه انتم العن ماخلق الله وقسم بالله الايام القادمه ايام سود على السعوديه منبع الارهاب,negative,negative,Negative
: وصلة #جوجل المحولة من USB-C الى HDMI ما تشتغل على أجهزة البكسل و البكسل XL. #تقنية,neutral,neutral,Neutral
: - دخل ضد تايلاند وتسبب ببلنتي الانتصار .- دخل ضد العراق وانقذ هدف محقق 100٪ .- دخل ضد الامارات و فك المباراة بصاروخية . ي…,positive,positive,Positive
: روبرت دي نيرو يدمر دونالد ترامب في أقل من دقيقة!,negative,negative,Neutral
#جمله_من_معلق_رسخت_ببالك حطها ف شبكة ، قطع الشبكة، جيبها من الشبكة يا ايكر، تعليق عصام شوالي ف ضربة سد لميسي على ريال مدريد🙊.,neutral,neutral,Negative
: #الطايف_الان تذگـير غدا يجتمع فضل صيام الاثنين وتاسوعاء (افضل الصيام بعد شهر رمضان شهر الله المحرم ) فاغتنموا الفرصة الجو با…,positive,neutral,Neutral
: امريكا هي راعية الارهاب .وتحالفها الدولي لضرب داعش انما هو لدعم داعش وكبيرتها السعودية العالم يعرف…,negative,negative,Negative
: #الأسد: يستبعد حل #الأزمة_السورية قريبا(المرتبطة بالخارج) أما (المرتبطة بالداخل)قال عنها يمكن حلها خلال بضعة أشهر.,neutral,neutral,Neutral
: الله يرحم شهداء العراق 💔حشركم الله مع الحسين واهل بيته الاطهار #ليله_العاشر,positive,positive,Positive
: ياو روح تقود يا بوكيمون انت وامم المتحدة انتم سبب ما يحدث باليمن و ذنب كلبكم النجس المجراب ربي ينصر اليمن على بني جربون…,negative,negative,Negative
سالي غوغل,neutral,neutral,Neutral
شمعة الكترونية لمستخدمي أجهزة أبل,positive,neutral,Neutral
فيديو: داعش تمثل تنحر الضحايا بإستديو تلفزيوني . -,negative,negative,Neutral
عروضات امازون المؤقته للساعات النسائية تجدونها هنا:,neutral,neutral,Neutral
ابطال الجيش السوري النصر لهم و لقائدهم الزعيم بشار اﻷسد,positive,positive,Positive
"بالفيديو.. عضو بالغرف السياحية عن فرض السعودية 2000 ريال على العمرة:""جزية لدخول الحرم""",negative,neutral,Neutral
: وزارة الدفاع الروسية: أكبر مناورة عسكرية مع مصر لمكافحة الارهاب منتصف أكتوبر الجاري via,neutral,neutral,Neutral
: ميسي يحتفل مع هدف صديقه فهد بسيلفي فخم✌️,positive,positive,Neutral
: #فيديو | استياء واسع في #أمريكا من دونالد #ترامب,negative,negative,Neutral
مقيمــــــــــــة ترغب فى زواج مــــــــــــــــسيار,neutral,neutral,Neutral
#قروب_المحبه_والموده#قروب_فيدرر_للدعمسقى الله أجـساد المرضى عـافيه ؛ وقبور المـوتى رحمة واسـعه ..,positive,positive,Positive
رساله السيسي يبقى سيسي وانت المرة الجاية صور السيسي من الخلف وقدام عريات تحب تصوير الخوازيق انت🚀🚀,negative,negative,Negative
: يا سيسي صفي نيتك لكي تساعدك الدول التي لها مباديء وقيم إنسى امريكا والسعوديه وإسرائيل فضررهم على بلدك يتجاوز نفعهم إن…,neutral,neutral,Negative
يالله و اخيرا قد ايش اشتقت لسلسله هاري بوتر 😍😭,positive,positive,Positive
: انا من شفته مسوي يمون على ميسي وانا خايف منه,negative,negative,Negative
#نصر_الله: #سورية هي العقد الأساس في محور المقاومة ||,neutral,neutral,Neutral
إنفوغرافيك.. أبل تتصدر قائمة أعلى الشركات قيمة,positive,positive,Neutral
: #أردوغان للعبادي : نحن سنفعل ما نشاء، وعليك أن تعلم ذلك، وعليك أن تلزم حدك أولا😂😂وين الحشد الشعبي الجحش,negative,negative,Neutral
: #جمعية_سفير | #الإنتخابات_الأمريكيةتحت هذه التغريدة ..تغطية حصرية للمناظرة الرئاسية الأمريكية الثانية بين دونالد #ترامب و…,neutral,neutral,Neutral
يخي ويندوز 10 عنجد فخم 👏👏,positive,positive,Positive
: طنط منى بتاع المنوفيهنووووو اوباما سيسى يسمعلش من المنوفيه ههههههههههه,negative,negative,Negative
طلبت هارديسك خارجي من امازون (52$)و جاني ذا الشي...,neutral,neutral,Neutral
ولاية #البركة صحيفة #النبأ مدارس منبج تفتح أبوابها من جديد بعد تحريرها من داعش ~,positive,positive,Neutral
: اكثر من 30 غارة جوية من الطيران الروسي على عدة احياء مدينة حلب وسقوط 30 شهيدا و 60 جريحا ! ومازال الدفاع المدني يعمل على ان…,negative,negative,Negative
: مستشار المرشح الجمهوري للرئاسة الأميركية يؤكد أن دونالد #ترامب لن ينسحب من سباق الرئاسة#أخبار_الآن,neutral,neutral,Neutral
عششششق بيونسيه .. احب جنونها على الاستيج ,positive,positive,Positive
ويندوز 10 بيعمل تقريبا كل حاجه بمزاجه والموضوع مخيف,negative,negative,Negative
: إيران تكمل فتح ممر إلى البحر المتوسط عبر العراق وسوريا#إيران #سوريا #العراق #العرب,neutral,neutral,Neutral
عاجل اليمن - تعرف على أسرع هاتف أندرويد في الولايات المتحدة - عاجل اليمن - تعرف على أسرع هاتف أندرويد في الولاي...,positive,positive,Neutral
تكلفه الحج فى مصر خمسين ألف جنيه فى حين ان الرواتب لا تتعدى ألفين يعنى اللى جاى يحج أو يعتمر موفر من اكله علشان فريضة ربناولا سيسي ولا,negative,negative,Negative
في هيلاري كلنتون 😹😹😹😹😹,neutral,neutral,Neutral
: #مشهور_يستاهل_الشهره الساحر السويسري روجير فيدرر 🎾👌,positive,positive,Positive
: آيفون 7 يعاني من 7 عيوب مزعجة وصادمة للمستخدمين ! #آيفون7,negative,negative,Negative
ليش 😞😞طيب ادخل ع غوغل تلاقي بي,neutral,neutral,Negative
: #أرامكو السعودية توقع مذكرات تفاهم مع 18 شركة تركيةلتمكينها من المشاركة في مناقصات أرامكو والعمل في السوق السعودية,positive,neutral,Neutral
إسرائيل تعلن عن إغلاق شامل للأراضي الفلسطينية رام الله في 10 أكتوبر /قنا/ أعلنت سلطات الاحتلال الإسرائيلي عن فر…,negative,negative,Neutral
ماشي يا سيسي,neutral,negative,Positive
حميل ويندوز 7 و 8.1 و 10 النسخة الاصلية و النهائية من مايكروسوفت بشكل قانوني وبروابط مباشرة...,positive,neutral,Neutral
: اللهم لا ترحم كل من ساهم بإيذاء اطفال سوريا اللهم عذبهم بالدنيا قبل الآخرةيا نجس تصوت لاستمرار ضرب الاطفال,negative,negative,Negative
الأسد يتعهد باستعادة المناطق الخارجة عن سيطرته: تعهد الرئيس السوري بشار الأسد باستعادة مدينة حلب وكل المناطق ...,neutral,neutral,Neutral
: تخطط #جوجل لنشر بالونات ذكية وطائرات بدون طيار لتبث إنترنت بسرعة 5G أسرع من السرعة العادية ب 40 مرة.,positive,neutral,Neutral
: معمم كشف اللثام عن الديانه #الشيعيه الرافضيه👌 بلاتقيهيقول ليس منهجنا القرآن نحن كالبوذيين والمسيحيين👌♦️#العراق #بغداد #البص…,negative,negative,Negative
#متابعات : موجدة جديدة من المهاجرين من ذوي الخلفية اليهودية تبدأ من أثيوبيا إلى ف... #الميادين #يكفي,neutral,neutral,Neutral
: ياخ زمان كنت بكره جستن بيبر كره هسي تقريبا بسمع ليهو اكتر شي !!!بقى بعيد شديد ياخ الجنى دا,positive,negative,Negative
سد خرقك.داعش,negative,negative,Negative
: #سوريا :الجيش السوري الحر يسيطر على قرى براغيدة والشيخ ريح والبل وجارز بريف حلب الشمالي بعد معارك مع تنظيم داعش,neutral,neutral,Neutral
: في بوكيمون جوه بدور عليه 😂😂😂,positive,positive,Negative
": #المرصد_الايراني#الأخبار | واقع البطالة وتانمي معدلاتها في إيران بلا حلول""ترجمة خاصة""",negative,negative,Neutral
: يبي يقول عنده ايفون,neutral,neutral,Neutral
: الكاسير: ميسي لاعب رائع جدا ، وقد فاجئني كشخص انه مثال للتواضع,positive,positive,Positive
أنت من يدعي أن الرجل لم يسيء للنبي صلى الله عليه وسلم، فأحضر أنت المقطع كاملا لتثبت ما تدعيه. #داعش,negative,negative,Negative
باراك أوباما وما سيترك من إرث ؟ via,neutral,neutral,Neutral
👍🏼من جد غوتشي وفندي خطيرين هالموسم,positive,positive,Positive
: صح النوم كم مرا قلنا لكم بان اردوغان رجل واطي ورجل تجاري فقط,negative,negative,Negative
فيدرر ونادال خارج التوب ٤ في التصنيف العالمي للتنس لاول مرة من ٢٠٠٣نهاية النجمين وبداية تنافس يديد بين جوكوفيتش وموراي,neutral,neutral,Neutral
دخلت غوغل طلع كلامك عدل 🌹🌹🌹,positive,positive,Positive
#مصر_لن_تركعربنا يعوض عليك يا سيسى فى واحدة من الدول اللى كانت بتدعمكالرز خﻻص بح يا سيسو,negative,negative,Negative
انتشر هذا الفيديو في القروبات وهو عبارة عن حمالات لنقل الاثاث بفكرة رائعةوهذا رابطها على #امازون وشحن مباشر…,neutral,neutral,Positive
عراف ممانع يتنبأ بانتصار #بشار_الأسد وعودة جيشه الى #لبنان! #سوريا,positive,neutral,Negative
: #ايقاف_امداد_مصر_بالنفطمصر تعرض فيلما إيرانيا أنتجه الحرس الثوري الإيراني يمجد المجرم الإرهابي قاسم سليماني !وش بقى ما ظ…,negative,negative,Negative
(ونادى أصحاب الأعراف رجالا يعرفونهم بسيماهم قالوا ما أغنى عنكم جمعكم وما كنتم تستكبرون) [الأعراف:48] #ريال_مدريد,neutral,neutral,Negative
": #المرصد_الايراني#اقتصاد | إيران وتركيا توقعان تعاونا مشتركا لإنشاء محطة لمعالجة المياه""ترجمة خاصة""",positive,neutral,Neutral
: ليسمعها #العالم أن كل سلفي يبغض #الإخوان_المسلمين و #خليفتهم أردوغان لمنهجم #الفاسد ومع هذا لم نجيز #الثورة عليهمايام حكم #…,negative,negative,Negative
غوغل تتحدى أبل وأمازون بأجهزة جديدة,neutral,neutral,Neutral
ملوك الاناقه والفخامة طبعاا قميص غوتشي لابس تاي تاي😊😀😀,positive,positive,Positive
مجرد انك ماسك منصب او مكانة بالمجتمع لايعني ان ماتقوله صحيح، هذا دونالد ترامب مرشح للرئاسة وهو متخلف وقذر، فلا نقدس كلام احد ونصدقه,negative,negative,Negative
: Eim:احب اخبالج 💙💙واحب لما تفصلين بالسناب وتحبين جستن بيبر وربعه والكتب عالمج الثاني وبس والله ايلافيو 💙💙,neutral,positive,Positive
ساوند تراك هاري بوتر و مقدسات الموت يفوز بـ احمل ساوند تراك على الاطلاق بعد قيم اوف ثرونز 💛💛,positive,positive,Positive
هيلارى كلنتون تقترب من السبعين .يعنى هى ف عز شبابها ياصغنن,negative,negative,Negative
مجلس الأمن يقر هدنة سورية... و«فيتو» روسي على الطلعات,neutral,neutral,Neutral
قال البيت الأبيض ، أمس الخميس، إن الرئيس الأمريكي، باراك أوباما ، خفف أحكاما بالسجن بحق 102 من المدانين الذي ...,positive,positive,Neutral
: المندوب المصرى ابدى أسفه ازاء عجزمجلس الأمن عن اتخاذ قرارات فاعلة لرفع المعاناة عن الشعب السوري والقضاءعلي الارهاب نتيجة ا…,negative,negative,Negative
: شاركونا هاشتاغ #اللافندر_الورديوادخلو السحب على #ايفون_7 والعديد من الخصومات ..لأنك #أنت_الحياة نحن معك ضد #سرطان_ال…,neutral,positive,Positive
لماذا يدعم أوباما دخول ابنتيه الجيش الأمريكي!: المواطن – وكالات دعم الرئيس الأمريكي باراك أوباما، الأربعاء،...,positive,positive,Neutral
: وسط تراشق.. إردوغان للعبادي: من أنت؟ اعرف حجمك,negative,negative,Negative
ما تغير شي بالعكس شالوا أشياء مهمه 😒 اممممم جوجل بكسل فيه شيئين رئيسيين عنه (أفضل وأسرع اداء ، وأفضل دعم وأسرع تحديثات),neutral,neutral,Negative
قال صلى الله عليه وسلم: «أقرب ما يكون العبد إلى ربه وهو ساجد، فأكثروا الدعاء» [رواه مسلم]. #ريال_مدريد,positive,positive,Positive
: ضيوف الابراشي السنه والشيعه الاتنين عار علي الاسلام منتهي الكره لبعض واصوات عاليه وهمجيه الست اتصلت الشيخ كان بيشرشح لها…,negative,negative,Negative
: اي شخص كاتب جنب اسمه راح نفلسكم يسويلي رتويت فقط وراح اسوي له متابعه لو انه اوباما براسه ..... #اليوم_الثاني_عشر_راح_نفل…,neutral,negative,Negative
اول مرة اشوفه امبارح لطيف، فكرة مسلسل ونوس اللي كان في رمضان,positive,positive,Positive
": اعتراض صاروخ باليستي ""حوثي"" جنوبي #السعودية | #سكاي_أخبار",negative,neutral,Neutral
مع ميسي فازوا على متصدر المجموعه ،بدون ميسي حتى اخر منتخب في المجموعه تعادلوا بصعوبه مانختلف وجود لاعبين كبار لكن مع المنتخب لاشيء,neutral,negative,Mixed
سبحان الله وبحمده #ريال_مدريد,positive,positive,Positive
أزمة دفاعية معقدة تضرب برشلونة,negative,negative,Negative
بوتوكي لا احسن قل يا بوكيمون 🍾😂,neutral,neutral,Negative
فيدرر ونادال عندك خير مثال وقدوة حققوا الرباعية فيدرر ٢٠٠٩ ونادال في ٢٠١٠، اكتفوا بعدها؟ لا واصلوا المسيرة، رغم الصعوبات اللي واجهوها,positive,positive,Positive
لا احا بجد يا سيسي موصلتش لكده,negative,negative,Negative
": #المرصد_الايراني#اقتصاد | تركيا توقف إستيراد الكهرباء عبر إيران""ترجمة خاصة""",neutral,neutral,Neutral
: معادله بسيطه يجب أن تفهمها.سقوط سوريا يعني سقوط مصر يعني سقوط السعوديه .ما فعلته مصر صائب ١٠٠٪الأمن القومي المصري = الأمن…,positive,positive,Mixed
أيها الملحد، لو نمت وحلمت بأن الإسلام سينتهي فعليك أن تصحو من نومك وتعتذر. #زواج_مسلمه_بملحد,negative,negative,Negative
و أوباما و بوش؟؟,neutral,neutral,Neutral
غوتشي فلورا الأسود فخم 💕💕💕💕,positive,positive,Positive
: أردوغان يعزي بذكرى إستشهاد الحسين عليه السلام لن تنطلي مثل هكذا ألاعيبالتي تريد أن تبين فيها أنك لست بطائفي,negative,negative,Negative
بشار الأسد في حوار الـ33 سؤالا: المعارضة المعتدلة خرافة.. وجبهة النصرة منصفة دوليا كمنظمة…,neutral,neutral,Negative
موفق ياكابتن يا اياد .. نشوفك تعلق على فيدرر في الموسم القادم بإذن الله ❤️,positive,positive,Positive
: سيانوجين لن تطور رومات أندرويد بعد الآن,negative,negative,Neutral
#العربي_الجديد حكومة الأسد تدعو لخصخصة الشركات الخاسرة: أعلنت وزارة الصناعة في حكومة بشار الأسد، أن... #لندن,neutral,neutral,Neutral
: انثر عبيرك في الأجواء واجعله مصدر جاذبيتك مع عطور غوتشي، دولتشي آند غابانا، غيس، بلغري وأكثر >,positive,positive,Positive
غوتشي ام جيفنشي! هيا ابتعدي هناك,negative,negative,Negative
وهب البويضات.. علاج جدلي للعقم في إيران,neutral,neutral,Negative
: #احلي_عطر_تنصحنا_فيه باي غوتشي,positive,positive,Neutral
: الطائرات الروسية تحرق الاخضر واليابس والجنود الروس يسرحون ويمرحون في شوارع حلب المحتلة ومدن اخرى لأنهم يشعرون بالامان!!,negative,negative,Negative
: #عاشورا_للصيام_وليس_للبدع اعرف ناس رمضان ماتصومو وداخله هناتتريق عالمذاهب والعقائد مين انتم؟ ترا كلنا تحت رحمت الله شئتم ام أبي…,neutral,neutral,Negative
المزاج الان يحتاج مباراة لروجر بمستوى 2007 بصوت الكابتن عادل يا محلااااته😍 رووجر فيدرر ولاااا غيره 😴,positive,positive,Positive
أنت لاتحب السعودية ولاشي وعارف إن الوهابية منبع الأرهاب .لكن جاءت تلاقي مصالح معها السعودية تحارب علي صالح والحوثي…,negative,negative,Negative
: #مايكروسوفت تبدأ بطرح التحديث السنوي لنظام #ويندوز_10 للهواتف#الاخبار_التقنية,neutral,neutral,Neutral
ابييييي ايفففففففونننن ياملاااااااكككك😭😭😭😭,positive,positive,Negative
: رؤيتي لما يجب ان تفعله #السعودية في مواجهة الغدر,negative,negative,Positive
لعبة #بوكيمون_جو تحصل على تحديثات جديدة#الاخبار_التقنية,neutral,neutral,Neutral
: #تكفي_يابو_فهد_نحتاج_للهييهرحم الله أسدالسنه الامير نايف بن عبدالعزيز واعز الله الاسلام والمسلمين ب الملك سلمان,positive,positive,Positive
: #مصر_لن_تركعلانها نايمة شويةمش حتفوق الابالثورة#وتركع_شكرا_لله#ارحل_يا_سيسي,negative,negative,Negative
: الناس دلوقت منقسمه ل3اقساميابتتجوزيابتفرح بالنتيجهيابتلعب بوكيمونوانت بقي بتعمل ايهلاانا هدفى أكبر من كده بكتيرب…,neutral,positive,Negative
#افضل_طقم_لروجر_فيدرر نهائي الماسترز 2012 للاسف ماعندي صوره 😬,positive,positive,Negative
: #نص_يوم_نادين_نجيم #نص_يوم 😭 ندوونتي عم تبكي😭😭😭😭 يارب الله ينتقم من جابر ههههههه من رمضان و انا بدعي عليه htt…,negative,negative,Negative
اهم شيء الامانه وماتكونين غاشة من جوجل؟,neutral,neutral,Negative
طريقة تعطيل اي زر في لوحة المفاتيح على نظام ويندوز ومنع المتطفلين,positive,neutral,Neutral
: #JASTA#قانون_جاستاتركيا صانت وحفظت الدين والأخوةأما مصر لم تصون المال والرز رغم الدين والصلة#في_بلادي_يوجد سيسي,negative,negative,Negative
تطبيق قياس سرعة الإنترنت متاح الآن على ويندوز 10,neutral,neutral,Neutral
لبا الناس الذويقه ابو صطيف وياسر ، عاد على البلوفر اللي كان معاه حكايه ثااانيه#افضل_طقم_لروجر_فيدرر,positive,positive,Negative
: مفتي مصر علي جمعة: #اردوغان قرد مضحك #erdogan_is_isis,negative,negative,Negative
شركة أبل : الواقع المعزز سيصبح أهم من الطعام في المستقبل عبر,neutral,neutral,Neutral
"""أبل"" تكسب معركة قضائية ضد ""سامسونغ"" ""أبل"" فوزا غير متوقع على ""سامسونغ""، مع إعادة محكمة استئناف أمريكية فرض…",positive,positive,Neutral
في ذكري مقتل «الدرة».. إسرائيل تتنصل من قتله علي يد جنودها,negative,negative,Negative
: #مسابقة_مصنع_الحميدانسؤال المسابقه 2 👇🏻كم عدد الوان المكعب الذكي ؟السحب على ايفون 7 بالتوفيق للجميع 🌹 فولو + رتويت,neutral,neutral,Neutral
انا ما طلبت من امازون + تقدر ترسل من امازون لسعوديه مباشره عن طريق البريد السعودي دون الحاجه لوسيط .,positive,neutral,Neutral
: كلام فارغ سمعناه الف مرة وخطوط اردوغان الحمراء اصبحت كقوس قزح يتغير لونها حسب اوامر امريكا وما احداث سوريا عليكم ببعيد. htt…,negative,negative,Negative
جاكيت غوتشي وجاكيت غوتشي غبانا,neutral,neutral,Negative
: #غوغل تتحدى أبل وأمازون بأجهزة جديدة,positive,positive,Neutral
: الشيخ عبدالعزيز الطريفي :عبدالفتاح السيسي ظالم مجرم مستبدانقلابه لم يكن سياسيا بين طرفينبل هي حرب على الإسلام,negative,negative,Negative
رفض الكونجرس الأمريكي بأغلبية ساحقة يوم الأربعاء الفيتو الذي استخدمه الرئيس باراك اوباما ضد تشريع يتيح لأقارب...,neutral,neutral,Neutral
نفتخر بيك يا سيسي يا نور عيني نفتخر بيك ياااا رئيسنا يا غالي ❤🌼❤🌼❤🌼❤🌼❤,positive,positive,Positive
ليش سلمان ما أعلن الحداد كمان كلكن اخرا من بعض..وحدو الدكتور بشار اﻷسد يلي اعاد كرمات الشعب العربي,negative,negative,Negative
: وخوذة VR للواقع الافتراضي من #غوغل #Daydream سعرها 70$ بعدة ألوان من تلبيسة قماشية رمادية أو قرمزية أو فضية #MadeByGoog…,neutral,neutral,Neutral
مدينه يعشقهاالسياح لوجود أعلى قمة uk بن نفيس أيضا قطار هاري بوتر وتلفريك ليست مدينة تسوق طبيعة ساحرة سكانها ودودين بسطاء,positive,positive,Positive
الجزء الخامس في هاري بوتر معجبنيش السؤال هنا اكمل للاخر ولا هيبقوا زى الخامس 😕,negative,negative,Negative
هذي تباع في امازون !!,neutral,neutral,Negative
"يا أخ ماهر أنا أحب فيروز و لكن لم أفكر يوما بعمل سيرش بإسمها،لقد تعديت مرحلة ""جمهور""لمرحلة فانز جستن بيبر،و هي لعمرك مرحلة👎🏼",positive,positive,Mixed
الزم حدك قاردوغان لاتلعب بالنار لاتحرك اصابعك#العبادي_يمثل_العراق,negative,negative,Negative
#قمر: على خطى #جينيفر_لوبيز و #بيونسيه,neutral,neutral,Neutral
ويندوز 10 احسن من 8 و 8.1 بكتير,positive,positive,Positive
لا حجيه بلاشعائر بلا بطيخ هذا يسمونه شوو وتشويه صورة الاسلام وبعذ في ايه ماقدر احرفها تقول ايذاء النفس حرام ماني ذاكر الايه,negative,negative,Negative
: ماذا رد سيسي 😂😂,neutral,neutral,Neutral
اغنية بيونسيه ليسن مب راضيه تطلع من راسي جي فجأة قمت اغنيها وبلعومي عورني من الصوت الخايس اسف بيونسيه,positive,negative,Negative
: #فيديوتصوير جوي عالي الجودة يظهر الدمار الهائل في #حلب نتيجة قصف الطيران الروسي والنظام السوري#سوريا#السعودية,negative,negative,Neutral
: تزامننا مع اقتراب عرض فيلم Fantastic Beasts شركه الكويتيه تعلن عن اعادة عرض اخر جزئين من هاري بوتر بتقنيه…,neutral,neutral,Neutral
: - الظاهره رونالدو حقق الكره الذهبيه مع ثلاث انديه مختلفه ( انتر ، برشلونة ، ريال مدريد ),positive,positive,Neutral
شاهد بالفيديو أوباما يمضغ العلكة ويسحبها من فمه في حضور رئيس وزراء الهند!,negative,neutral,Neutral
غوتشي 💕,neutral,neutral,Positive
اللهم إنك رزقتنا الإسلام من غير أن نسألك فلا تحرمنا الجـنة ونحن نسألك .. آمين,positive,positive,Positive
"أخبار رياضية : فيروس ""الفيفا"" يصب نجما آخر من برشلونة - أكدت صحيفة ""ماركا"" الإسبانية أن...",negative,negative,Neutral
ڤالنتينو كيوت وناعم. الباقيين ما أخسر فيهم ريال قديم 😳تحديدا غوتشي ! ماهذا يا بيونسيه ؟,neutral,positive,Positive
ترا انا خلاص بخرج من الفاندوم خلاص برجع احب جستن بيبر,positive,negative,Positive
": #المرصد_الايراني#الأخبار | الكونغرس يشرع برفض عضوية إيران في منظمة التجارة العالمية""ترجمة خاصة""",negative,negative,Neutral
: اللهم امين ربنا ينصرنا علي منبطحين اردوغان,neutral,neutral,Mixed
: والتأكيد على اللحمة العربية ونبذ الإرهاب والتطرف، والوقوف بجانب اليمن الشقيق في أزمته السياسية،#كلنا_فدا_لك_يا_سلمان_الحزم,positive,positive,Positive
جوجل لازم تشوف لها حل مع كثرة الشاشات في الأندرويد .. على الأقل يسوون زر لو ضغطت عليهيسويلي layout لكل الشاشات أما كذا الوضع لا يطاق !!,negative,negative,Negative
#فيدرر سيكون في دبي نهاية العام لذلك واقعيا يمكن له ان يلعب في مبادلة خصوصا انها تنتهي 31/12 في حين ان اول مباراة ل…,neutral,neutral,Neutral
عن ابن عمر رضي الله عنهما عن النبي صلى الله عليه وسلم قال: [ اجعلوا في بيوتكم من صلاتكم ولاتتخذوها قبورا ] #ريال_مدريد,positive,neutral,Neutral
فلسطين اليوم – عقدة إخفاق إسرائيل بحرب أكتوبر: الموساد يتهم “أمان”,negative,negative,Negative
: وصول المجموعة الأولى من المهاجرين الإثيوبيين إلى إسرائيل,neutral,neutral,Neutral
راسي يعورن ابي ايفون ٧,positive,positive,Negative
: أعجبني فيديو على قطيش: قتلة حلب يستنكرون مجزرة صنعاء,negative,negative,Negative
: Wow WTF حسبته جستن بيبر🙂😂,neutral,neutral,Neutral
: آتعلمون!!سينتهي الحصاروسيفنى الاستعمارسيعود لنا السلامويرفرف بأوطاننا الحمامهو الله من سيفعلصباح التفاؤل#فلسطين#سوري…,positive,positive,Positive
: د. محمود رفعت: قرار السعودية وقف امدادات مصر بالمساعدات البترولية يؤكد أنها خسرت رهانها على السيسي,negative,negative,Neutral
: الفنانة القديرة: حياة الفهدفي مشهد درامي من فيلم #هاري_بوتر 😊,neutral,neutral,Neutral
فرص دي بروينه تزداد للمشاركة أمام برشلونة,positive,positive,Neutral
كارثة/اوباما يطالب السيسى تسليمه وثيقة بيع سينا للإعتراف بعزل مرسى' via بينما ومصر تصر علي عرضهاعلي الشعب,negative,negative,Negative
سورية: لافروف وظريف يدعوان لحل سياسي ونصرالله يستبعده,neutral,neutral,Neutral
اخبار الدوري الاسباني - توران: توصلت بعرض بقيمة 50 مليون وهذا رد برشلونة,positive,neutral,Neutral
: #بغداد_بوست #سوريا #اليمن#ميدل_إيست_آي: لماذا تمول #إيران الميليشيات في الوطن العربي؟,negative,neutral,Neutral
يحق لك يالمولد تشوف ميسي بنص عين 😂,neutral,positive,Positive
: يارب إنهم عبادك ليس لهم سواك يالله يارب لاتنسوهم من دعائكم #حلب,positive,positive,Positive
: عجبا لمن خرج على فساد مبارك ويمتنع عن الخروج على القتل والاعتقال والفساد والتقشف والكساد والتردى#ثورو #سيسي_تاني_لا,negative,negative,Negative
تعرفي على حذاء #غوتشي الذي يجمع بين الكعب العالي والمسطحعبر الرابط,neutral,neutral,Neutral
طيب كلام جد ... ليه جوجل بقى احسن من ياهو ك website يعني ؟؟,positive,negative,Negative
": حنان الفتلاوي تدعو اردوغان للتهيؤ لاستقبال جنوده بـ""توابيت خشبية!!الصفويين يغضون الطرف عن الوجود الايراني ويغضهم تدخل تر…",negative,negative,Negative
اخترنا لكم ::: انفصال أنجلينا جولي عن زوجها يسحق الجنس في غوغل,neutral,neutral,Negative
قال النبي صلى الله عليه وسلم الإسلام أن تعبد الله ولا تشرك به شيئا وتقيم الصلاة وتؤدي الزكاة المفروضة وتصوم رمضان - صحيح البخاري ﷺ #ﷺ,positive,positive,Neutral
": وهو عالق تحت الانقاض بجانب جثمان أخيه يحالون اسعافهوكأن حال لسانه يقول أنا الذي أموت لا أنت ""تعجز الكلمات عن وصف معانات…",negative,negative,Negative
بالفيديو: #باراك_أوباما نسى شيئا وركض خلفه #الجرس,neutral,neutral,Neutral
: *الحمدلله على كل حالاللهم اجعلنا مثل الذين ذكرتهم { وجـوه يومـئذ ناعمة ¤ لسعيها راضية¤ في جنة عالية}#قروب_خواطر_للدعم#قر…,positive,positive,Positive
القائل هو ممثل دور هاري بوتروللأسف ليس اهلا لقول الحكم,negative,negative,Negative
: في معرض فرص العمل فن من فنون جذب العمالة .. كما لو كنت مع شركة غوغل في سابق عهدها #د_عمر_المحمد #تدريب #استشارات #ت…,neutral,neutral,Positive
: #الأرجنتين من غير ميسي مو مترقع 😏,positive,neutral,Negative
#العربي_الجديد الكابوس الروسي في سورية: انطلقت السياسة التي اعتمدها الروس من عدة أمور، أولها استه... #لندن,negative,negative,Negative
: ١-متابعه ٢-ريتويت ٣-التوقع الصحيح مع مسجلي الأهداف داخل الهشتاق #مسابقه_عزوبي_فاصل الاول : ٥ آلاف الثاني : ايفون ٧ #السعو…,neutral,neutral,Neutral
سكايب يطلق نسخة على نظام ويندوز 10 للهواتف الذكية,positive,neutral,Neutral
يعني احنا نخلص من حرب داعش وانطب بحرب وي تركيا للاسف الحروب تتبعنا بكل مكان مافي يوم العراق يضل بدون حرب الله يلعن الأتراك,negative,negative,Negative
: من امبارح مستنية المنشن دا لول انا زي ما قالت شيماماندا عن بيونسيه her type of feminism is not mine 😂,neutral,positive,Positive
أندرويد 7.0 (نوجا) يصل أخيرا إلى Nexus 6 مع تحديث أكتوبر الأمني #امل_عباس,positive,positive,Neutral
: كيف وبأي عين ستظهر زوجة وابنة #ترامب لمساندته ودعمه مجددا في حملته الانتخابية مع هذا الفكر المريض الذي يحمله عن المرأة.…,negative,negative,Negative
Liked on YouTube: جالكسي اس 8 وتسريبات مهمة | جوجل تنافس ابل | تسعة مبتكرين عرب | #نشره_تك 103,neutral,neutral,Neutral
أبل تخطط لتوحيد خدماتها في منصة سحابية واحدة,positive,positive,Neutral
: ليست منحوته في الرخام أو تماثيل..إنهم أطفال سوريا تحت الركام أين انتم يا رؤساء و ملوك العالم يا من تدعون حقوق الإنسان!؟…,negative,negative,Negative
مقتل 17 من داعش بقصف بطائرات عراقية #ولاية_دجلة ;,neutral,neutral,Neutral
: الإسلام جاء بإصلاح الدين والدنيا، قصره على الدين إفساد للدنيا، وقصره على الدنيا إفساد للدين .,positive,positive,Positive
"عمره ٧ سنوات ويقول ""اكره ايفون ٦ دايما يعلق ما احبهحبيبي انا يوم كنت بعمرك امي اشترت لي مسطره اللي فيها مويه ونجوم كسرتها وشربت المويه",negative,negative,Negative
ما رأيكم في خروج فيدرر و نادال من التوب 5 لأول مرة من 13 عام؟! هل هي نهاية جيل عظيم؟ و شكرا لكم #beinmatchpoint,neutral,neutral,Positive
: #افضل_طقم_لروجر_فيدررالابيض الملكي👑اصلا الفخامه ان روجر لابسهم😜👑❤😌👌,positive,positive,Positive
صور للدمار الذي خلفه قصف طائرات العدوان الروسي اليوم على حي بستان القصر في #حلب.#HolocaustAleppo #حلب_تباد,negative,negative,Negative
"#الرياضة مهدي علي مدرب المنتخب الإماراتي يكشف سبب الخسارة من السعودية: قالت صحيفة الجزيرة السعودية ""بارك المد...",neutral,neutral,Neutral
: #نجاح_الحج1437ه | النجاحات #السعودية المتوالية في تنظيم #الحج تلجم أفواه المشككين,positive,positive,Positive
: مررررهكنهم مسرحية خزلبه تافهه!اتوقع ان الانتخابات شكليةاوباما بيخلص رئاسته مافلح بشي!,negative,negative,Negative
: #اغبي_سوال_كتبته_بقوقل #معلومة حوالي 16% من عمليات البحث التي تتم على موقع جوجل، تتم لأشخاص لم يعرفهم جوجل من قبل@6Badr6…,neutral,neutral,Neutral
دبي تستضيف «برولايت آند ساوند» 31 الجاري——————————-دبي:«الخليج»أعلنت «ميسي فرانكفورت الشرق الأوسط»، عن إطلاق...,positive,neutral,Neutral
#البرلمان | الاحتلال ينصب عشرات الحواجز العسكرية في القدس المحتلة,negative,negative,Neutral
وش تحليله ياجيداء هذي امور بالتاريخ قبل الاسلام وبعد الاسلام فلسفتك مو بمحلها,neutral,neutral,Negative
حتى لو ايفون 4 ابيه 😢💔,positive,positive,Negative
فيه مثل عظيم في مصر بيقول .. الخلفة الوسخة بتجيب لاهلها التهزيق .. سامع يا سيسي,negative,negative,Negative
مقيمة جاده و لامانع من تعدد الزوجات,neutral,neutral,Neutral
أخبار برشلونة اليوم.. جوارديولا سعيد بالعودة لكامب نو.. وتشافى يدعم بيكيه - اليوم السابع #برشلونة,positive,positive,Positive
: مصادري اكلتها الصخول والله عاد كيفي مو عاجبك في مكتبات في كتب في جوجل محرك بحث مخك نص ربية ندور بدالك مثلا,negative,negative,Negative
حفاظا على خصوصيتك.. كيف تخفي الصور في هاتفك.. أندرويد أو آيفون #اليوم_الثلاثاء,neutral,neutral,Neutral
حملت جستن بيبر كي اشعر بالسعاده😭😭😭😭😂😂,positive,positive,Positive
: مناكفة سيسي للملكه بشأن سوريا ومساندته القويه لبشار والعدوان الروسي وخذلانه في البمن يؤكد أنه جزء من مشروع تقسيم المنطق…,negative,negative,Negative
: #أهلي_جدة السعودي يواجه #برشلونة وديا في قطر #كورة #رياضة,neutral,neutral,Neutral
"شقيقة بيونسيه تنافسها وكريغ لن يترك جيمس بوند: يبدو أن دانيال كريغ غير رأيه حيال أداء دور ""جيمس بوند”، كما أن...",positive,neutral,Neutral
: عندما اسقطت امريكا قنبلة هيروشيما ماذا حدث؟... #الارهاب_صناعه_امريكيه_لاسعوديه,negative,negative,Negative
: مطعم نافيرا navarra في باسيو دي غراسيا أحد الشوارع الرئيسية في #برشلونة. #موسوعة_المسافر,neutral,neutral,Neutral
على ما يبدو.. المنازل ستصبح ذكية هي الأخرى! وهذا ما تقدمه لك #غوغل لتحصل على هذه الميزة الحديثة,positive,positive,Neutral
: #اهل_الذوق_للدعم#قروب_جنون_للدعم#عبير_للدعم ياراقدا والفجر ينتحب الدمع من عينيه ينسكب ألم تسمع الأنباء عن حلب ؟د…,negative,negative,Negative
: #القبض_علي_ممدوح_الشمري،..عقبال السبيكه فيحان((ههههههها خدعتكم وكانني جستن بيري ((جاستن بيبر,neutral,negative,Negative
#قروب_المحبه_والموده#قروب_فيدرر_للدعمعبارة مريحه :إن الله لا ينسى قلبا لجأ إليه.,positive,positive,Positive
معش تضربوا عويلكم لبسوهم ماليات عليهن صور *جستن بيبر* و خلوهم يمشو بيهن للمدرسة و توا يضربوهم العويل إلي غادي,negative,negative,Negative
هل تنتهي حكاية ميسي برشلونة قريبا ؟ - سواليف رياضة,neutral,neutral,Neutral
ظهور صور ساعة HTC Halfbeak بنظام أندرويد وير #ريال_مدريد #برشلونة,positive,neutral,Neutral
أوباما شاهد زور في سورية - مقالات,negative,negative,Negative
القم ياوضيع هذا حال منتخبك بدون ميسي,neutral,negative,Negative
: #افضل_طقم_لروجر_فيدررحرام أذكر طقم واحد ، أطقم كثيره حلوه و كشخهودائما الأحمر أجمل على #فيدريروهذا الطقم جدا عجبني ا…,positive,positive,Positive
: #السيسي_حليف_بشار_الاسدوإيه الجديد!!القاتل واحد..والهدف واحد جنون السلطة والحكم#جنرالات يقتلون شعوبهم تحت مسمى محاربة الإ…,negative,negative,Negative
قال رسول الله ﷺ(إذا سمعتم الطاعون بأرض، فلا تدخلوها، وإذا وقع بأرض، وأنتم فيها، فلا تخرجوا منها) رياض الصالحين #ريال_مدريد,neutral,neutral,Neutral
: ماركا | لم ينهزم ريال مدريد في أخر 23 مباراة دون سرخيو راموس محققا 20 فوز و 3 تعادلات.,positive,positive,Neutral
: #مليارات_العمره_على_هوى_مصر سقوط بشار الكلب معناة سقوط سيسي,negative,negative,Negative
حد معاه ويندوز 10 ؟,neutral,neutral,Negative
#أونا| #غوغل تعرض هواتفها الجديدة بسعة تخزين لانهائيةالتفاصيل ..,positive,positive,Neutral
